Literal,row_count,unique_codes,unique_y_categories,codes,y_categories,is_duplicate_literal,same_literal_multiple_codes,same_literal_multiple_y_categories
obesidad parto,14,14,3,E669 | O99344 | O99892 | Z370 | Z3A36 | Z3A40 | Z6711 | Z6830 | Z6831 | Z6832 | Z6834 | Z6835 | Z6836 | Z6838,E | O | Z,True,True,True
Fumadora part,13,13,8,64901 | E669 | F1410 | J45909 | K220 | K226 | N200 | O26833 | O99214 | O99324 | O99344 | O9962 | Z6835,6 | E | F | J | K | N | O | Z,True,True,True
hipotiroidismo part,13,13,7,2449 | 64811 | E063 | E669 | F329 | G35 | G43909 | G9741 | O746 | O99284 | O99354 | O9962 | Z6835,2 | 6 | E | F | G | O | Z,True,True,True
Asma parto,12,12,8,64891 | E6601 | F1011 | I340 | J45909 | J8410 | J9811 | O99314 | Q251 | Q767 | Z370 | Z6833,6 | E | F | I | J | O | Q | Z,True,True,True
Hipotiroidismo parto,12,12,5,2449 | 64811 | E038 | E039 | E041 | E282 | E669 | O9852 | O99214 | O99284 | O99892 | Z6841,2 | 6 | E | O | Z,True,True,True
Hipotiroidismo part,11,11,7,2449 | 64811 | D352 | E282 | E701 | F1010 | F1411 | O99284 | O99285 | O99314 | Z370,2 | 6 | D | E | F | O | Z,True,True,True
obesidad part,11,11,5,27800 | 64911 | E039 | E669 | O99214 | O99284 | Z370 | Z6830 | Z6833 | Z6836 | Z6841,2 | 6 | E | O | Z,True,True,True
hipotiroidismo parto,10,10,6,2449 | 64811 | D6861 | E038 | K5190 | O9832 | O9912 | O99284 | O99354 | O9962,2 | 6 | D | E | K | O,True,True,True
Obesidad part,9,9,6,27800 | 64911 | D696 | E669 | O9852 | O99214 | Z228 | Z370 | Z6832,2 | 6 | D | E | O | Z,True,True,True
asma parto,9,9,5,64891 | E669 | I498 | O99214 | O99344 | O9942 | O9952 | Z3A39 | Z975,6 | E | I | O | Z,True,True,True
Fumadora parto,8,8,6,64901 | D6861 | F1210 | F1211 | N049 | O99324 | O99354 | Z370,6 | D | F | N | O | Z,True,True,True
Asma part,7,7,3,D259 | D509 | J45909 | O3413 | O99354 | O9952 | O9972,D | J | O,True,True,True
HPV parto,7,7,4,B977 | D069 | G43909 | O3443 | O9832 | O9852 | O99354,B | D | G | O,True,True,True
Ansiedad parto,6,6,4,64841 | F419 | G43909 | O99343 | O99344 | O99354,6 | F | G | O,True,True,True
Escoliosis parto,6,6,5,64871 | 73730 | D563 | O9852 | O9902 | U071,6 | 7 | D | O | U,True,True,True
Mioma parto,6,6,5,65411 | D259 | F419 | O3413 | O99344 | Z370,6 | D | F | O | Z,True,True,True
ansiedad part,6,6,4,E039 | F419 | F429 | O99284 | O99344 | Z370,E | F | O | Z,True,True,True
hta icc,6,6,2,I110 | I482 | I5030 | I50810 | I509 | J22,I | J,True,True,True
Celiaca parto,5,5,4,5790 | 64891 | K900 | O99284 | O9962,5 | 6 | K | O,True,True,True
Hepatitis B parto,5,5,3,B181 | D6861 | O98413 | O9842 | O9912,B | D | O,True,True,True
Herpes genital parto,5,5,5,05410 | 64761 | A609 | O9832 | Z370,0 | 6 | A | O | Z,True,True,True
Histerectomia,5,5,5,0UT90ZZ | 6849 | E8786 | V8801 | Z90710,0 | 6 | E | V | Z,True,True,True
Obesidad morbida parto,5,5,5,27801 | 64911 | E6601 | O99214 | Z6842,2 | 6 | E | O | Z,True,True,True
Obesidad parto,5,5,5,27800 | 64911 | E669 | O480 | Z6838,2 | 6 | E | O | Z,True,True,True
asma part,5,5,5,49390 | 64891 | J449 | O99214 | Z6831,4 | 6 | J | O | Z,True,True,True
covid parto,5,5,3,O2662 | O6014X0 | O9852 | U071 | Z370,O | U | Z,True,True,True
doble anexectomia,5,5,3,0UT20ZZ | 0UT70ZZ | 6561 | Z90722 | Z9079,0 | 6 | Z,True,True,True
itu 3t,5,5,4,B9620 | N390 | O09523 | O23593 | Z3A32,B | N | O | Z,True,True,True
ltb,5,5,4,0UL70ZZ | 6632 | V252 | Z302 | Z9851,0 | 6 | V | Z,True,True,True
migraña parto,5,5,4,64891 | D6861 | O9912 | O99354 | Z370,6 | D | O | Z,True,True,True
mioma parto,5,5,4,2189 | 65411 | D251 | D259 | O3413,2 | 6 | D | O,True,True,True
obesidad mórbida part,5,5,4,64911 | E6601 | O99214 | O99824 | Z6841,6 | E | O | Z,True,True,True
plaquetopenia parto,5,5,5,2875 | 64931 | D696 | O9912 | Z370,2 | 6 | D | O | Z,True,True,True
shock septico,5,5,5,78552 | A419 | I129 | N189 | R6521,7 | A | I | N | R,True,True,True
Abdominalgia en gestante,4,4,3,N80121 | O3483 | O99891 | R109,N | O | R,True,True,True
Covid parto,4,4,4,O9852 | R05 | U071 | Z370,O | R | U | Z,True,True,True
Crohn parto,4,4,4,5559 | K5090 | O9962 | Z370,5 | K | O | Z,True,True,True
HPV part,4,4,3,B977 | N871 | O3443 | O9852,B | N | O,True,True,True
HTA irc 6,4,4,4,D649 | N186 | Y831 | Z940,D | N | Y | Z,True,True,True
Hipoacusia parto,4,4,3,H9190 | O9989 | O99891 | Z8614,H | O | Z,True,True,True
Hipotiroidismo 3t,4,4,3,M329 | O99283 | O99891 | Z87440,M | O | Z,True,True,True
Hipotiroidismo qx parto,4,4,2,E559 | E8351 | E890 | O99284,E | O,True,True,True
Histerectomía radical,4,4,2,0UT40ZZ | 0UT90ZZ | 0UTC0ZZ | 6869,0 | 6,True,True,True
Ligadura tubárica,4,4,3,0UL70ZZ | V252 | V2651 | Z9851,0 | V | Z,True,True,True
Migrañas parto,4,4,3,34690 | G43909 | O99354 | O9989,3 | G | O,True,True,True
Neumonia COVID parto,4,4,3,J1289 | O134 | O9852 | U071,J | O | U,True,True,True
Rasgo talasémico part,4,4,3,D563 | F4320 | O9902 | O99214,D | F | O,True,True,True
SOP part,4,4,3,E282 | O99284 | O9989 | Z370,E | O | Z,True,True,True
Tabaco part,4,4,2,F1010 | F17210 | O99314 | O99334,F | O,True,True,True
Tabaco parto,4,4,3,F17210 | O99214 | O99334 | Z3A41,F | O | Z,True,True,True
adenoamigdalectomia,4,4,3,0CTPXZZ | 0CTQXZZ | 283 | J353,0 | 2 | J,True,True,True
anemia part,4,4,4,64821 | D649 | O9902 | Z372,6 | D | O | Z,True,True,True
anemia parto,4,4,4,2859 | 64821 | O9902 | Z370,2 | 6 | O | Z,True,True,True
bronquiolitis vrs rn,4,4,2,J210 | P285 | P2889 | P393,J | P,True,True,True
colestasis part,4,4,4,64671 | K831 | O2662 | Z370,6 | K | O | Z,True,True,True
colestasis parto,4,4,4,5768 | 64671 | K831 | O700,5 | 6 | K | O,True,True,True
colon irritable parto,4,4,3,5641 | K589 | O9912 | O9962,5 | K | O,True,True,True
crohn parto,4,4,3,K5090 | O99354 | O9962 | Z370,K | O | Z,True,True,True
ecografía,4,4,2,8875 | 8876 | BW40ZZZ | BY4FZZZ,8 | B,True,True,True
endometriosis parto,4,4,3,D259 | N809 | O9989 | O99891,D | N | O,True,True,True
escoliosis part,4,4,3,D696 | M419 | O9912 | O9989,D | M | O,True,True,True
fumadora part,4,4,3,64901 | O9852 | O99334 | Z228,6 | O | Z,True,True,True
fumadora parto,4,4,3,64901 | O99334 | Z370 | Z3A30,6 | O | Z,True,True,True
hernia inguinal izquierda,4,4,3,0YU60JZ | 5305 | 55090 | K4090,0 | 5 | K,True,True,True
hipotir parto,4,4,4,D252 | E039 | O3413 | Z3A40,D | E | O | Z,True,True,True
hipotiroidisme part,4,4,3,2449 | E669 | O99214 | O99284,2 | E | O,True,True,True
hipotiroidismo 3t,4,4,3,E039 | K8020 | O99283 | O99613,E | K | O,True,True,True
histerectomia,4,4,4,0UT90ZZ | E8786 | V8801 | Z90710,0 | E | V | Z,True,True,True
histerectomía total,4,4,3,0UT90ZZ | 0UTC0ZZ | 6849 | Z90710,0 | 6 | Z,True,True,True
neutropenia febril qt,4,4,4,C222 | D701 | R5081 | T451X5A,C | D | R | T,True,True,True
obesidad morbida parto,4,4,3,E6601 | O99214 | Z6841 | Z6843,E | O | Z,True,True,True
obesidad mórbida parto,4,4,4,27801 | 64911 | E6601 | O99214,2 | 6 | E | O,True,True,True
obesitat part,4,4,4,64911 | E669 | O99214 | Z6836,6 | E | O | Z,True,True,True
podálica,4,4,2,66001 | O321XX0 | O322XX0 | O328XX0,6 | O,True,True,True
punción dural posparto,4,4,4,34931 | 66882 | G9741 | O746,3 | 6 | G | O,True,True,True
qt,4,4,4,3E03305 | 9925 | V5811 | Z9221,3 | 9 | V | Z,True,True,True
septoplastia,4,4,4,09SM0ZZ | 2188 | 470 | J342,0 | 2 | 4 | J,True,True,True
Adenoamigdalectomía,3,3,2,0CTPXZZ | 0CTQXZZ | J353,0 | J,True,True,True
Alérgica a amoxicilina,3,3,2,V140 | V141 | Z880,V | Z,True,True,True
Amniorrexis artificial,3,3,2,10907ZC | 10908ZC | 7309,1 | 7,True,True,True
Anemia part,3,3,3,64821 | D649 | O9902,6 | D | O,True,True,True
Anemia posparto,3,3,3,2851 | 64822 | O9903,2 | 6 | O,True,True,True
Anexectomía,3,3,2,V4577 | Z90722 | Z9079,V | Z,True,True,True
Ansiedad part,3,3,2,F419 | O99343 | O99344,F | O,True,True,True
Anti D,3,3,2,3E0234Z | O26893 | O360130,3 | O,True,True,True
Anti-D,3,3,2,3E0234Z | O26893 | O360130,3 | O,True,True,True
CIN II parto,3,3,3,B977 | N871 | O3443,B | N | O,True,True,True
COLESTASIS part,3,3,2,K831 | O1205 | O2662,K | O,True,True,True
COVID part,3,3,3,O9852 | U071 | Z370,O | U | Z,True,True,True
Cardiopatía isquémica,3,3,2,4148 | 4149 | I259,4 | I,True,True,True
Cefalea,3,3,2,7840 | R51 | R519,7 | R,True,True,True
Cesárea,3,3,3,10D00Z1 | 741 | O82,1 | 7 | O,True,True,True
Cistocele,3,3,3,0JQC0ZZ | 61801 | N8110,0 | 6 | N,True,True,True
Claudicacion intermitente,3,3,2,44021 | 4439 | I739,4 | I,True,True,True
Colelitiasis parto,3,3,3,64891 | K8020 | O9962,6 | K | O,True,True,True
Colestasis parto,3,3,3,K831 | O2662 | Z370,K | O | Z,True,True,True
Cólicos nefríticos de repetición,3,3,2,V1301 | V1309 | Z87448,V | Z,True,True,True
DA,3,3,2,0UT20ZZ | 0UT70ZZ | V4577,0 | V,True,True,True
Depresión,3,3,2,311 | F329 | F32A,3 | F,True,True,True
Depresión parto,3,3,2,F329 | O99343 | O99344,F | O,True,True,True
Desgarro,3,3,3,0WQNXZZ | 66441 | O700,0 | 6 | O,True,True,True
Desgarro tipo I,3,3,3,66401 | 7569 | O700,6 | 7 | O,True,True,True
ECOTV,3,3,2,8878 | 8879 | BU46ZZZ,8 | B,True,True,True
Ecografía,3,3,2,8879 | BW40ZZZ | BY4FZZZ,8 | B,True,True,True
Endometriosis part,3,3,2,N809 | O9989 | O99892,N | O,True,True,True
Esclerosis múltiple parto,3,3,3,G35 | O99354 | Z370,G | O | Z,True,True,True
Espondilitis anquilosante parto,3,3,2,M459 | O480 | O99891,M | O,True,True,True
Estancamiento pondoestatural,3,3,2,78341 | R6251 | R6252,7 | R,True,True,True
Extracción manual de placenta,3,3,3,10D17Z9 | 754 | O730,1 | 7 | O,True,True,True
FUMADORA part,3,3,3,64901 | F17210 | O99334,6 | F | O,True,True,True
Gonartrosis,3,3,2,71536 | M1710 | M179,7 | M,True,True,True
Graves,3,3,3,24200 | E0500 | O99284,2 | E | O,True,True,True
HTA ERC 3,3,3,3,I129 | N1830 | R809,I | N | R,True,True,True
HTA ERC icc,3,3,2,I130 | I509 | N189,I | N,True,True,True
HTA IRC icc,3,3,2,I130 | I509 | N189,I | N,True,True,True
HTA icc irc,3,3,2,I130 | I509 | N189,I | N,True,True,True
HTA irc 4 icc,3,3,2,I130 | I509 | N184,I | N,True,True,True
HTA irc ICC,3,3,2,I130 | I509 | N189,I | N,True,True,True
HTA parto,3,3,3,4019 | 64201 | O1002,4 | 6 | O,True,True,True
HTP,3,3,2,4168 | I272 | I2720,4 | I,True,True,True
Hashimoto parto,3,3,3,E063 | M419 | O99354,E | M | O,True,True,True
Hemorroides internas,3,3,2,4550 | 4552 | K648,4 | K,True,True,True
Hepatocarcinoma,3,3,3,1550 | 81703 | C220,1 | 8 | C,True,True,True
Hipercolesterolemia parto,3,3,2,2720 | E780 | E7800,2 | E,True,True,True
Hipertensión Insuficiencia cardíaca,3,3,3,F05 | I110 | R296,F | I | R,True,True,True
Hipertiroidismo part,3,3,2,D6851 | O9912 | O99284,D | O,True,True,True
Hipertransaminasemia,3,3,2,7904 | R740 | R7401,7 | R,True,True,True
Hipertrofia benigna de próstata,3,3,2,60020 | 60090 | N400,6 | N,True,True,True
Hipotirodismo part,3,3,3,E039 | O99284 | Z370,E | O | Z,True,True,True
Hipotiroidismo PART,3,3,2,E039 | O99284 | O99285,E | O,True,True,True
Histerectomia total,3,3,2,0UT90ZZ | 0UTC0ZZ | 6849,0 | 6,True,True,True
Histerectomía total,3,3,3,0UTC0ZZ | 6849 | Z90710,0 | 6 | Z,True,True,True
ILE,3,3,3,10A07ZZ | 63590 | Z332,1 | 6 | Z,True,True,True
Lumbalgia,3,3,2,7242 | M545 | M5450,7 | M,True,True,True
Mastectomia,3,3,3,8541 | V4571 | Z9010,8 | V | Z,True,True,True
Mastectomia bilateral,3,3,3,0HTV0ZZ | 8542 | Z9013,0 | 8 | Z,True,True,True
Mastectomía derecha,3,3,3,0HTT0ZZ | 8541 | Z9011,0 | 8 | Z,True,True,True
Miopia parto,3,3,3,64891 | H5210 | O9989,6 | H | O,True,True,True
NST no tranquilizador,3,3,2,65681 | 65971 | O76,6 | O,True,True,True
Nefrectomía radical derecha,3,3,2,0TB60ZZ | 0TT00ZZ | 8E0W0CZ,0 | 8,True,True,True
O2,3,3,3,3E0F7SF | 9396 | V462,3 | 9 | V,True,True,True
PART,3,3,3,10E0XZZ | 7359 | O80,1 | 7 | O,True,True,True
PEG,3,3,3,0DH63UZ | 4311 | BW25ZZZ,0 | 4 | B,True,True,True
PROSTATECTOMIA RADICAL,3,3,2,0VT00ZZ | 0VT30ZZ | 8E0W0CZ,0 | 8,True,True,True
PROSTATECTOMÍA RADICAL,3,3,2,0VT00ZZ | 0VT30ZZ | 8E0W0CZ,0 | 8,True,True,True
Parto,3,3,3,650 | 7359 | O80,6 | 7 | O,True,True,True
Psoriasis part,3,3,3,E669 | L409 | O9972,E | L | O,True,True,True
Psoriasis parto,3,3,3,64891 | L409 | O9972,6 | L | O,True,True,True
Punción dural posparto,3,3,3,66882 | G9741 | O746,6 | G | O,True,True,True
RTU vesical,3,3,3,0TBB8ZZ | V4574 | Z906,0 | V | Z,True,True,True
Rinitis alergica parto,3,3,3,D252 | J309 | O9952,D | J | O,True,True,True
Rubeola no inmune,3,3,3,D649 | O9902 | Z228,D | O | Z,True,True,True
SAHS,3,3,2,32723 | G4733 | G4739,3 | G,True,True,True
Septoplastia,3,3,3,09SM0ZZ | 2188 | J342,0 | 2 | J,True,True,True
Sinusitis parto,3,3,3,G43909 | J329 | O99354,G | J | O,True,True,True
Sondaje vesical,3,3,2,0T9B70Z | 0T9B7ZZ | 5794,0 | 5,True,True,True
Tiroiditis parto,3,3,2,L52 | O99284 | O9972,L | O,True,True,True
Trombocitopenia parto,3,3,3,D696 | O9912 | Z370,D | O | Z,True,True,True
VHB parto,3,3,2,B181 | O9842 | O9852,B | O,True,True,True
Vaginoitis parto,3,3,3,N760 | O23593 | Z3A34,N | O | Z,True,True,True
aborto,3,3,3,10A07ZX | 63490 | O039,1 | 6 | O,True,True,True
adherencias part,3,3,2,D72829 | O9912 | O9962,D | O,True,True,True
adhesiolisis,3,3,3,0DNW0ZZ | 5459 | 6146,0 | 5 | 6,True,True,True
amigdalectomia,3,3,3,0CTPXZZ | 282 | E8786,0 | 2 | E,True,True,True
amniorrexis,3,3,2,10907ZC | O4202 | O4292,1 | O,True,True,True
amoxicilina,3,3,3,3E03329 | 9921 | V141,3 | 9 | V,True,True,True
anemia 2t,3,3,2,D649 | Z3A17 | Z3A20,D | Z,True,True,True
anemia 3t,3,3,3,D649 | O99013 | Z3A34,D | O | Z,True,True,True
anemia ferropénica parto,3,3,3,64821 | D509 | O9902,6 | D | O,True,True,True
anemia posparto,3,3,2,64822 | O9081 | O9903,6 | O,True,True,True
anemización,3,3,2,2859 | D62 | D649,2 | D,True,True,True
anexectomia izquierda,3,3,2,0UT10ZZ | 0UT60ZZ | 6549,0 | 6,True,True,True
anexectomía bilateral,3,3,3,0UT70ZZ | 6563 | Z90722,0 | 6 | Z,True,True,True
anexectomía izquierda,3,3,2,0UT10ZZ | 0UT60ZZ | 6549,0 | 6,True,True,True
ansiedad parto,3,3,2,F418 | F419 | O99344,F | O,True,True,True
ansioso part,3,3,3,64841 | F419 | O99344,6 | F | O,True,True,True
anti d,3,3,2,3E0234Z | O26893 | O360130,3 | O,True,True,True
antibiotic,3,3,3,3E03329 | 9921 | E9308,3 | 9 | E,True,True,True
asma 2t,3,3,2,J209 | J45909 | O99512,J | O,True,True,True
bronquiectasias,3,3,2,4940 | 4941 | J471,4 | J,True,True,True
cannabis part,3,3,2,F1020 | F1210 | O99314,F | O,True,True,True
cardiopatía isquémica,3,3,2,4148 | 4149 | I259,4 | I,True,True,True
cesarea anterior,3,3,2,65421 | O3421 | O34211,6 | O,True,True,True
cistocele,3,3,3,0JQC0ZZ | 61801 | N8110,0 | 6 | N,True,True,True
colitis ulcerosa parto,3,3,3,64891 | K5190 | O9962,6 | K | O,True,True,True
corticoides,3,3,3,3E0333Z | 9923 | Z7952,3 | 9 | Z,True,True,True
da,3,3,2,0UT20ZZ | 0UT70ZZ | V4577,0 | V,True,True,True
doble anexectomía,3,3,3,07BC0ZX | 6561 | V4577,0 | 6 | V,True,True,True
enf parto,3,3,2,64891 | O9989 | O99892,6 | O,True,True,True
epilepsia parto,3,3,2,G40909 | O99354 | O9942,G | O,True,True,True
escoliosis parto,3,3,3,M419 | O9989 | Q774,M | O | Q,True,True,True
fibromialgia parto,3,3,2,M797 | O9989 | O99891,M | O,True,True,True
hashimoto part,3,3,2,E063 | E7211 | O99284,E | O,True,True,True
hernia de hiato parto,3,3,3,64891 | K449 | O9962,6 | K | O,True,True,True
hernia discal L5-S1 parto,3,3,2,M5127 | O9989 | O99891,M | O,True,True,True
hernia discal parto,3,3,2,M5126 | O9989 | O99891,M | O,True,True,True
hernia umbilical,3,3,2,0WQF0ZZ | 5341 | 5531,0 | 5,True,True,True
herpes genital parto,3,3,3,05410 | A609 | O9832,0 | A | O,True,True,True
hipercolesterolemia,3,3,2,2720 | E780 | E7800,2 | E,True,True,True
hiperlipemia part,3,3,3,E785 | O99284 | Z3A40,E | O | Z,True,True,True
hipospadias,3,3,3,0TSD0ZZ | 75261 | Q549,0 | 7 | Q,True,True,True
hipotiroidsimo part,3,3,2,E039 | E282 | O99284,E | O,True,True,True
histerectomía,3,3,3,6849 | V8801 | Z90710,6 | V | Z,True,True,True
ht,3,3,2,0UT90ZZ | 0UTC0ZZ | 6849,0 | 6,True,True,True
hta icc irc 3,3,3,2,I130 | I509 | N183,I | N,True,True,True
hta irc icc,3,3,3,C3412 | I509 | K269,C | I | K,True,True,True
ileostomía,3,3,3,0D1B0Z4 | V442 | Z932,0 | V | Z,True,True,True
inmunoglobulinas,3,3,2,30233S1 | 9911 | 9914,3 | 9,True,True,True
insuficiencia venosa parto,3,3,3,D696 | I872 | O9912,D | I | O,True,True,True
insulinoterapia,3,3,3,3E013VG | 9917 | Z794,3 | 9 | Z,True,True,True
intolerancia Lactosa parto,3,3,2,E739 | E7419 | O99284,E | O,True,True,True
intolerancia hidratos de carbono parto,3,3,3,G35 | K9049 | O99354,G | K | O,True,True,True
itu 2t,3,3,3,N390 | O23592 | Z3A27,N | O | Z,True,True,True
legrado,3,3,2,0UDB7ZZ | 0UDB8ZZ | 6902,0 | 6,True,True,True
leucocitosis part,3,3,3,D72829 | O9912 | Z370,D | O | Z,True,True,True
ligadura tubárica,3,3,2,0UL70ZZ | V252 | V2651,0 | V,True,True,True
mastectomia,3,3,3,8541 | V4571 | Z9010,8 | V | Z,True,True,True
migraña part,3,3,3,G43909 | O99214 | Z6832,G | O | Z,True,True,True
mioma part,3,3,3,65411 | D259 | O3413,6 | D | O,True,True,True
miopia parto,3,3,3,3671 | 64891 | O9989,3 | 6 | O,True,True,True
miopía parto,3,3,3,64891 | H5210 | O9989,6 | H | O,True,True,True
nalgas,3,3,2,10D07Z8 | 65221 | 66001,1 | 6,True,True,True
obesida 2t,3,3,3,E669 | O99212 | Z6841,E | O | Z,True,True,True
osteopenia,3,3,2,73390 | 73399 | M8580,7 | M,True,True,True
part,3,3,3,10E0XZZ | 650 | O80,1 | 6 | O,True,True,True
parto,3,3,3,10E0XZZ | 650 | O80,1 | 6 | O,True,True,True
pna 2t,3,3,3,N10 | O2302 | Z3A18,N | O | Z,True,True,True
podalica,3,3,3,10D07Z8 | 65221 | O322XX0,1 | 6 | O,True,True,True
polipo cervix parto,3,3,3,D251 | N841 | O3443,D | N | O,True,True,True
prolapso mitral parto,3,3,3,64861 | I341 | O9942,6 | I | O,True,True,True
prostatectomía radical laparoscópica asistida por robot,3,3,2,07TC4ZZ | 0VT34ZZ | 8E0W4CZ,0 | 8,True,True,True
protesis mamaria,3,3,3,8553 | V4382 | Z9882,8 | V | Z,True,True,True
quimioterapia,3,3,3,3E03305 | 9925 | Z9221,3 | 9 | Z,True,True,True
rubeola no inmune,3,3,3,D696 | O9852 | Z228,D | O | Z,True,True,True
sonda nasogástrica,3,3,2,0D9670Z | 0DH67UZ | 9607,0 | 9,True,True,True
sondaje vesical,3,3,2,0T9B70Z | 0T9B7ZZ | 5794,0 | 5,True,True,True
síndrome antifosfolipido parto,3,3,3,64931 | D6861 | O9912,6 | D | O,True,True,True
traqueostomia,3,3,3,311 | V440 | Z930,3 | V | Z,True,True,True
traqueostomía,3,3,3,0B113F4 | 311 | V440,0 | 3 | V,True,True,True
trombocitopenia parto,3,3,3,64931 | D696 | O9912,6 | D | O,True,True,True
tumor vesical,3,3,3,0TBB8ZZ | C679 | D494,0 | C | D,True,True,True
útero bicorne parto,3,3,3,65401 | O3403 | Q513,6 | O | Q,True,True,True
0020,2,2,2,64631 | O2623,6 | O,True,True,True
2 CCHH,2,2,2,30233N1 | 9904,3 | 9,True,True,True
35 años,2,2,2,65961 | O09523,6 | O,True,True,True
41,2,2,2,O480 | Z3A41,O | Z,True,True,True
617.1,2,2,2,6171 | N801,6 | N,True,True,True
646.31,2,2,2,64631 | O2623,6 | O,True,True,True
65961,2,2,2,65961 | O09523,6 | O,True,True,True
ABORTO,2,2,2,10A07ZX | O039,1 | O,True,True,True
AC x FA,2,2,2,42731 | I4891,4 | I,True,True,True
ACxFA,2,2,2,42731 | I4891,4 | I,True,True,True
ADENOCARCINOMA ENDOMETRIOIDE,2,2,2,83803 | C541,8 | C,True,True,True
ADENOMIOSIS,2,2,2,6170 | N800,6 | N,True,True,True
ALERGIA A CONTRASTES YODADOS,2,2,2,V1508 | Z91041,V | Z,True,True,True
AMO,2,2,2,07DR3ZX | 4131,0 | 4,True,True,True
ARTROSI,2,2,2,71590 | M1990,7 | M,True,True,True
Aborto,2,2,2,10A07ZX | 63490,1 | 6,True,True,True
Absceso de mama,2,2,2,6110 | N611,6 | N,True,True,True
Acondroplasia,2,2,2,7564 | Q774,7 | Q,True,True,True
Acortamiento cervical,2,2,2,64973 | O26873,6 | O,True,True,True
Adenoidectomía,2,2,2,0CTQXZZ | 286,0 | 2,True,True,True
Alcohol parto,2,2,2,F1010 | O99314,F | O,True,True,True
Alergia PENICILINA,2,2,2,V140 | Z880,V | Z,True,True,True
Alergia a AAS,2,2,2,V146 | Z886,V | Z,True,True,True
Alergia a Penicilina,2,2,2,V140 | Z880,V | Z,True,True,True
Alergia a Sulfamidas,2,2,2,V142 | Z882,V | Z,True,True,True
Alergia a polen,2,2,2,V1509 | Z91048,V | Z,True,True,True
Alergia a sulfamidas,2,2,2,V142 | Z882,V | Z,True,True,True
Alergia al látex,2,2,2,V1507 | Z91040,V | Z,True,True,True
Alergia al melocotón,2,2,2,V1505 | Z91018,V | Z,True,True,True
Alergia al polen,2,2,2,J301 | V1509,J | V,True,True,True
Alergia al polvo,2,2,2,V1509 | Z91048,V | Z,True,True,True
Alergia alimento,2,2,2,V1505 | Z91018,V | Z,True,True,True
Alergia penicilina,2,2,2,V140 | Z880,V | Z,True,True,True
Alergias ambientales,2,2,2,V1509 | Z91048,V | Z,True,True,True
Alergica a Penicilina,2,2,2,V140 | Z880,V | Z,True,True,True
Alzheimer,2,2,2,F0280 | G309,F | G,True,True,True
Alérgica a AINES,2,2,2,V146 | Z886,V | Z,True,True,True
Alérgica a Penicilina,2,2,2,V140 | Z880,V | Z,True,True,True
Amniocentesis,2,2,2,10903ZU | 751,1 | 7,True,True,True
Amniorexis artificial,2,2,2,10907ZC | 7309,1 | 7,True,True,True
Amniorrexis espontánea,2,2,2,65811 | O4292,6 | O,True,True,True
Ampicilina,2,2,2,3E03329 | 9921,3 | 9,True,True,True
Analgesia,2,2,2,3E033NZ | 9929,3 | 9,True,True,True
Analgesia endovenosa,2,2,2,3E033NZ | 9929,3 | 9,True,True,True
Anemia 2t,2,2,2,D649 | O99012,D | O,True,True,True
Anemia 3t,2,2,2,D649 | O99013,D | O,True,True,True
Anemia Ferropénica parto,2,2,2,D509 | O9902,D | O,True,True,True
Anemia anteparto,2,2,2,2859 | 64823,2 | 6,True,True,True
Anemia ferropenica anteparto,2,2,2,2809 | 64823,2 | 6,True,True,True
Anemia ferropénica,2,2,2,2809 | D509,2 | D,True,True,True
Anemia ferropénica crónica,2,2,2,2809 | D509,2 | D,True,True,True
Anemia ferropénica part,2,2,2,D509 | O9902,D | O,True,True,True
Anemia normocítica,2,2,2,2859 | D649,2 | D,True,True,True
Anemia postparto,2,2,2,64822 | O9081,6 | O,True,True,True
Anemia sang,2,2,2,2851 | D62,2 | D,True,True,True
Anexectomía bilateral profiláctica,2,2,2,V5042 | Z4002,V | Z,True,True,True
Anexectomía izquierda,2,2,2,0UT60ZZ | Z90721,0 | Z,True,True,True
AngioTC abdominal,2,2,2,8801 | B42CYZZ,8 | B,True,True,True
Ansiedad PARTO,2,2,2,F419 | O99344,F | O,True,True,True
Anti -D,2,2,2,3E0234Z | O360130,3 | O,True,True,True
Anti- D,2,2,2,3E0234Z | O360130,3 | O,True,True,True
Antibioterapia,2,2,2,3E03329 | 9921,3 | 9,True,True,True
Antibioteràpia,2,2,2,3E03329 | 9921,3 | 9,True,True,True
Antibiotico,2,2,2,3E03329 | 9921,3 | 9,True,True,True
Antibioticoteràpia,2,2,2,3E03329 | 9921,3 | 9,True,True,True
Antibióticos,2,2,2,3E03329 | 9921,3 | 9,True,True,True
Antibióticoterapia,2,2,2,3E03329 | 9921,3 | 9,True,True,True
Anèmia,2,2,2,2859 | D649,2 | D,True,True,True
Apendicectomía laparoscópica,2,2,2,0DTJ4ZZ | 4701,0 | 4,True,True,True
Artritis reumatoide parto,2,2,2,M069 | O9989,M | O,True,True,True
Artrosi,2,2,2,71590 | M1990,7 | M,True,True,True
Ascitis,2,2,2,78959 | R188,7 | R,True,True,True
Ascitis maligna,2,2,2,78951 | R180,7 | R,True,True,True
Asma 2t,2,2,2,J45909 | O99512,J | O,True,True,True
Asma bronquial,2,2,2,49390 | J45909,4 | J,True,True,True
Atelectasia,2,2,2,5180 | J9811,5 | J,True,True,True
Atelectasias,2,2,2,5180 | J9811,5 | J,True,True,True
Azitromicina,2,2,2,3E03329 | 9921,3 | 9,True,True,True
BAV de primer grado,2,2,2,42611 | I440,4 | I,True,True,True
BCRDHH,2,2,2,4264 | I4519,4 | I,True,True,True
BIRD,2,2,2,4264 | I4510,4 | I,True,True,True
BIRDHH,2,2,2,4264 | I4519,4 | I,True,True,True
BMN parto,2,2,2,E042 | O99284,E | O,True,True,True
BRDHH,2,2,2,4264 | I4510,4 | I,True,True,True
BRIHH,2,2,2,4263 | I447,4 | I,True,True,True
Bacteriemia,2,2,2,7907 | R7881,7 | R,True,True,True
Bacteriemia posparto,2,2,2,O8689 | R7881,O | R,True,True,True
Bocio multinodular,2,2,2,2411 | E042,2 | E,True,True,True
Bronquiolitis aguda VRS rn,2,2,2,J210 | P2889,J | P,True,True,True
Bronquiolitis aguda vrs rn,2,2,2,J210 | P2889,J | P,True,True,True
Bronquitis crónica parto,2,2,2,J42 | O9952,J | O,True,True,True
CARCINOMA ENDOMETRIOIDE,2,2,2,1820 | 83803,1 | 8,True,True,True
CARCINOMATOSIS PERITONEAL,2,2,2,80106 | C786,8 | C,True,True,True
CDI,2,2,2,1749 | 85003,1 | 8,True,True,True
CESÁREA,2,2,2,10D00Z1 | 741,1 | 7,True,True,True
CIA,2,2,2,7455 | Q211,7 | Q,True,True,True
CIN 1,2,2,2,62211 | N870,6 | N,True,True,True
CIN 3,2,2,2,2331 | D069,2 | D,True,True,True
CIN III,2,2,2,80102 | D069,8 | D,True,True,True
CISTOCELE,2,2,2,0JQC0ZZ | N8110,0 | N,True,True,True
CIV parto,2,2,2,64851 | 7454,6 | 7,True,True,True
COLESTASIS parto,2,2,2,K831 | O2662,K | O,True,True,True
COVID PARTO,2,2,2,O9852 | U071,O | U,True,True,True
COVID parto,2,2,2,U071 | Z370,U | Z,True,True,True
COVID rn,2,2,2,P358 | U071,P | U,True,True,True
COVid parto,2,2,2,O9852 | U071,O | U,True,True,True
CPAP,2,2,2,5A09457 | Z9989,5 | Z,True,True,True
CUMS,2,2,2,8776 | BT1BZZZ,8 | B,True,True,True
Ca de endometrio,2,2,2,1820 | C541,1 | C,True,True,True
Canalizacion de via periferica,2,2,2,05HY33Z | 3893,0 | 3,True,True,True
Canalización de vía periférica,2,2,2,05HY33Z | 3893,0 | 3,True,True,True
Candidiasis vaginal 3t,2,2,2,B373 | O98813,B | O,True,True,True
Cannabis part,2,2,2,F1210 | O99324,F | O,True,True,True
Cannabis parto,2,2,2,F1210 | O99324,F | O,True,True,True
Carcinoma de cervix,2,2,2,1809 | C539,1 | C,True,True,True
Carcinoma endometrioide,2,2,2,83803 | C541,8 | C,True,True,True
Carcinomatosis peritoneal,2,2,2,1976 | C786,1 | C,True,True,True
Cardiopatia isquemica,2,2,2,4149 | I259,4 | I,True,True,True
Cardiopatía isquémica crónica,2,2,2,4149 | I259,4 | I,True,True,True
Cavernoma,2,2,2,91210 | D1802,9 | D,True,True,True
Cefalea postpunción dural,2,2,2,3490 | O745,3 | O,True,True,True
Celiaca part,2,2,2,K900 | O9962,K | O,True,True,True
Cerclaje cervical,2,2,2,0UVC7DZ | 6759,0 | 6,True,True,True
Cesarea ant,2,2,2,65421 | O34219,6 | O,True,True,True
Cesarea anterior,2,2,2,65421 | O34219,6 | O,True,True,True
Cesárea ant,2,2,2,65421 | O34219,6 | O,True,True,True
Chagas part,2,2,2,B571 | O9862,B | O,True,True,True
Chron,2,2,2,5559 | K5090,5 | K,True,True,True
Ciatalgia,2,2,2,7243 | M5430,7 | M,True,True,True
Cirrosis hepática por VHC,2,2,2,B182 | K7469,B | K,True,True,True
Cistitis,2,2,2,5950 | N3090,5 | N,True,True,True
Cistitis de repetición,2,2,2,V1302 | Z87440,V | Z,True,True,True
Colangitis,2,2,2,5761 | K8309,5 | K,True,True,True
Colecistitis aguda litiásica,2,2,2,57400 | K8000,5 | K,True,True,True
Colelitiasis part,2,2,2,K8020 | O9962,K | O,True,True,True
Colestasis part,2,2,2,K831 | Z370,K | Z,True,True,True
Colitis ulcerosa parto,2,2,2,K660 | O9962,K | O,True,True,True
Colon irritable part,2,2,2,K589 | O9962,K | O,True,True,True
Colostomía,2,2,2,V443 | Z933,V | Z,True,True,True
Colón irritable parto,2,2,2,K589 | O9962,K | O,True,True,True
Conización,2,2,2,0UBC8ZZ | 672,0 | 6,True,True,True
Conjuntivitis alérgica,2,2,2,37214 | H1045,3 | H,True,True,True
Convulsions febrils,2,2,2,78031 | R5600,7 | R,True,True,True
Corticoides,2,2,2,3E0333Z | 9923,3 | 9,True,True,True
Corynebacterium,2,2,2,04185 | B9689,0 | B,True,True,True
Covid Parto,2,2,2,O9852 | U071,O | U,True,True,True
Covid part,2,2,2,O9852 | U071,O | U,True,True,True
Coxartrosis,2,2,2,71535 | M1610,7 | M,True,True,True
Criptorquidia,2,2,2,75251 | Q5310,7 | Q,True,True,True
Crisis epilépticas,2,2,2,34590 | G40909,3 | G,True,True,True
Crohn,2,2,2,5559 | K5090,5 | K,True,True,True
Cuadro depresivo,2,2,2,311 | F329,3 | F,True,True,True
Cuerpo extraño esofágico,2,2,2,0DC58ZZ | T18198A,0 | T,True,True,True
Cándidiasis vaginal parto,2,2,2,B373 | O9882,B | O,True,True,True
DAI,2,2,2,V4502 | Z95810,V | Z,True,True,True
DIABETES,2,2,2,25000 | E119,2 | E,True,True,True
DIU,2,2,2,V4551 | Z975,V | Z,True,True,True
DL,2,2,2,2724 | E785,2 | E,True,True,True
DM,2,2,2,25000 | E119,2 | E,True,True,True
DM tipo 2,2,2,2,25000 | E119,2 | E,True,True,True
DM2,2,2,2,25000 | E119,2 | E,True,True,True
DMII,2,2,2,25000 | E119,2 | E,True,True,True
DMNID,2,2,2,25000 | E119,2 | E,True,True,True
DTT,2,2,2,099500Z | 2001,0 | 2,True,True,True
Demencia,2,2,2,2900 | F0390,2 | F,True,True,True
Demencia por cuerpos de Lewy,2,2,2,F0280 | G3183,F | G,True,True,True
Depresion part,2,2,2,F329 | O99344,F | O,True,True,True
Depresion parto,2,2,2,F329 | O99344,F | O,True,True,True
Depresión part,2,2,2,F329 | O99344,F | O,True,True,True
Dermatitis,2,2,2,6929 | L309,6 | L,True,True,True
Dermatitis atòpica,2,2,2,6918 | L209,6 | L,True,True,True
Dermatitis atópica,2,2,2,6918 | L209,6 | L,True,True,True
Dermatitis atópica parto,2,2,2,L209 | O9972,L | O,True,True,True
Dermatitis de contacto parto,2,2,2,L259 | O9972,L | O,True,True,True
Dermatitis part,2,2,2,L309 | O9972,L | O,True,True,True
Derrame pericárdico,2,2,2,42090 | I313,4 | I,True,True,True
Derrame pleural bilateral,2,2,2,5119 | J90,5 | J,True,True,True
Desgarro 2,2,2,2,0KQM0ZZ | O701,0 | O,True,True,True
Desgarro I (,2,2,2,0HQ9XZZ | O700,0 | O,True,True,True
"Desgarro I,",2,2,2,0HQ9XZZ | O700,0 | O,True,True,True
Desgarro II grado,2,2,2,0KQM0ZZ | 7569,0 | 7,True,True,True
Desgarro IIIA,2,2,2,0DQR0ZZ | O7021,0 | O,True,True,True
Desgarro IIIB,2,2,2,0DQR0ZZ | O7022,0 | O,True,True,True
Desgarro IIIb,2,2,2,0DQR0ZZ | O7022,0 | O,True,True,True
Desgarro de I grado,2,2,2,0HQ9XZZ | 7569,0 | 7,True,True,True
Desgarro perineal IIIA,2,2,2,0DQR0ZZ | O7021,0 | O,True,True,True
Desgarro perineal IIIa,2,2,2,0DQR0ZZ | O7021,0 | O,True,True,True
Desviacion septal,2,2,2,09SM0ZZ | J342,0 | J,True,True,True
Deterioro cognitivo,2,2,2,2949 | F09,2 | F,True,True,True
Deterioro cognitivo leve,2,2,2,33183 | G3184,3 | G,True,True,True
Dexametasona,2,2,2,3E0333Z | 9923,3 | 9,True,True,True
Diabetes,2,2,2,25000 | E119,2 | E,True,True,True
Diabetes Mellitus,2,2,2,25000 | E119,2 | E,True,True,True
Diabetes mellitus,2,2,2,25000 | E119,2 | E,True,True,True
Diabetis,2,2,2,25000 | E119,2 | E,True,True,True
Diabetis Gestacional,2,2,2,64881 | O24429,6 | O,True,True,True
Diabetis insípida,2,2,2,2535 | E232,2 | E,True,True,True
Dilatación esofágica,2,2,2,0D758ZZ | 4292,0 | 4,True,True,True
Dilsipemia,2,2,2,2724 | E785,2 | E,True,True,True
Dinámica uterina,2,2,2,66123 | O622,6 | O,True,True,True
Dislipemia,2,2,2,2724 | E785,2 | E,True,True,True
Dislipemia mixta,2,2,2,2722 | E782,2 | E,True,True,True
Dislipemia parto,2,2,2,E785 | O99284,E | O,True,True,True
Dislipidemia,2,2,2,2724 | E785,2 | E,True,True,True
Dislipémia,2,2,2,2724 | E785,2 | E,True,True,True
Dislpemia,2,2,2,2724 | E785,2 | E,True,True,True
Dismenorrea,2,2,2,6253 | N946,6 | N,True,True,True
Disnea,2,2,2,78609 | R0600,7 | R,True,True,True
Dispareunia,2,2,2,6250 | N9410,6 | N,True,True,True
Displasia renal,2,2,2,75315 | Q614,7 | Q,True,True,True
Displàsia cervical parto,2,2,2,N879 | O3443,N | O,True,True,True
Distocia de hombros,2,2,2,10S07ZZ | O660,1 | O,True,True,True
Dolicocolon,2,2,2,7515 | Q438,7 | Q,True,True,True
Dolor abdominal,2,2,2,78900 | R109,7 | R,True,True,True
Dolor crónico,2,2,2,33829 | G8929,3 | G,True,True,True
Dolor pélvico crónico,2,2,2,6259 | R102,6 | R,True,True,True
Déficit B12,2,2,2,2662 | E538,2 | E,True,True,True
Déficit de factor VII,2,2,2,2863 | D682,2 | D,True,True,True
Déficit de ácido fólico,2,2,2,2662 | E538,2 | E,True,True,True
Déficit proteína S parto,2,2,2,D6859 | O9912,D | O,True,True,True
Déficit vit d parto,2,2,2,E559 | O99284,E | O,True,True,True
E. coli,2,2,2,04149 | B9620,0 | B,True,True,True
E.Coli,2,2,2,04149 | B9620,0 | B,True,True,True
E.coli BLEE,2,2,2,B9629 | Z1610,B | Z,True,True,True
ECG,2,2,2,4A02X4Z | 8952,4 | 8,True,True,True
ECO abd,2,2,2,8876 | BW40ZZZ,8 | B,True,True,True
ECOABD,2,2,2,8876 | BW40ZZZ,8 | B,True,True,True
ECOCARDIOGRAMA,2,2,2,8872 | B246ZZZ,8 | B,True,True,True
ECOabd,2,2,2,8876 | BW40ZZZ,8 | B,True,True,True
EMG,2,2,2,4A0FX3Z | 9308,4 | 9,True,True,True
EMLD,2,2,2,0W8NXZZ | 736,0 | 7,True,True,True
EPOC,2,2,2,496 | J449,4 | J,True,True,True
EVISCERACIÓN,2,2,2,0WQF0ZZ | T8131XA,0 | T,True,True,True
Eco Abd,2,2,2,8876 | BW40ZZZ,8 | B,True,True,True
Eco TV,2,2,2,8878 | BU4CZZZ,8 | B,True,True,True
Eco abd,2,2,2,8876 | BW40ZZZ,8 | B,True,True,True
Eco renal,2,2,2,8875 | BT4JZZZ,8 | B,True,True,True
EcoAbd,2,2,2,8876 | BW40ZZZ,8 | B,True,True,True
EcoTV,2,2,2,8878 | BU4CZZZ,8 | B,True,True,True
Ecocardio,2,2,2,8872 | B246ZZZ,8 | B,True,True,True
Ecocardiografia,2,2,2,8872 | B246ZZZ,8 | B,True,True,True
Ecografia abdomen,2,2,2,8876 | BW40ZZZ,8 | B,True,True,True
Ecografia de tòrax,2,2,2,8873 | BB4BZZZ,8 | B,True,True,True
Ecografia renal,2,2,2,8875 | BT4JZZZ,8 | B,True,True,True
Ecografia renovesical,2,2,2,8875 | BT4JZZZ,8 | B,True,True,True
Ecografia toràcica,2,2,2,8873 | BH4BZZZ,8 | B,True,True,True
Ecografía abdomen,2,2,2,8876 | BW40ZZZ,8 | B,True,True,True
Ecografía abdominal,2,2,2,8876 | BW40ZZZ,8 | B,True,True,True
Ecografía de abdomen,2,2,2,8876 | BW40ZZZ,8 | B,True,True,True
Ecografía de tórax,2,2,2,8873 | BB4BZZZ,8 | B,True,True,True
Ecografía ginecológica,2,2,2,8879 | BU4CZZZ,8 | B,True,True,True
Ecografía transfontanelar,2,2,2,8871 | BH4CZZZ,8 | B,True,True,True
Ecografía vías urinarias,2,2,2,8875 | BT4JZZZ,8 | B,True,True,True
Edema de Reinke,2,2,2,4786 | J384,4 | J,True,True,True
Electroencefalograma,2,2,2,4A00X4Z | 8914,4 | 8,True,True,True
Elongación cervical,2,2,2,6226 | N884,6 | N,True,True,True
Endometriosis,2,2,2,6179 | N809,6 | N,True,True,True
Endometritis puerperal,2,2,2,67014 | O8612,6 | O,True,True,True
Enfermedad Pulmonar Obstructiva Crónica,2,2,2,496 | J449,4 | J,True,True,True
Enfermedad renal crónica,2,2,2,5859 | N189,5 | N,True,True,True
Enfermedad renal crónica Hipertensión arterial,2,2,2,I129 | N189,I | N,True,True,True
Enol,2,2,2,30501 | F1010,3 | F,True,True,True
Enterobacter cloacae,2,2,2,04185 | B9689,0 | B,True,True,True
Enterococcus faecalis,2,2,2,04104 | B952,0 | B,True,True,True
Epilepsia,2,2,2,34590 | G40909,3 | G,True,True,True
Epilepsia generalizada parto,2,2,2,G40409 | O99354,G | O,True,True,True
Epilepsia part,2,2,2,G40909 | O99354,G | O,True,True,True
Epilepsia parto,2,2,2,G40909 | O99354,G | O,True,True,True
Epilpesia part,2,2,2,G40909 | O99354,G | O,True,True,True
Epilèpsia,2,2,2,34590 | G40909,3 | G,True,True,True
Episiotomía,2,2,2,0W8NXZZ | 736,0 | 7,True,True,True
Eritema nodoso parto,2,2,2,L52 | O9972,L | O,True,True,True
Esclerodermia,2,2,2,7101 | M349,7 | M,True,True,True
Esclerosis Multiple parto,2,2,2,G35 | O99354,G | O,True,True,True
Esclerosis multiple parto,2,2,2,G35 | O99354,G | O,True,True,True
Esclerosis múltiple,2,2,2,340 | G35,3 | G,True,True,True
Esclerosis múltiple part,2,2,2,G35 | O99354,G | O,True,True,True
Esferocitosis hereditària parto,2,2,2,D580 | O9912,D | O,True,True,True
Espina bífida,2,2,2,74190 | Q059,7 | Q,True,True,True
Esquizofrenia,2,2,2,29592 | F209,2 | F,True,True,True
Esquizofrenia paranoide,2,2,2,29532 | F200,2 | F,True,True,True
Estancamiento ponderal,2,2,2,78341 | R6251,7 | R,True,True,True
Esteatosis hepática parto,2,2,2,K760 | O2662,K | O,True,True,True
Esterilización,2,2,2,6632 | Z302,6 | Z,True,True,True
Esterilización tubárica,2,2,2,V2651 | Z9851,V | Z,True,True,True
Estrabismo,2,2,2,3789 | H509,3 | H,True,True,True
Estreñimiento part,2,2,2,K5900 | O9962,K | O,True,True,True
Exfumadora,2,2,2,V1582 | Z87891,V | Z,True,True,True
FGS,2,2,2,0DJ08ZZ | 4413,0 | 4,True,True,True
FIEBRE,2,2,2,78060 | R509,7 | R,True,True,True
Factor V Leyden part,2,2,2,D6851 | O9912,D | O,True,True,True
Factor V Leyden parto,2,2,2,D6851 | O9912,D | O,True,True,True
Fallo de inducción,2,2,2,65911 | O610,6 | O,True,True,True
Febre,2,2,2,78060 | R509,7 | R,True,True,True
Febricula,2,2,2,78060 | R509,7 | R,True,True,True
Fecaloma,2,2,2,56032 | K5641,5 | K,True,True,True
Fibromialgia parto,2,2,2,M797 | O99891,M | O,True,True,True
Fibrosis quística,2,2,2,27702 | E849,2 | E,True,True,True
Fiebre intraparto,2,2,2,65921 | O752,6 | O,True,True,True
Fimosis,2,2,2,605 | N471,6 | N,True,True,True
Forceps,2,2,2,10D07Z3 | 720,1 | 7,True,True,True
Fosita sacra,2,2,2,75619 | Q7649,7 | Q,True,True,True
Fracaso renal agudo,2,2,2,5849 | N179,5 | N,True,True,True
Fractura nasal,2,2,2,8020 | S022XXA,8 | S,True,True,True
Fumador 2t,2,2,2,F17210 | O99332,F | O,True,True,True
Fumador part,2,2,2,F17210 | O99334,F | O,True,True,True
Fumadora 1t,2,2,2,F17210 | O99331,F | O,True,True,True
Fumadora PARTO,2,2,2,F17210 | O99334,F | O,True,True,True
Fórceps,2,2,2,10D07Z3 | 720,1 | 7,True,True,True
GEU,2,2,2,63310 | O0090,6 | O,True,True,True
Gammaglobulina anti-D,2,2,2,65611 | 9911,6 | 9,True,True,True
Gammaglobulina antiD,2,2,2,65611 | 9911,6 | 9,True,True,True
Gammapatía monoclonal,2,2,2,97651 | D472,9 | D,True,True,True
Gastritis crónica part,2,2,2,K2950 | O9962,K | O,True,True,True
Gastrostomía,2,2,2,0D168Z4 | V441,0 | V,True,True,True
Glaucoma crónico,2,2,2,36511 | H409,3 | H,True,True,True
HBP,2,2,2,60020 | N400,6 | N,True,True,True
HIPERTENSIÓ,2,2,2,4019 | I10,4 | I,True,True,True
HIPERTENSIÓ INSUFICIÈNCIA RENAL CRÒNICA,2,2,2,I129 | N189,I | N,True,True,True
HIPERURICEMIA,2,2,2,7906 | E790,7 | E,True,True,True
HIPOTIROIDISMO 3T,2,2,2,D649 | O99013,D | O,True,True,True
HIPOTIROIDISMO 3t,2,2,2,E039 | O99283,E | O,True,True,True
HIPOTIROIDISMO parto,2,2,2,64811 | E039,6 | E,True,True,True
HIPOTIROÏDISME part,2,2,2,E039 | O99284,E | O,True,True,True
HIpotiroidismo PARTO,2,2,2,E039 | O99284,E | O,True,True,True
HPV PARTO,2,2,2,B977 | O9852,B | O,True,True,True
HT,2,2,2,V8801 | Z90710,V | Z,True,True,True
HTA,2,2,2,4019 | I10,4 | I,True,True,True
HTA ERC grado 5,2,2,2,I120 | N185,I | N,True,True,True
HTA IRC,2,2,2,40390 | N189,4 | N,True,True,True
HTA crónica,2,2,2,4019 | I10,4 | I,True,True,True
HTA irc,2,2,2,40390 | I129,4 | I,True,True,True
HTA irc 3,2,2,2,I129 | N1830,I | N,True,True,True
HTA irc 4,2,2,2,I129 | N184,I | N,True,True,True
HTA irc 5,2,2,2,I120 | N185,I | N,True,True,True
HTA irc icc,2,2,2,I509 | N189,I | N,True,True,True
Hallux valgus,2,2,2,7350 | M2010,7 | M,True,True,True
Hashimoto,2,2,2,2452 | E063,2 | E,True,True,True
Hasimoto part,2,2,2,E063 | O99284,E | O,True,True,True
Hemangioma,2,2,2,91200 | D1800,9 | D,True,True,True
Hematíes,2,2,2,2851 | 9904,2 | 9,True,True,True
Hemoptisi,2,2,2,78630 | R042,7 | R,True,True,True
Hemorragia postparto,2,2,2,66612 | O721,6 | O,True,True,True
Hemorroides,2,2,2,4556 | K649,4 | K,True,True,True
Hepatitis C parto,2,2,2,B182 | O9842,B | O,True,True,True
Hepatopatía part,2,2,2,K769 | O2662,K | O,True,True,True
Hernia Discal L5-S1 parto,2,2,2,M5127 | O99891,M | O,True,True,True
Hernia Discal parto,2,2,2,M5126 | O99892,M | O,True,True,True
Hernia de hiato,2,2,2,5533 | K449,5 | K,True,True,True
Hernia de hiato part,2,2,2,K449 | O9962,K | O,True,True,True
Hernia inguinal,2,2,2,55090 | K4090,5 | K,True,True,True
Hernia inguinal bilateral,2,2,2,55092 | K4020,5 | K,True,True,True
Hernia inguinal izquierda,2,2,2,55090 | K4090,5 | K,True,True,True
Hernia umbilical,2,2,2,5531 | K429,5 | K,True,True,True
Herpes Genital parto,2,2,2,A609 | O9832,A | O,True,True,True
Hidrocefalia crónica del adulto,2,2,2,3314 | G912,3 | G,True,True,True
Hipercolesterolemia,2,2,2,2720 | E7800,2 | E,True,True,True
Hipercolesterolemia part,2,2,2,E7800 | O99284,E | O,True,True,True
Hiperglucemia,2,2,2,79029 | R739,7 | R,True,True,True
Hiperlipemia part,2,2,2,E785 | O99284,E | O,True,True,True
Hiperlipidemia,2,2,2,2724 | E785,2 | E,True,True,True
Hiperparatiroidismo,2,2,2,25202 | E213,2 | E,True,True,True
Hiperparatiroidismo renal,2,2,2,58881 | N2581,5 | N,True,True,True
Hiperplasia benigna de próstata,2,2,2,60090 | N400,6 | N,True,True,True
Hiperplasia prostática benigna,2,2,2,60020 | N400,6 | N,True,True,True
Hiperprolactinemia,2,2,2,2531 | E221,2 | E,True,True,True
Hipertension arterial,2,2,2,4019 | I10,4 | I,True,True,True
Hipertensió,2,2,2,4019 | I10,4 | I,True,True,True
Hipertensió Malaltia renal crònica,2,2,2,I129 | N189,I | N,True,True,True
Hipertensió arterial,2,2,2,4019 | I10,4 | I,True,True,True
Hipertensión Enfermedad renal crónica estadío 4,2,2,2,I129 | N184,I | N,True,True,True
Hipertensión Insuficiencia cardíaca Insuficiencia renal crónica,2,2,2,I130 | N189,I | N,True,True,True
Hipertensión Insuficiencia renal crónica,2,2,2,I129 | N189,I | N,True,True,True
"Hipertensión arterial Enfermedad renal crónica, estadio 3",2,2,2,I129 | N183,I | N,True,True,True
Hipertensión pulmonar,2,2,2,4168 | I2720,4 | I,True,True,True
Hipertiroidismo PARTO,2,2,2,E0590 | O99284,E | O,True,True,True
Hipertiroidismo parto,2,2,2,E0590 | O9912,E | O,True,True,True
Hipoacusia,2,2,2,3899 | H9190,3 | H,True,True,True
Hipoacusia bilateral,2,2,2,3899 | H9193,3 | H,True,True,True
Hipocalcemia,2,2,2,27541 | E876,2 | E,True,True,True
Hipomagnesemia,2,2,2,2752 | E8342,2 | E,True,True,True
Hiponatremia,2,2,2,2761 | E871,2 | E,True,True,True
Hipotirodismo parto,2,2,2,E039 | O99284,E | O,True,True,True
Hipotiroididsmo part,2,2,2,E039 | O99284,E | O,True,True,True
Hipotiroidismo Gestacional,2,2,2,E039 | O99284,E | O,True,True,True
Hipotiroidismo anteparto,2,2,2,2449 | 64813,2 | 6,True,True,True
Hipotiroidismo postoperatorio part,2,2,2,E890 | O99284,E | O,True,True,True
Hipotoroidismo part,2,2,2,E039 | O99284,E | O,True,True,True
Hipotoroidismo parto,2,2,2,2449 | 64811,2 | 6,True,True,True
Hirsutismo,2,2,2,7041 | L680,7 | L,True,True,True
Histerectomia lap,2,2,2,0UT94ZZ | 6841,0 | 6,True,True,True
Histerectomia total lap,2,2,2,0UT94ZZ | 6841,0 | 6,True,True,True
Histerectomía,2,2,2,0UT90ZZ | Z90710,0 | Z,True,True,True
Histerectomía lap,2,2,2,0UT94ZZ | 6841,0 | 6,True,True,True
Hèrnia de hiatus,2,2,2,5533 | K449,5 | K,True,True,True
Hèrnia umbilical,2,2,2,5531 | K429,5 | K,True,True,True
ILE por TRISOMÍA,2,2,2,O351XX0 | Z332,O | Z,True,True,True
ILE por trisomia 21,2,2,2,65513 | Z9882,6 | Z,True,True,True
ILE por trisomía,2,2,2,O351XX0 | Z332,O | Z,True,True,True
IM,2,2,2,4240 | I340,4 | I,True,True,True
IMC 33,2,2,2,V8533 | Z6833,V | Z,True,True,True
IMC 38,2,2,2,V8538 | Z6838,V | Z,True,True,True
IMC 41,2,2,2,V8541 | Z6841,V | Z,True,True,True
IMC 48,2,2,2,V8542 | Z6842,V | Z,True,True,True
IOT,2,2,2,0BH17EZ | 9604,0 | 9,True,True,True
IRC,2,2,2,5859 | N189,5 | N,True,True,True
ITU 3t,2,2,2,N390 | O23593,N | O,True,True,True
ITU part,2,2,2,N390 | O23593,N | O,True,True,True
ITU por E. coli,2,2,2,B9620 | N390,B | N,True,True,True
IUE,2,2,2,6256 | N393,6 | N,True,True,True
Infecciones urinarias de repetición,2,2,2,V1302 | Z87440,V | Z,True,True,True
Infecció del tracte urinari per E Coli,2,2,2,B9620 | N390,B | N,True,True,True
Infección respiratoria,2,2,2,5198 | J988,5 | J,True,True,True
Infertilidad,2,2,2,6289 | N979,6 | N,True,True,True
Inmunodeficiencia,2,2,2,2793 | D849,2 | D,True,True,True
Insomni,2,2,2,78052 | G4700,7 | G,True,True,True
Insomnio,2,2,2,78052 | G4700,7 | G,True,True,True
Insuficiencia aórtica,2,2,2,4241 | I351,4 | I,True,True,True
Insuficiencia cardíaca,2,2,2,4280 | I509,4 | I,True,True,True
Insuficiencia mitral,2,2,2,4240 | I340,4 | I,True,True,True
Insuficiencia respiratoria,2,2,2,51881 | J9690,5 | J,True,True,True
Insuficiencia venosa,2,2,2,45981 | I872,4 | I,True,True,True
Insuficiencia venosa crónica parto,2,2,2,I872 | O9942,I | O,True,True,True
Intolerancia a la lactosa parto,2,2,2,64891 | E739,6 | E,True,True,True
K. pneumoniae,2,2,2,0413 | B961,0 | B,True,True,True
Kjelland,2,2,2,10S07ZZ | 724,1 | 7,True,True,True
LAL,2,2,2,20400 | C9100,2 | C,True,True,True
LEIOMIOMA,2,2,2,2189 | D259,2 | D,True,True,True
LITIASIS RENAL DERECHA,2,2,2,0TF38ZZ | N200,0 | N,True,True,True
LITIASIS URETERAL IZQUIERDA,2,2,2,0TF78ZZ | N201,0 | N,True,True,True
Laceracion periuretral,2,2,2,0TQD7ZZ | O7182,0 | O,True,True,True
Lactancia artificial,2,2,2,67651 | O925,6 | O,True,True,True
Laringitis aguda,2,2,2,46400 | J040,4 | J,True,True,True
Laringomalacia,2,2,2,7483 | Q315,7 | Q,True,True,True
Legrado,2,2,2,0UDB7ZZ | 6902,0 | 6,True,True,True
Legrado obstétrico,2,2,2,10D17ZZ | 6902,1 | 6,True,True,True
Leiomioma,2,2,2,88900 | D259,8 | D,True,True,True
Leiomiomas uterinos,2,2,2,88900 | D259,8 | D,True,True,True
Leucocitosis,2,2,2,28860 | D72829,2 | D,True,True,True
Ligadura,2,2,2,0UL70ZZ | Z302,0 | Z,True,True,True
Ligadura de trompas,2,2,2,V2651 | Z9851,V | Z,True,True,True
Ligadura tubárica bilateral,2,2,2,0UL70ZZ | 6632,0 | 6,True,True,True
Litiasis biliar,2,2,2,57420 | K8020,5 | K,True,True,True
Litiasis renal part,2,2,2,N200 | O26833,N | O,True,True,True
Litiasis ureteral,2,2,2,5921 | N201,5 | N,True,True,True
Lumbalgias,2,2,2,7242 | M545,7 | M,True,True,True
Lumboartrosis,2,2,2,7213 | M47816,7 | M,True,True,True
M1 hepáticas,2,2,2,1977 | C787,1 | C,True,True,True
MCP,2,2,2,V4501 | Z950,V | Z,True,True,True
MF,2,2,2,4A1HXCZ | 7534,4 | 7,True,True,True
MIGRAÑA part,2,2,2,G43909 | O99354,G | O,True,True,True
MIOMA,2,2,2,88950 | D259,8 | D,True,True,True
MIOMAS UTERINOS,2,2,2,2189 | D259,2 | D,True,True,True
MIOPIA MAGNA PARTO,2,2,2,H4420 | O99891,H | O,True,True,True
Madre cáncer de mama,2,2,2,V163 | Z803,V | Z,True,True,True
Marihuana part,2,2,2,F1211 | O99324,F | O,True,True,True
Mastectomia izq,2,2,2,0HTU0ZZ | Z9012,0 | Z,True,True,True
Metrorragia,2,2,2,6266 | N921,6 | N,True,True,True
Metrorragias,2,2,2,6266 | N921,6 | N,True,True,True
Migraña con aura part,2,2,2,G43109 | O99354,G | O,True,True,True
Migraña con aura parto,2,2,2,G43109 | O99354,G | O,True,True,True
Migraña parto,2,2,2,64891 | G43909,6 | G,True,True,True
Migraña sin aura part,2,2,2,G43009 | O99354,G | O,True,True,True
Migrañas,2,2,2,34690 | G43909,3 | G,True,True,True
Migrañas PART,2,2,2,G43909 | O99354,G | O,True,True,True
Migrañas con aura PART,2,2,2,G43109 | O99354,G | O,True,True,True
Migrañas con aura parto,2,2,2,G43109 | O99354,G | O,True,True,True
Migrañas sin aura part,2,2,2,G43009 | O99354,G | O,True,True,True
Mioma,2,2,2,2189 | 88950,2 | 8,True,True,True
Mioma intramural,2,2,2,2181 | D251,2 | D,True,True,True
Mioma subseroso,2,2,2,2182 | D252,2 | D,True,True,True
Miomas,2,2,2,88950 | D259,8 | D,True,True,True
Miomas uterinos,2,2,2,2189 | D259,2 | D,True,True,True
Miopia,2,2,2,3671 | H5210,3 | H,True,True,True
Miopia magna,2,2,2,36021 | H4420,3 | H,True,True,True
Miopía part,2,2,2,H5210 | O99892,H | O,True,True,True
Miopía parto,2,2,2,64891 | H5210,6 | H,True,True,True
Morganella morganii,2,2,2,04185 | B9689,0 | B,True,True,True
NALGAS,2,2,2,10D07Z8 | O321XX0,1 | O,True,True,True
NPT,2,2,2,3E0436Z | 9915,3 | 9,True,True,True
Neumonía COVID parto,2,2,2,J1289 | O9852,J | O,True,True,True
Neuralgia postherpética,2,2,2,05319 | B0229,0 | B,True,True,True
Neuralgia trigemino parto,2,2,2,G500 | O99354,G | O,True,True,True
Nodulo tiroideo part,2,2,2,E041 | O99284,E | O,True,True,True
Nutrición enteral,2,2,2,3E0G76Z | 966,3 | 9,True,True,True
Nutrición parenteral,2,2,2,3E0336Z | 9915,3 | 9,True,True,True
Nódulo tiroideo,2,2,2,2410 | E041,2 | E,True,True,True
Nódulos pulmonares,2,2,2,51889 | R918,5 | R,True,True,True
OBESIDAD MÓRBIDA parto,2,2,2,E6601 | O99214,E | O,True,True,True
OBESIDAD part,2,2,2,E669 | O99214,E | O,True,True,True
OH ocasional,2,2,2,30502 | F1010,3 | F,True,True,True
OMA,2,2,2,3829 | H6690,3 | H,True,True,True
OOFORECTOMÍA IZQUIERDA,2,2,2,0UT10ZZ | Z90721,0 | Z,True,True,True
Obesidad,2,2,2,27800 | E669,2 | E,True,True,True
Obesidad 2t,2,2,2,E669 | O99212,E | O,True,True,True
Obesidad 3t,2,2,2,E669 | O99213,E | O,True,True,True
Obesidad Morbida parto,2,2,2,E6601 | O99214,E | O,True,True,True
Obesidad anteparto,2,2,2,27800 | 64913,2 | 6,True,True,True
Obesidad mórbida,2,2,2,27801 | E6601,2 | E,True,True,True
Obesidad mórbida part,2,2,2,64911 | O99214,6 | O,True,True,True
Obesidad mórbida parto,2,2,2,27803 | E6601,2 | E,True,True,True
Omentectomía,2,2,2,0DBU0ZZ | 544,0 | 5,True,True,True
Osteopenia,2,2,2,73390 | M8580,7 | M,True,True,True
Osteoporosis parto,2,2,2,M810 | O9989,M | O,True,True,True
Ovario poliquistico parto,2,2,2,E282 | O99284,E | O,True,True,True
Oxigenoterapia,2,2,2,3E0F7SF | 9396,3 | 9,True,True,True
PE leve,2,2,2,64241 | O1404,6 | O,True,True,True
PIELONEFRITIS AGUDA,2,2,2,59010 | N10,5 | N,True,True,True
PNa 2t,2,2,2,N10 | O2302,N | O,True,True,True
PP,2,2,2,64421 | O6014X0,6 | O,True,True,True
PSORIASIS,2,2,2,6961 | L409,6 | L,True,True,True
PTI,2,2,2,28731 | D693,2 | D,True,True,True
PTI parto,2,2,2,D693 | O9912,D | O,True,True,True
PTR izquierda,2,2,2,0SRD0J9 | V4365,0 | V,True,True,True
Paladar fes,2,2,2,2762 | 74900,2 | 7,True,True,True
Pancitopenia,2,2,2,28419 | D61818,2 | D,True,True,True
Pancreatitis aguda,2,2,2,5770 | K8590,5 | K,True,True,True
Paracetamol,2,2,2,3E033NZ | 9929,3 | 9,True,True,True
Paralisis facial,2,2,2,3510 | G510,3 | G,True,True,True
Parkinson,2,2,2,3320 | G20,3 | G,True,True,True
Parálisis facial derecha,2,2,2,3510 | G510,3 | G,True,True,True
Penicilina,2,2,2,3E03329 | V140,3 | V,True,True,True
Piel atópica,2,2,2,6918 | L209,6 | L,True,True,True
Pielonefritis,2,2,2,59010 | N10,5 | N,True,True,True
Pielonefritis aguda,2,2,2,59010 | N10,5 | N,True,True,True
Pielonefritis aguda por E .Coli,2,2,2,B9620 | N10,B | N,True,True,True
Pielonefritis de repetició,2,2,2,V1302 | Z87440,V | Z,True,True,True
Pielonefritis de repetición,2,2,2,V1302 | Z87440,V | Z,True,True,True
Pielonefritis del injerto,2,2,2,N10 | T8613,N | T,True,True,True
Plaquetopenia,2,2,2,2875 | D691,2 | D,True,True,True
Plaquetopenia parto,2,2,2,D696 | O9912,D | O,True,True,True
Poliglobulia,2,2,2,2890 | D751,2 | D,True,True,True
Polihidramnios,2,2,2,65701 | O403XX0,6 | O,True,True,True
Poliposis nasal,2,2,2,4710 | J339,4 | J,True,True,True
Poliposis nasosinusal,2,2,2,4718 | J338,4 | J,True,True,True
Poliquistosis renal,2,2,2,75312 | Q613,7 | Q,True,True,True
Politraumatismo,2,2,2,9248 | T07XXXA,9 | T,True,True,True
Portador de gastrostomía,2,2,2,V441 | Z931,V | Z,True,True,True
Portador de marcapasos,2,2,2,V4501 | Z950,V | Z,True,True,True
Portadora de DIU,2,2,2,V4551 | Z975,V | Z,True,True,True
Portadora de gastrostomia,2,2,2,V441 | Z931,V | Z,True,True,True
Preclampsia,2,2,2,64241 | O1494,6 | O,True,True,True
Preclampsia grave,2,2,2,64251 | O1414,6 | O,True,True,True
Preeclampsia leve,2,2,2,64241 | O1404,6 | O,True,True,True
Preeclamsia grave,2,2,2,64251 | O1414,6 | O,True,True,True
Prematuridad,2,2,2,64421 | O6014X0,6 | O,True,True,True
Proctitis,2,2,2,56949 | K6289,5 | K,True,True,True
Proctitis ulcerosa,2,2,2,5562 | K5120,5 | K,True,True,True
Prolapso genital,2,2,2,6184 | N819,6 | N,True,True,True
Prolapso mitral parto,2,2,2,I341 | O9942,I | O,True,True,True
Prolapso uterino,2,2,2,6181 | N814,6 | N,True,True,True
Proteinuria,2,2,2,7910 | R809,7 | R,True,True,True
Protesis mamaria,2,2,2,V4382 | Z9882,V | Z,True,True,True
Prurito,2,2,2,6989 | L299,6 | L,True,True,True
Prótesis de cadera,2,2,2,V4364 | Z96649,V | Z,True,True,True
Prótesis mamaria,2,2,2,V4382 | Z9882,V | Z,True,True,True
Pseudomona,2,2,2,0417 | B965,0 | B,True,True,True
Pseudomonas aeruginosa,2,2,2,0417 | B965,0 | B,True,True,True
Pubertad precoz,2,2,2,2591 | E301,2 | E,True,True,True
Puncion folicular,2,2,2,0UDN3ZZ | Z3183,0 | Z,True,True,True
Punción folicular,2,2,2,0UDN3ZZ | Z3183,0 | Z,True,True,True
PÓLIPO ENDOMETRIAL,2,2,2,0UB98ZZ | N840,0 | N,True,True,True
Quiste tirogloso,2,2,2,067 | Q892,0 | Q,True,True,True
Quiste tiroideo part,2,2,2,E041 | O99284,E | O,True,True,True
Quiste tiroideos parto,2,2,2,E041 | O99284,E | O,True,True,True
Quistes corticales,2,2,2,5932 | N281,5 | N,True,True,True
Quistes parapiélicos,2,2,2,5932 | N281,5 | N,True,True,True
Quistes tiroideos parto,2,2,2,E041 | O99284,E | O,True,True,True
RAO posparto,2,2,2,O9089 | R339,O | R,True,True,True
RCIU,2,2,2,65651 | O365930,6 | O,True,True,True
RE +,2,2,2,V860 | Z170,V | Z,True,True,True
RECTOCELE,2,2,2,0JQC0ZZ | N816,0 | N,True,True,True
RETIRADA DE DIU,2,2,2,0UPD8HZ | Z30432,0 | Z,True,True,True
RGE,2,2,2,53081 | K219,5 | K,True,True,True
RM cerebral,2,2,2,8891 | B030ZZZ,8 | B,True,True,True
RM pélvica,2,2,2,8895 | BW3GZZZ,8 | B,True,True,True
RMN cerebral,2,2,2,8891 | B030ZZZ,8 | B,True,True,True
RMN craneal,2,2,2,8891 | B030ZZZ,8 | B,True,True,True
RN,2,2,2,V270 | Z370,V | Z,True,True,True
RTU,2,2,2,V4574 | Z906,V | Z,True,True,True
RTU vejiga,2,2,2,0TBB8ZZ | Z906,0 | Z,True,True,True
RTU-vejiga,2,2,2,0TBB8ZZ | Z906,0 | Z,True,True,True
RUBEOLA NEGATIVO,2,2,2,O9852 | Z228,O | Z,True,True,True
RUBEOLA NO INMUNE,2,2,2,O9852 | Z228,O | Z,True,True,True
RX abdomen,2,2,2,8819 | BW00ZZZ,8 | B,True,True,True
Radiografia de abdomen,2,2,2,8819 | BW00ZZZ,8 | B,True,True,True
Radiografía de abdomen,2,2,2,8819 | BW00ZZZ,8 | B,True,True,True
Radiografía de tórax,2,2,2,8744 | BW03ZZZ,8 | B,True,True,True
Radioterapia,2,2,2,9229 | Z923,9 | Z,True,True,True
Raynaud,2,2,2,4430 | I7300,4 | I,True,True,True
Reflujo gastroesofágico,2,2,2,53081 | K219,5 | K,True,True,True
Reflujo gastroesófagico part,2,2,2,K219 | O9962,K | O,True,True,True
Renograma,2,2,2,9203 | CT63YZZ,9 | C,True,True,True
Residencia,2,2,2,V606 | Z593,V | Z,True,True,True
Rinitis alérgica,2,2,2,4779 | J309,4 | J,True,True,True
Rinitis alérgica part,2,2,2,J309 | O9952,J | O,True,True,True
Rn,2,2,2,V270 | Z370,V | Z,True,True,True
Rubeola NEGATIVO,2,2,2,O9852 | Z228,O | Z,True,True,True
Rubeola NO inmune,2,2,2,O9852 | Z228,O | Z,True,True,True
Rubeola Negativa,2,2,2,O9852 | Z228,O | Z,True,True,True
Rubeola: Negativo,2,2,2,O9852 | Z228,O | Z,True,True,True
Rubéola NO inmune,2,2,2,O9852 | Z228,O | Z,True,True,True
Rubéola: NO INMUNE,2,2,2,O9852 | Z228,O | Z,True,True,True
Rubéola: NO Inmune,2,2,2,V043 | Z228,V | Z,True,True,True
Rx ABD,2,2,2,8819 | BW00ZZZ,8 | B,True,True,True
Rx Abdomen,2,2,2,8819 | BW00ZZZ,8 | B,True,True,True
Rx de abdomen,2,2,2,8819 | BW00ZZZ,8 | B,True,True,True
Rx de tórax,2,2,2,8744 | BW03ZZZ,8 | B,True,True,True
Rx torax,2,2,2,8744 | BW03ZZZ,8 | B,True,True,True
Rx tórax,2,2,2,8744 | BW03ZZZ,8 | B,True,True,True
Rúbeola NO inmune,2,2,2,O9852 | Z228,O | Z,True,True,True
SAHS grave,2,2,2,32723 | G4733,3 | G,True,True,True
SAHos,2,2,2,32723 | G4733,3 | G,True,True,True
SALPINGUECTOMIA geu izq lap,2,2,2,0UT64ZZ | 10T24ZZ,0 | 1,True,True,True
SALPINGUECTOMÍA geu IZQ lap,2,2,2,0UT64ZZ | 10T24ZZ,0 | 1,True,True,True
SALPINGUECTOMÍA geu izq lap,2,2,2,0UT64ZZ | 10T24ZZ,0 | 1,True,True,True
SAT,2,2,2,51881 | J9601,5 | J,True,True,True
SGB +,2,2,2,64891 | V0251,6 | V,True,True,True
SGB parto,2,2,2,64891 | V0251,6 | V,True,True,True
SGB positivo,2,2,2,O99824 | V0251,O | V,True,True,True
SV,2,2,2,0T9B70Z | 5794,0 | 5,True,True,True
Sangrado postparto,2,2,2,66612 | O721,6 | O,True,True,True
Sarcoidosis parto,2,2,2,D869 | O9912,D | O,True,True,True
Sd Raynaud parto,2,2,2,I7300 | O9942,I | O,True,True,True
Sd ansioso depresivo parto,2,2,2,F418 | O99344,F | O,True,True,True
Sd antifosfolipido parto,2,2,2,D6861 | O9912,D | O,True,True,True
Serumterapia,2,2,2,3E0337Z | 9918,3 | 9,True,True,True
Serumteràpia,2,2,2,3E0337Z | 9918,3 | 9,True,True,True
Shock séptico,2,2,2,A419 | R6521,A | R,True,True,True
Sindrome ansioso,2,2,2,30000 | F419,3 | F,True,True,True
Sindrome ansioso-depresivo,2,2,2,3004 | F418,3 | F,True,True,True
Sindrome ansioso/depresivo parto,2,2,2,F418 | O99344,F | O,True,True,True
Sintrom,2,2,2,V5861 | Z7901,V | Z,True,True,True
Sinusitis,2,2,2,4739 | J329,4 | J,True,True,True
Siringomielia,2,2,2,3360 | G950,3 | G,True,True,True
Sjögren,2,2,2,7102 | M3500,7 | M,True,True,True
Sobrepeso part,2,2,2,E663 | O99214,E | O,True,True,True
Somnolencia,2,2,2,78009 | R400,7 | R,True,True,True
Sonda vesical,2,2,2,0T9B70Z | 5794,0 | 5,True,True,True
Sop parto,2,2,2,E282 | O99284,E | O,True,True,True
Staphylococcus aureus,2,2,2,04111 | B9561,0 | B,True,True,True
Stent,2,2,2,V4582 | Z955,V | Z,True,True,True
Sueroterapia,2,2,2,3E0337Z | 9918,3 | 9,True,True,True
Sueroterpia,2,2,2,3E0337Z | 9918,3 | 9,True,True,True
Síndrome ansioso,2,2,2,30000 | F419,3 | F,True,True,True
Síndrome ansioso depresivo,2,2,2,3004 | F418,3 | F,True,True,True
Síndrome ansioso-depresivo,2,2,2,3004 | F418,3 | F,True,True,True
Síndrome de Gilbert part,2,2,2,E804 | O99284,E | O,True,True,True
Síndrome depresivo,2,2,2,311 | F329,3 | F,True,True,True
Síndrome depresivo parto,2,2,2,F329 | O99344,F | O,True,True,True
Síndrome febril,2,2,2,78060 | R509,7 | R,True,True,True
Síndrome prostático,2,2,2,60090 | N400,6 | N,True,True,True
TABACO parto,2,2,2,F17210 | O99334,F | O,True,True,True
TAC abdomen,2,2,2,8801 | BW20ZZZ,8 | B,True,True,True
TAC abdominal,2,2,2,8801 | BW20ZZZ,8 | B,True,True,True
TAC cranial,2,2,2,8703 | B020ZZZ,8 | B,True,True,True
TAC de abdomen,2,2,2,8801 | BW20ZZZ,8 | B,True,True,True
TAC toracoabdominal,2,2,2,8741 | BW24ZZZ,8 | B,True,True,True
TC CRANEAL,2,2,2,8703 | B020ZZZ,8 | B,True,True,True
TC Craneal,2,2,2,8703 | B020ZZZ,8 | B,True,True,True
TC abdomen,2,2,2,8801 | BW20ZZZ,8 | B,True,True,True
TC cranial,2,2,2,8703 | B020ZZZ,8 | B,True,True,True
TC de abdomen,2,2,2,8801 | BW20ZZZ,8 | B,True,True,True
TC toracoabdominal,2,2,2,8741 | BW24ZZZ,8 | B,True,True,True
TC torácico,2,2,2,8741 | BW24ZZZ,8 | B,True,True,True
TDAH,2,2,2,31401 | F909,3 | F,True,True,True
TOC part,2,2,2,F429 | O99344,F | O,True,True,True
TOC parto,2,2,2,F429 | O99344,F | O,True,True,True
TOT,2,2,2,0TUD0JZ | 5979,0 | 5,True,True,True
TPH,2,2,2,V4282 | Z9484,V | Z,True,True,True
TROMBOPENIA parto,2,2,2,D696 | O9912,D | O,True,True,True
TURBINOPLASTIA,2,2,2,095L8ZZ | J343,0 | J,True,True,True
Talasemia minor,2,2,2,28246 | D563,2 | D,True,True,True
Taquicardia parto,2,2,2,O9942 | R000,O | R,True,True,True
Taquicardia supraventricular parto,2,2,2,I471 | O9942,I | O,True,True,True
Tc craneal,2,2,2,8703 | B020ZZZ,8 | B,True,True,True
Torsión ovárica derecha,2,2,2,6205 | N83511,6 | N,True,True,True
Torsión testicular,2,2,2,60820 | N4400,6 | N,True,True,True
Tr. adaptativo part,2,2,2,F4320 | O99344,F | O,True,True,True
Transaminasas,2,2,2,7904 | R740,7 | R,True,True,True
Traqueomalacia congenita,2,2,2,7483 | Q320,7 | Q,True,True,True
Trasplantada renal,2,2,2,V420 | Z940,V | Z,True,True,True
Trastorno bipolar,2,2,2,29680 | F319,2 | F,True,True,True
Trastorno del sueño,2,2,2,78050 | G479,7 | G,True,True,True
Trombopenia part,2,2,2,D696 | O9912,D | O,True,True,True
Tumorectomía mama izquierda,2,2,2,0HBU0ZZ | 8521,0 | 8,True,True,True
Ulcus duodenal,2,2,2,53290 | K269,5 | K,True,True,True
Ulcus gastroduodenal,2,2,2,53290 | K269,5 | K,True,True,True
Urticària crónica part,2,2,2,L508 | O9972,L | O,True,True,True
Utero bicorne parto,2,2,2,O9989 | Q513,O | Q,True,True,True
Utero miomatoso part,2,2,2,D259 | O3413,D | O,True,True,True
Utero miomatoso parto,2,2,2,D259 | O3413,D | O,True,True,True
Utero polimiomatoso,2,2,2,2189 | D259,2 | D,True,True,True
Uveitis,2,2,2,3643 | H209,3 | H,True,True,True
VAC,2,2,2,8628 | F08L5BZ,8 | F,True,True,True
VHC parto,2,2,2,B182 | O9842,B | O,True,True,True
VIH parto,2,2,2,O9872 | Z21,O | Z,True,True,True
VMNI,2,2,2,V468 | Z9989,V | Z,True,True,True
VPH,2,2,2,0794 | B977,0 | B,True,True,True
VPH parto,2,2,2,64761 | B977,6 | B,True,True,True
Vancomicina,2,2,2,3E03329 | 9921,3 | 9,True,True,True
Vejiga hiperactiva,2,2,2,59651 | N3281,5 | N,True,True,True
Vejiga neurógena,2,2,2,59654 | N319,5 | N,True,True,True
Ventosa,2,2,2,10D07Z6 | O631,1 | O,True,True,True
Vertigo,2,2,2,3869 | R42,3 | R,True,True,True
Von Willebrand parto,2,2,2,D680 | O9912,D | O,True,True,True
Vértigo,2,2,2,3869 | R42,3 | R,True,True,True
Vòmits,2,2,2,78703 | R1110,7 | R,True,True,True
Zika parto,2,2,2,A925 | O9852,A | O,True,True,True
aborto tardío,2,2,2,63491 | O039,6 | O,True,True,True
absceso periamigdalino,2,2,2,475 | J36,4 | J,True,True,True
absceso tubo-ovarico,2,2,2,6142 | N7093,6 | N,True,True,True
accident,2,2,2,E9289 | X58XXXA,E | X,True,True,True
acidosis,2,2,2,2762 | E872,2 | E,True,True,True
acidosis metabólica,2,2,2,2762 | E872,2 | E,True,True,True
acidosis respiratoria,2,2,2,2762 | E872,2 | E,True,True,True
acortamiento cervical parto,2,2,2,64971 | O26873,6 | O,True,True,True
adenoma hipofisario,2,2,2,2273 | D352,2 | D,True,True,True
adenomiosis,2,2,2,6170 | N800,6 | N,True,True,True
adherencias,2,2,2,5680 | K660,5 | K,True,True,True
adherencias parto,2,2,2,K660 | O9962,K | O,True,True,True
afasia,2,2,2,7843 | R4701,7 | R,True,True,True
afonía,2,2,2,78441 | R491,7 | R,True,True,True
agresión,2,2,2,E9689 | Y09,E | Y,True,True,True
alcalosis,2,2,2,2763 | E873,2 | E,True,True,True
alcalosis metabólica,2,2,2,2763 | E873,2 | E,True,True,True
alcalosis respiratoria,2,2,2,2763 | E873,2 | E,True,True,True
alcohol parto,2,2,2,O99314 | Z880,O | Z,True,True,True
alcoholismo,2,2,2,30391 | F1020,3 | F,True,True,True
alergia a la penicilina,2,2,2,V140 | Z880,V | Z,True,True,True
alfa talasemia parto,2,2,2,64821 | O9902,6 | O,True,True,True
alzeimer,2,2,2,F0280 | G309,F | G,True,True,True
alzheimer,2,2,2,3310 | F0280,3 | F,True,True,True
amilodosis renal,2,2,2,K77 | N29,K | N,True,True,True
amniorexis,2,2,2,10907ZC | 7309,1 | 7,True,True,True
amo,2,2,2,4131 | Z472,4 | Z,True,True,True
analgesia,2,2,2,3E033NZ | 9929,3 | 9,True,True,True
analgesia endovenosa,2,2,2,3E033NZ | 9929,3 | 9,True,True,True
anastomosis,2,2,2,E8782 | V453,E | V,True,True,True
anemia,2,2,2,2859 | D649,2 | D,True,True,True
anemia aguda,2,2,2,2851 | D62,2 | D,True,True,True
anemia crónica,2,2,2,2859 | D649,2 | D,True,True,True
anemia ferropenica,2,2,2,2809 | D509,2 | D,True,True,True
anemia postparto,2,2,2,2851 | O9081,2 | O,True,True,True
anemia renal,2,2,2,28521 | D631,2 | D,True,True,True
anemia sang,2,2,2,2851 | D62,2 | D,True,True,True
anexectomía,2,2,2,V4577 | Z90722,V | Z,True,True,True
anexectomía bilateral laparoscópica,2,2,2,0UT74ZZ | 6563,0 | 6,True,True,True
anexectomía derecha,2,2,2,0UT50ZZ | 6549,0 | 6,True,True,True
anorexia nerviosa parto,2,2,2,64841 | F5000,6 | F,True,True,True
ansiedad,2,2,2,30000 | F419,3 | F,True,True,True
ansiedad generalizada parto,2,2,2,F411 | O99344,F | O,True,True,True
ansioso,2,2,2,30000 | F419,3 | F,True,True,True
ansioso depresivo,2,2,2,3004 | F418,3 | F,True,True,True
ansioso-depresivo,2,2,2,3004 | F418,3 | F,True,True,True
anti-D,2,2,2,3E0234Z | O26893,3 | O,True,True,True
antibioterapia,2,2,2,3E03329 | 9921,3 | 9,True,True,True
antibioticoterapia,2,2,2,3E03329 | 9921,3 | 9,True,True,True
antibioticoteràpia,2,2,2,3E03329 | 9921,3 | 9,True,True,True
antibiòtic,2,2,2,3E03329 | 9921,3 | 9,True,True,True
antibiòtica,2,2,2,3E03329 | 9921,3 | 9,True,True,True
antibióticos,2,2,2,3E03329 | 9921,3 | 9,True,True,True
antibióticoterapia,2,2,2,3E03329 | 9921,3 | 9,True,True,True
anticoagulación,2,2,2,V5861 | Z7901,V | Z,True,True,True
anticoagulada,2,2,2,V5861 | Z7901,V | Z,True,True,True
anticoagulante,2,2,2,3E033GC | V5861,3 | V,True,True,True
antiinflamatorio,2,2,2,3E0333Z | 9929,3 | 9,True,True,True
anèmia ferropènica parto,2,2,2,D509 | O9902,D | O,True,True,True
anèmia parto,2,2,2,D649 | O9902,D | O,True,True,True
apendicitis aguda,2,2,2,5409 | K3580,5 | K,True,True,True
apgar,2,2,2,4A1HXCZ | 7534,4 | 7,True,True,True
apixaban,2,2,2,V5861 | Z7901,V | Z,True,True,True
app,2,2,2,64403 | O6003,6 | O,True,True,True
artirtis reumatoide parto,2,2,2,M069 | O9989,M | O,True,True,True
artritis reumatoide,2,2,2,7140 | M059,7 | M,True,True,True
asma 3t,2,2,2,D259 | J45909,D | J,True,True,True
asma PARTO,2,2,2,J45909 | O9952,J | O,True,True,True
astigmatisme part,2,2,2,H52209 | O9989,H | O,True,True,True
ataxia,2,2,2,7813 | R270,7 | R,True,True,True
atb,2,2,2,3E03329 | 9921,3 | 9,True,True,True
atelectasias,2,2,2,5180 | J9811,5 | J,True,True,True
atropello en vía pública,2,2,2,V0920XA | Y92410,V | Y,True,True,True
azitromicina,2,2,2,3E03329 | 9921,3 | 9,True,True,True
bacteriemia,2,2,2,7907 | R7881,7 | R,True,True,True
bacteriuria,2,2,2,7919 | R8271,7 | R,True,True,True
bicorial biamniótica,2,2,2,O30043 | V9103,O | V,True,True,True
biopsia colon,2,2,2,0DBE8ZX | 4525,0 | 4,True,True,True
biopsia selectiva de ganglio centinela,2,2,2,07B50ZX | 4011,0 | 4,True,True,True
biopsias de peritoneo,2,2,2,0DBW0ZX | 5423,0 | 5,True,True,True
bloqueo de rama derecha,2,2,2,4264 | I4510,4 | I,True,True,True
bocio multinodular,2,2,2,2411 | E042,2 | E,True,True,True
bradicardia fetal,2,2,2,65971 | O76,6 | O,True,True,True
broncoaspiración,2,2,2,5070 | J690,5 | J,True,True,True
broncodilatador,2,2,2,3E0F7GC | 9394,3 | 9,True,True,True
bronquiolitis,2,2,2,46619 | J219,4 | J,True,True,True
bronquiolitis VRS positiva rn,2,2,2,J210 | P2889,J | P,True,True,True
bronquiolitis VRS rn,2,2,2,J210 | P2889,J | P,True,True,True
bronquiolitis aguda VRS rn,2,2,2,J210 | P2889,J | P,True,True,True
bronquiolitis aguda rhinovirus,2,2,2,B348 | J218,B | J,True,True,True
bronquitis aguda,2,2,2,4660 | J209,4 | J,True,True,True
caida,2,2,2,E8889 | W19XXXA,E | W,True,True,True
caida en su domicilio,2,2,2,W19XXXA | Y92009,W | Y,True,True,True
calle,2,2,2,E8495 | Y92410,E | Y,True,True,True
campo futbol,2,2,2,E8494 | Y92322,E | Y,True,True,True
cannabis parto,2,2,2,O99324 | Z370,O | Z,True,True,True
carcinoma mama izquierda,2,2,2,1749 | C50912,1 | C,True,True,True
carcinomatosis peritoneal,2,2,2,1976 | C786,1 | C,True,True,True
cardioversión eléctrica,2,2,2,4A0234Z | 5A2204Z,4 | 5,True,True,True
caída,2,2,2,E8889 | W19XXXA,E | W,True,True,True
cefalea migrañosa,2,2,2,34690 | G43909,3 | G,True,True,True
cefazolina,2,2,2,3E03329 | 9921,3 | 9,True,True,True
celiaca,2,2,2,5790 | K900,5 | K,True,True,True
celiaquia PARTO,2,2,2,K900 | O9962,K | O,True,True,True
celíaca part,2,2,2,K900 | O9962,K | O,True,True,True
celíaca parto,2,2,2,K900 | O9962,K | O,True,True,True
cervicitis,2,2,2,6160 | N72,6 | N,True,True,True
cesarea,2,2,2,741 | O82,7 | O,True,True,True
cesària,2,2,2,10D00Z1 | 741,1 | 7,True,True,True
cesárea,2,2,2,10D00Z1 | 741,1 | 7,True,True,True
cicatriz,2,2,2,7092 | L905,7 | L,True,True,True
cierre de ileostomía,2,2,2,4651 | V552,4 | V,True,True,True
cin,2,2,2,80772 | N879,8 | N,True,True,True
colegio,2,2,2,E8496 | Y92218,E | Y,True,True,True
colesterol,2,2,2,2720 | E7800,2 | E,True,True,True
colocación de port-a-cath,2,2,2,8607 | V5881,8 | V,True,True,True
colon irritable part,2,2,2,K589 | O9962,K | O,True,True,True
colpoplastia anterior,2,2,2,0JQC0ZZ | 7051,0 | 7,True,True,True
corioamnionitis,2,2,2,65841 | O411230,6 | O,True,True,True
corticoideo,2,2,2,9923 | E9320,9 | E,True,True,True
corticosteroides,2,2,2,3E0333Z | V5865,3 | V,True,True,True
corticoteràpia,2,2,2,3E0333Z | 9923,3 | 9,True,True,True
cpap,2,2,2,5A09457 | Z9989,5 | Z,True,True,True
crohn part,2,2,2,K5090 | O9962,K | O,True,True,True
cst,2,2,2,10D00Z1 | O34211,1 | O,True,True,True
cuerpo extraño esofágico,2,2,2,0DC58ZZ | T18198A,0 | T,True,True,True
cáncer de mama izquierda,2,2,2,1749 | C50912,1 | C,True,True,True
cólon irritable part,2,2,2,K589 | O9962,K | O,True,True,True
deficit proteina S parto,2,2,2,D6859 | O9912,D | O,True,True,True
demencia alzheimer,2,2,2,F0280 | G309,F | G,True,True,True
depresion parto,2,2,2,64841 | F329,6 | F,True,True,True
depresión part,2,2,2,F329 | O99344,F | O,True,True,True
depresión y ansiedad parto,2,2,2,F341 | O99344,F | O,True,True,True
dermatitis,2,2,2,6929 | L309,6 | L,True,True,True
dermatitis atópica part,2,2,2,L209 | O9972,L | O,True,True,True
derrame pleural,2,2,2,5119 | J90,5 | J,True,True,True
desgarro,2,2,2,0WQNXZZ | 66441,0 | 6,True,True,True
desgarro 2,2,2,2,0KQM0ZZ | O701,0 | O,True,True,True
desgarro IIIB,2,2,2,0DQR0ZZ | O7022,0 | O,True,True,True
desgarro grado 2,2,2,2,0KQM0ZZ | O701,0 | O,True,True,True
desgarro grado IIIA,2,2,2,0DQR0ZZ | O7021,0 | O,True,True,True
desgarro grado IIIa,2,2,2,0DQR0ZZ | O7021,0 | O,True,True,True
desgarro periuretral,2,2,2,0TQD7ZZ | O7182,0 | O,True,True,True
desgarro vagina,2,2,2,0UQGXZZ | O714,0 | O,True,True,True
desgarro vulva,2,2,2,0UQMXZZ | O700,0 | O,True,True,True
desorientación,2,2,2,2930 | R410,2 | R,True,True,True
diabetes,2,2,2,25000 | E119,2 | E,True,True,True
diabetes gestacional,2,2,2,64881 | O24429,6 | O,True,True,True
dialisis,2,2,2,5A1D70Z | Z992,5 | Z,True,True,True
diarreicas,2,2,2,78791 | R197,7 | R,True,True,True
digoxina,2,2,2,3E033RZ | 9929,3 | 9,True,True,True
discopatia lumbar,2,2,2,72293 | M5186,7 | M,True,True,True
dismenorrea,2,2,2,6253 | N946,6 | N,True,True,True
diurético,2,2,2,3E0337Z | 9929,3 | 9,True,True,True
diuréticos,2,2,2,3E0337Z | T501X5A,3 | T,True,True,True
diverticulosis parto,2,2,2,K635 | O9962,K | O,True,True,True
diálisis,2,2,2,5A1D70Z | Z992,5 | Z,True,True,True
dm,2,2,2,25000 | E119,2 | E,True,True,True
dm 1,2,2,2,25001 | E109,2 | E,True,True,True
doble anexectomía lap,2,2,2,0UT74ZZ | 6563,0 | 6,True,True,True
doble salpinguectomia,2,2,2,0UT70ZZ | 6651,0 | 6,True,True,True
doble salpinguectomía,2,2,2,0UT70ZZ | 6651,0 | 6,True,True,True
dolor abd,2,2,2,78900 | R109,7 | R,True,True,True
dolor articular,2,2,2,71949 | M2550,7 | M,True,True,True
dolor crónica,2,2,2,33829 | G8929,3 | G,True,True,True
dpf,2,2,2,66011 | O334XX0,6 | O,True,True,True
e.coli,2,2,2,04149 | B9620,0 | B,True,True,True
eco tv,2,2,2,8878 | BU4CZZZ,8 | B,True,True,True
ecografia renal,2,2,2,8875 | BT4JZZZ,8 | B,True,True,True
ecografía abdominal,2,2,2,8876 | BW40ZZZ,8 | B,True,True,True
ecografía renovesical,2,2,2,8875 | BT4JZZZ,8 | B,True,True,True
ecoscopia,2,2,2,8872 | B246ZZZ,8 | B,True,True,True
edema palpebral,2,2,2,37482 | H02849,3 | H,True,True,True
enf part,2,2,2,64891 | O99892,6 | O,True,True,True
enf puerperal,2,2,2,64894 | O9089,6 | O,True,True,True
enfisema,2,2,2,4928 | J439,4 | J,True,True,True
enfisematoso,2,2,2,4928 | J439,4 | J,True,True,True
epi,2,2,2,6149 | N739,6 | N,True,True,True
epigastralgia,2,2,2,78906 | R1013,7 | R,True,True,True
epilepsia,2,2,2,34590 | G40909,3 | G,True,True,True
epilepsia part,2,2,2,G40909 | O99354,G | O,True,True,True
episiotomia,2,2,2,0W8NXZZ | 736,0 | 7,True,True,True
episiotomía,2,2,2,0W8NXZZ | 736,0 | 7,True,True,True
eritema nodoso parto,2,2,2,L52 | O9972,L | O,True,True,True
esclerosis multiple parto,2,2,2,G35 | O99354,G | O,True,True,True
esclerosis múltiple,2,2,2,340 | G35,3 | G,True,True,True
esclerosis múltiple part,2,2,2,G35 | Z372,G | Z,True,True,True
escoliosis,2,2,2,73730 | M419,7 | M,True,True,True
espina bífida,2,2,2,74190 | Q059,7 | Q,True,True,True
espondilitis anquilosante part,2,2,2,M459 | O99891,M | O,True,True,True
espondilitis anquilosante parto,2,2,2,M459 | O99891,M | O,True,True,True
espátulas,2,2,2,10D07Z8 | 728,1 | 7,True,True,True
esquizofrenia parto,2,2,2,F209 | O99344,F | O,True,True,True
estancamiento ponderal,2,2,2,78341 | R6251,7 | R,True,True,True
esteatosis,2,2,2,5718 | K760,5 | K,True,True,True
esteatosis hepatica,2,2,2,5718 | K760,5 | K,True,True,True
esteatosis hepática,2,2,2,5718 | K760,5 | K,True,True,True
estenosis aórtica,2,2,2,4241 | I350,4 | I,True,True,True
estilsona,2,2,2,3E0333Z | 9923,3 | 9,True,True,True
ex fumadora,2,2,2,V1582 | Z87891,V | Z,True,True,True
ex-fumador,2,2,2,V1582 | Z87891,V | Z,True,True,True
ex-fumadora,2,2,2,V1582 | Z87891,V | Z,True,True,True
exfumador,2,2,2,V1582 | Z87891,V | Z,True,True,True
extabaquismo,2,2,2,V1582 | Z87891,V | Z,True,True,True
extracción manual de placenta,2,2,2,10D17Z9 | O730,1 | O,True,True,True
extravasación de vía periférica,2,2,2,T8089XA | Y848,T | Y,True,True,True
fa,2,2,2,42731 | I4891,4 | I,True,True,True
factor V Leyden parto,2,2,2,D6851 | O9912,D | O,True,True,True
febril,2,2,2,78060 | R509,7 | R,True,True,True
fecaloma,2,2,2,56032 | K5641,5 | K,True,True,True
ferroterapia,2,2,2,2809 | 3E033GC,2 | 3,True,True,True
feto muerto,2,2,2,65643 | O364XX0,6 | O,True,True,True
fibrilación auricular,2,2,2,42731 | I4891,4 | I,True,True,True
fibromialgia,2,2,2,7291 | M797,7 | M,True,True,True
fiebre neutropenica,2,2,2,D709 | R5081,D | R,True,True,True
fiebre qx,2,2,2,78062 | R5082,7 | R,True,True,True
fisura palatina,2,2,2,2762 | 74900,2 | 7,True,True,True
fiv,2,2,2,O09813 | V2385,O | V,True,True,True
flutter auricular,2,2,2,42732 | I4892,4 | I,True,True,True
fmo,2,2,2,J9600 | K7200,J | K,True,True,True
foramen oval permeable,2,2,2,7455 | Q211,7 | Q,True,True,True
fumador parto,2,2,2,F17210 | O99334,F | O,True,True,True
fumadora PARTO,2,2,2,F17210 | O99334,F | O,True,True,True
gammaglobulina,2,2,2,30233S1 | 9914,3 | 9,True,True,True
gammaglobulina anti D,2,2,2,3E0234Z | 65611,3 | 6,True,True,True
gammaglobulina anti-D,2,2,2,9911 | O360130,9 | O,True,True,True
gammapatia monoclonal,2,2,2,97651 | D472,9 | D,True,True,True
gastritis cronica,2,2,2,53510 | K2950,5 | K,True,True,True
gastritis cronica parto,2,2,2,K2950 | O9962,K | O,True,True,True
gastritis crónica,2,2,2,53510 | K2950,5 | K,True,True,True
gastritis crónicas parto,2,2,2,K2950 | O9962,K | O,True,True,True
gastroenteritis,2,2,2,5589 | K529,5 | K,True,True,True
gastroenteritis aguda,2,2,2,5589 | K529,5 | K,True,True,True
gcp,2,2,2,64511 | O480,6 | O,True,True,True
gea 3t,2,2,2,K529 | O99613,K | O,True,True,True
globo vesical,2,2,2,78829 | R339,7 | R,True,True,True
hbp rao,2,2,2,N401 | R339,N | R,True,True,True
hematies,2,2,2,2851 | 9904,2 | 9,True,True,True
hematiés,2,2,2,30233N1 | 9904,3 | 9,True,True,True
hematometra,2,2,2,6214 | N857,6 | N,True,True,True
hematuria macroscópica,2,2,2,59971 | R310,5 | R,True,True,True
hematíes,2,2,2,30233N1 | 9904,3 | 9,True,True,True
hemicolectomia,2,2,2,V4572 | Z9049,V | Z,True,True,True
hemicolectomía,2,2,2,V4572 | Z9049,V | Z,True,True,True
hemoglobinopatia parto,2,2,2,D582 | O9902,D | O,True,True,True
hemorroides internas,2,2,2,4552 | K648,4 | K,True,True,True
hemorroides posparto,2,2,2,4556 | 67182,4 | 6,True,True,True
heparina,2,2,2,3E033GC | Z7901,3 | Z,True,True,True
hepatitis B part,2,2,2,B181 | O9842,B | O,True,True,True
hepatocarcinoma,2,2,2,1550 | 81703,1 | 8,True,True,True
hernia de hiato,2,2,2,5533 | K449,5 | K,True,True,True
hernia de hiato part,2,2,2,K449 | O9962,K | O,True,True,True
hernia discal L5-S1,2,2,2,72210 | M5127,7 | M,True,True,True
hernia hiatus parto,2,2,2,K449 | O9962,K | O,True,True,True
hernia incisional,2,2,2,55321 | K432,5 | K,True,True,True
hernia inguinal derecha,2,2,2,0YU50JZ | 55090,0 | 5,True,True,True
hernia lumbar,2,2,2,72210 | M5126,7 | M,True,True,True
hernioplastia inguinal derecha con malla,2,2,2,0YU50JZ | 5305,0 | 5,True,True,True
hidronefrosis,2,2,2,591 | N1330,5 | N,True,True,True
hidronefrosis congenita,2,2,2,75329 | Q620,7 | Q,True,True,True
hidronefrosis parto,2,2,2,N1330 | O26833,N | O,True,True,True
hidrosalpinx,2,2,2,6141 | N7011,6 | N,True,True,True
hierro,2,2,2,3E033GC | 9929,3 | 9,True,True,True
hiperfosforemia,2,2,2,2753 | E8339,2 | E,True,True,True
hiperglicemia,2,2,2,79029 | R739,7 | R,True,True,True
hiperglucemia,2,2,2,79029 | R739,7 | R,True,True,True
hipernatremia,2,2,2,2760 | E870,2 | E,True,True,True
hiperparatiroidismo,2,2,2,25200 | E213,2 | E,True,True,True
hiperparatiroidismo primario,2,2,2,25201 | E210,2 | E,True,True,True
hiperpotasemia,2,2,2,2767 | E875,2 | E,True,True,True
hipertension,2,2,2,4019 | I10,4 | I,True,True,True
hipertensión,2,2,2,4019 | I10,4 | I,True,True,True
hipertiroidismo,2,2,2,24290 | E0590,2 | E,True,True,True
hipertiroidismo part,2,2,2,E0590 | O99284,E | O,True,True,True
hipertiroidismo parto,2,2,2,E0590 | O99284,E | O,True,True,True
hipertrigliceridemia parto,2,2,2,E781 | O99284,E | O,True,True,True
hipertrofia amigdalar,2,2,2,47411 | J351,4 | J,True,True,True
hiperuricemia,2,2,2,7906 | E790,7 | E,True,True,True
hiperventilación,2,2,2,78601 | R064,7 | R,True,True,True
hipoacusia,2,2,2,3899 | H9190,3 | H,True,True,True
hipoalbuminemia,2,2,2,2738 | E8809,2 | E,True,True,True
hipoglicemia,2,2,2,2512 | E162,2 | E,True,True,True
hipopotasemia,2,2,2,2768 | E876,2 | E,True,True,True
hipotiroidisme,2,2,2,2449 | E039,2 | E,True,True,True
hipotiroidismo PART,2,2,2,E039 | O99284,E | O,True,True,True
hipotiroidismo Tiroidectomia parto,2,2,2,E890 | O99284,E | O,True,True,True
hipotiroidismo Tiroidectomía parto,2,2,2,E890 | O99284,E | O,True,True,True
hipotiroidismo anteparto,2,2,2,2449 | 64813,2 | 6,True,True,True
hipotiroidismo postquirúrgico parto,2,2,2,E890 | O99284,E | O,True,True,True
histerectomía subtotal,2,2,2,0UT90ZL | 6839,0 | 6,True,True,True
historia AIT,2,2,2,V1254 | Z8673,V | Z,True,True,True
historia TEP,2,2,2,V1255 | Z86711,V | Z,True,True,True
historia ca mama,2,2,2,V103 | Z853,V | Z,True,True,True
historia fractura,2,2,2,V1551 | Z8781,V | Z,True,True,True
historia part prematuro,2,2,2,O09213 | V2341,O | V,True,True,True
hospital,2,2,2,E8497 | Y92239,E | Y,True,True,True
hta + ERC 4,2,2,2,40390 | 5854,4 | 5,True,True,True
hta IRC,2,2,2,I129 | N189,I | N,True,True,True
hta icc irc,2,2,2,I130 | N189,I | N,True,True,True
hta ice,2,2,2,D509 | I501,D | I,True,True,True
hta irc,2,2,2,40390 | N189,4 | N,True,True,True
hta irc 2,2,2,2,I129 | N182,I | N,True,True,True
hta irc 3,2,2,2,I129 | N183,I | N,True,True,True
hta irc 5,2,2,2,I120 | N185,I | N,True,True,True
hta irc 6 icc,2,2,2,I509 | N186,I | N,True,True,True
icc,2,2,2,4280 | I509,4 | I,True,True,True
ileostomia,2,2,2,V442 | Z932,V | Z,True,True,True
imc 33,2,2,2,V8533 | Z6833,V | Z,True,True,True
incontinencia de orina,2,2,2,78830 | R32,7 | R,True,True,True
infeccion qx,2,2,2,99859 | T8140XA,9 | T,True,True,True
infección de herida quirúrgica,2,2,2,99859 | T8140XA,9 | T,True,True,True
infección urinaria,2,2,2,5990 | N390,5 | N,True,True,True
insuficiencia mitral parto,2,2,2,I341 | O9942,I | O,True,True,True
insuficiencia renal crónica,2,2,2,5859 | N189,5 | N,True,True,True
insulina,2,2,2,9917 | Z794,9 | Z,True,True,True
intolerancia a la lactosa,2,2,2,2713 | E739,2 | E,True,True,True
ira,2,2,2,5849 | N179,5 | N,True,True,True
ira 2,2,2,2,51881 | J9600,5 | J,True,True,True
irc,2,2,2,5859 | N189,5 | N,True,True,True
irc 3,2,2,2,5853 | N183,5 | N,True,True,True
itu anteparto,2,2,2,5990 | N390,5 | N,True,True,True
iue,2,2,2,6256 | N393,6 | N,True,True,True
laceración periuretral,2,2,2,0TQD7ZZ | O7182,0 | O,True,True,True
laparoscopia asistida por robot,2,2,2,1742 | 8E0W4CZ,1 | 8,True,True,True
laringomalacia,2,2,2,7483 | Q315,7 | Q,True,True,True
legrado puerperal,2,2,2,10D17ZZ | 6902,1 | 6,True,True,True
leiomioma,2,2,2,88900 | D259,8 | D,True,True,True
leucocitosis rn,2,2,2,D72829 | P618,D | P,True,True,True
linfadenectomia paraaortica,2,2,2,07TD0ZZ | 4052,0 | 4,True,True,True
linfadenectomía pélvica,2,2,2,07TC0ZZ | 4053,0 | 4,True,True,True
linfopenia,2,2,2,28851 | D72810,2 | D,True,True,True
litiasis renal parto,2,2,2,N200 | O26833,N | O,True,True,True
litiasis renales,2,2,2,5920 | N200,5 | N,True,True,True
líquido ascítico,2,2,2,0W9G3ZZ | 5491,0 | 5,True,True,True
líquido pleural,2,2,2,0W993ZZ | 3491,0 | 3,True,True,True
macrosoma,2,2,2,65661 | O3663X0,6 | O,True,True,True
mamoplastia de aumento,2,2,2,V4382 | Z9882,V | Z,True,True,True
marcapasos,2,2,2,V4501 | Z950,V | Z,True,True,True
marihuana parto,2,2,2,F1210 | O99324,F | O,True,True,True
mastectomia bilateral,2,2,2,8542 | Z9013,8 | Z,True,True,True
mastectomia izquierda,2,2,2,0HTU0ZZ | 8541,0 | 8,True,True,True
mastectomía D,2,2,2,8541 | Z9011,8 | Z,True,True,True
mastitis,2,2,2,6110 | N610,6 | N,True,True,True
megacolon parto,2,2,2,K5939 | O9962,K | O,True,True,True
melenas,2,2,2,5781 | K921,5 | K,True,True,True
meningioma,2,2,2,95300 | D320,9 | D,True,True,True
metrorragia,2,2,2,6266 | N921,6 | N,True,True,True
metrorragia postmenopausica,2,2,2,6271 | N950,6 | N,True,True,True
mf,2,2,2,4A1HXCZ | 7534,4 | 7,True,True,True
miastenia gravis,2,2,2,35800 | G7000,3 | G,True,True,True
microcefalia,2,2,2,7421 | Q02,7 | Q,True,True,True
mieloma múltiple,2,2,2,97323 | C9000,9 | C,True,True,True
migraña 3t,2,2,2,G43909 | O99353,G | O,True,True,True
migrañas PART,2,2,2,G43909 | O99354,G | O,True,True,True
migrañas con aura parto,2,2,2,G43109 | O99354,G | O,True,True,True
miocardiopatía dilatada,2,2,2,4254 | I420,4 | I,True,True,True
mioma intramural,2,2,2,2181 | D251,2 | D,True,True,True
mioma submucoso,2,2,2,2180 | D250,2 | D,True,True,True
mioma subseroso parto,2,2,2,D252 | O3413,D | O,True,True,True
miomas,2,2,2,2189 | 88950,2 | 8,True,True,True
miomas subseroso parto,2,2,2,D252 | O3413,D | O,True,True,True
miomas subserosos,2,2,2,2182 | D252,2 | D,True,True,True
miomatoso,2,2,2,2189 | 88950,2 | 8,True,True,True
miopia part,2,2,2,H5210 | O99892,H | O,True,True,True
mujer,2,2,2,V270 | Z370,V | Z,True,True,True
ne sng,2,2,2,0DH67UZ | 3E03329,0 | 3,True,True,True
nebulitzacions,2,2,2,3E0F7GC | 9394,3 | 9,True,True,True
nebulitzat,2,2,2,3E0F7GC | 9394,3 | 9,True,True,True
nebulizado,2,2,2,3E0F7GC | 9394,3 | 9,True,True,True
nefrectomía,2,2,2,V4573 | Z905,V | Z,True,True,True
nefropatia dm,2,2,2,58381 | E1122,5 | E,True,True,True
nefropatía diabética,2,2,2,58381 | E1122,5 | E,True,True,True
nefrostomía,2,2,2,5502 | Z936,5 | Z,True,True,True
neoplasia de endometrio,2,2,2,1820 | C541,1 | C,True,True,True
neoplasia de mama,2,2,2,1749 | C50919,1 | C,True,True,True
neoplasia de mama izquierda,2,2,2,1749 | C50912,1 | C,True,True,True
neumococo,2,2,2,0412 | B953,0 | B,True,True,True
neumonía neumocócica,2,2,2,481 | J13,4 | J,True,True,True
neutropenia,2,2,2,28800 | D709,2 | D,True,True,True
neutropenia post qt,2,2,2,D701 | T451X5A,D | T,True,True,True
nutricion enteral sng,2,2,2,0DH67UZ | 3E0G76Z,0 | 3,True,True,True
nutrición enteral,2,2,2,3E0G76Z | 966,3 | 9,True,True,True
nutrición parenteral,2,2,2,3E0336Z | 9915,3 | 9,True,True,True
nódulo tiroideo part,2,2,2,E041 | O99284,E | O,True,True,True
nódulo tiroideo parto,2,2,2,E041 | O99284,E | O,True,True,True
nódulos tiroideos parto,2,2,2,E041 | O99284,E | O,True,True,True
o2,2,2,2,3E0F7SF | 9396,3 | 9,True,True,True
obesa,2,2,2,27800 | E669,2 | E,True,True,True
obesdidad mórbida part,2,2,2,E6601 | O99214,E | O,True,True,True
obesidad 2t,2,2,2,E669 | O99212,E | O,True,True,True
obesidad 3T,2,2,2,E669 | O99213,E | O,True,True,True
obesidad 3t,2,2,2,E669 | O99213,E | O,True,True,True
obesidad PART,2,2,2,E669 | O99214,E | O,True,True,True
obesidad morbida part,2,2,2,E6601 | O99214,E | O,True,True,True
obesitat 3t,2,2,2,E669 | Z6830,E | Z,True,True,True
obesitat mòrbida part,2,2,2,E6601 | O99214,E | O,True,True,True
obeso,2,2,2,27800 | E669,2 | E,True,True,True
obseidad anteparto,2,2,2,27800 | 64913,2 | 6,True,True,True
oligoamnios,2,2,2,65801 | O4103X0,6 | O,True,True,True
osteoporosis corticoidea,2,2,2,M818 | T380X5A,M | T,True,True,True
oxigen,2,2,2,3E0F7SF | 9396,3 | 9,True,True,True
oxigeno,2,2,2,3E0F7SF | 9396,3 | 9,True,True,True
oxigenoterapia,2,2,2,3E0F7SF | 9396,3 | 9,True,True,True
oxigenoteràpia,2,2,2,3E0F7SF | 9396,3 | 9,True,True,True
palpitaciones,2,2,2,7851 | R002,7 | R,True,True,True
pancreatitis aguda,2,2,2,5770 | K8590,5 | K,True,True,True
pancreatitis crónica parto,2,2,2,K861 | O9962,K | O,True,True,True
paracentesis evacuadora,2,2,2,0W9G3ZZ | 5491,0 | 5,True,True,True
paraplejia,2,2,2,3441 | G8220,3 | G,True,True,True
parestesias,2,2,2,7820 | R202,7 | R,True,True,True
parto pretérmino,2,2,2,64421 | O6014X0,6 | O,True,True,True
pectus excavatum,2,2,2,75481 | Q676,7 | Q,True,True,True
peritonectomía,2,2,2,0DBW0ZZ | 544,0 | 5,True,True,True
peritonitis aguda,2,2,2,56729 | K650,5 | K,True,True,True
perthes,2,2,2,7321 | M9110,7 | M,True,True,True
pge2,2,2,2,3E0P7VZ | O365930,3 | O,True,True,True
pielonefritis,2,2,2,59010 | N10,5 | N,True,True,True
pielonefritis del injerto,2,2,2,N10 | T8613,N | T,True,True,True
pielonefritis del injerto renal,2,2,2,N10 | T8613,N | T,True,True,True
plaquetopenia,2,2,2,2875 | D691,2 | D,True,True,True
plaquetopenia part,2,2,2,D696 | O9912,D | O,True,True,True
pna 3t,2,2,2,B9689 | O2303,B | O,True,True,True
podálica 2,2,2,2,66001 | O328XX2,6 | O,True,True,True
policaries,2,2,2,52100 | K029,5 | K,True,True,True
polipo endometrial,2,2,2,0UB98ZZ | N840,0 | N,True,True,True
polipo endometrio,2,2,2,0UB98ZZ | 6210,0 | 6,True,True,True
poliquistosis renal,2,2,2,75312 | Q613,7 | Q,True,True,True
pp,2,2,2,64421 | O6014X0,6 | O,True,True,True
preeclampsia leve,2,2,2,64241 | O1404,6 | O,True,True,True
pretérmino,2,2,2,64421 | O6014X0,6 | O,True,True,True
proteinuria,2,2,2,7910 | R809,7 | R,True,True,True
protesis mama,2,2,2,E8781 | V4382,E | V,True,True,True
prótesis mamarias,2,2,2,V4382 | Z9882,V | Z,True,True,True
psoriasis part,2,2,2,L409 | O9972,L | O,True,True,True
pti parto,2,2,2,64931 | D693,6 | D,True,True,True
pubertad precoz,2,2,2,2591 | E301,2 | E,True,True,True
pulmonar,2,2,2,1970 | C7800,1 | C,True,True,True
punción folicuar,2,2,2,0UDN3ZZ | Z3183,0 | Z,True,True,True
pólipos endometriales,2,2,2,0UB98ZZ | N840,0 | N,True,True,True
quimio,2,2,2,E9331 | V5811,E | V,True,True,True
quimioterápico,2,2,2,9925 | E9331,9 | E,True,True,True
quiste branquial,2,2,2,0JB40ZZ | Q180,0 | Q,True,True,True
quiste ovario parto,2,2,2,65441 | O3483,6 | O,True,True,True
rabdomiolisis,2,2,2,72888 | M6282,7 | M,True,True,True
radiografía de tórax,2,2,2,8744 | BW03ZZZ,8 | B,True,True,True
rao posparto,2,2,2,O9089 | R339,O | R,True,True,True
re +,2,2,2,V860 | Z170,V | Z,True,True,True
re -,2,2,2,V861 | Z170,V | Z,True,True,True
re+,2,2,2,V860 | Z170,V | Z,True,True,True
recien nacida,2,2,2,V270 | Z370,V | Z,True,True,True
recien nacido,2,2,2,V270 | Z370,V | Z,True,True,True
recién nacida,2,2,2,V270 | Z370,V | Z,True,True,True
retirada de Port-a-cath,2,2,2,8605 | V5881,8 | V,True,True,True
rge,2,2,2,53081 | K219,5 | K,True,True,True
rhinovirus,2,2,2,0793 | B348,0 | B,True,True,True
rinitis alergica,2,2,2,4779 | J309,4 | J,True,True,True
rinitis alergica parto,2,2,2,J309 | O9952,J | O,True,True,True
rn,2,2,2,V270 | Z370,V | Z,True,True,True
rn muerto,2,2,2,V271 | Z371,V | Z,True,True,True
rosácea parto,2,2,2,L719 | O9972,L | O,True,True,True
rotura prematura de membranas,2,2,2,65811 | O4292,6 | O,True,True,True
rubeola NO INMune,2,2,2,O9852 | Z228,O | Z,True,True,True
rubeola NO inmune,2,2,2,O9852 | Z228,O | Z,True,True,True
rubeola No inmune,2,2,2,O9852 | Z228,O | Z,True,True,True
rubéola no inmune,2,2,2,O9852 | Z228,O | Z,True,True,True
salbutamol,2,2,2,3E0F7GC | 9394,3 | 9,True,True,True
salpingectomia bilateral,2,2,2,0UT70ZZ | 6651,0 | 6,True,True,True
salpingooforectomía bilateral,2,2,2,0UT20ZZ | 6561,0 | 6,True,True,True
sangrado postoperatorio,2,2,2,99811 | N99820,9 | N,True,True,True
saos,2,2,2,32723 | G4733,3 | G,True,True,True
sarcoidosis pulmonar,2,2,2,5178 | D860,5 | D,True,True,True
sdme ansioso-depresivo parto,2,2,2,F418 | O99344,F | O,True,True,True
sgb +,2,2,2,64891 | V0251,6 | V,True,True,True
sgb parto,2,2,2,O99824 | V0251,O | V,True,True,True
sgb positivo,2,2,2,O99824 | V0251,O | V,True,True,True
sobrepeso part,2,2,2,E663 | Z6829,E | Z,True,True,True
sobrepeso parto,2,2,2,E663 | O99214,E | O,True,True,True
sonda vesical,2,2,2,0T9B7ZZ | 5794,0 | 5,True,True,True
soplo cardiaco,2,2,2,7852 | R011,7 | R,True,True,True
soplo cardíaco,2,2,2,7852 | R011,7 | R,True,True,True
stent,2,2,2,V4582 | Z955,V | Z,True,True,True
stent coronaria,2,2,2,V4582 | Z955,V | Z,True,True,True
stent farmacoactivo,2,2,2,V4582 | Z955,V | Z,True,True,True
stp,2,2,2,3E0337Z | 9918,3 | 9,True,True,True
submaxilectomia izquierda,2,2,2,0CBH0ZZ | 2631,0 | 2,True,True,True
suero,2,2,2,3E0337Z | 9918,3 | 9,True,True,True
sueroteràpia,2,2,2,3E0337Z | 9918,3 | 9,True,True,True
sv,2,2,2,0T9B70Z | 5794,0 | 5,True,True,True
síncope,2,2,2,7802 | R55,7 | R,True,True,True
síndrome ansioso parto,2,2,2,F419 | O99344,F | O,True,True,True
síndrome ansioso-depresivo part,2,2,2,F418 | O99344,F | O,True,True,True
síndrome antifosfolípido,2,2,2,28981 | D6861,2 | D,True,True,True
síndrome de Noonan,2,2,2,75989 | Q8719,7 | Q,True,True,True
síndrome mielodisplásico,2,2,2,99893 | D469,9 | D,True,True,True
tabaco part,2,2,2,F17210 | O99334,F | O,True,True,True
tabaco parto,2,2,2,F17210 | G43909,F | G,True,True,True
tabaquismo part,2,2,2,F17210 | O99334,F | O,True,True,True
tac abd,2,2,2,8801 | BW20ZZZ,8 | B,True,True,True
talla baja,2,2,2,78343 | R6252,7 | R,True,True,True
taquicardia supraventricular,2,2,2,4270 | I471,4 | I,True,True,True
taquicardias,2,2,2,7850 | R000,7 | R,True,True,True
temblor esencial,2,2,2,3331 | G250,3 | G,True,True,True
transaminasas,2,2,2,7904 | R740,7 | R,True,True,True
trasplante renal,2,2,2,5569 | V420,5 | V,True,True,True
trastorno adaptativo parto,2,2,2,F4320 | O99344,F | O,True,True,True
trastorno ansioso-depresivo parto,2,2,2,F418 | O99344,F | O,True,True,True
trastorno bipolar parto,2,2,2,F319 | O99344,F | O,True,True,True
trastorno depresivo,2,2,2,311 | F329,3 | F,True,True,True
traumatismo craneoencefálico,2,2,2,8500 | S060X0A,8 | S,True,True,True
trombocitosis,2,2,2,99623 | D473,9 | D,True,True,True
trombofilia part,2,2,2,D6859 | O9912,D | O,True,True,True
trombopenia,2,2,2,2875 | D696,2 | D,True,True,True
trombopenia part,2,2,2,D696 | O9912,D | O,True,True,True
trombopenia parto,2,2,2,64931 | D696,6 | D,True,True,True
tumorectomia mama izquierda,2,2,2,0HBU0ZZ | 8521,0 | 8,True,True,True
ulcus gástrico parto,2,2,2,K259 | O9962,K | O,True,True,True
urocultivo,2,2,2,5990 | N390,5 | N,True,True,True
urticaria cronica parto,2,2,2,L508 | O9972,L | O,True,True,True
utero bicorne parto,2,2,2,O3403 | Q513,O | Q,True,True,True
vaginitis parto,2,2,2,N760 | O23593,N | O,True,True,True
vagintis parto,2,2,2,N760 | O23593,N | O,True,True,True
ventosa,2,2,2,10D07Z6 | O631,1 | O,True,True,True
vitiligo parto,2,2,2,L80 | O9972,L | O,True,True,True
vitíligo parto,2,2,2,L80 | O9972,L | O,True,True,True
vm 2,2,2,2,5A1955Z | 9672,5 | 9,True,True,True
von willebrand parto,2,2,2,D680 | O9912,D | O,True,True,True
vph part,2,2,2,B977 | O9852,B | O,True,True,True
vulvitis,2,2,2,61610 | N762,6 | N,True,True,True
vòmits,2,2,2,78703 | R1110,7 | R,True,True,True
vómito,2,2,2,78703 | R1110,7 | R,True,True,True
xoc sèptic,2,2,2,A419 | R6521,A | R,True,True,True
Útero subsepto parto,2,2,2,O34593 | Q5120,O | Q,True,True,True
útero bicorne part,2,2,2,O3403 | Q513,O | Q,True,True,True
útero septo part,2,2,2,O3403 | Q5120,O | Q,True,True,True
útero septo parto,2,2,2,O3403 | Q5120,O | Q,True,True,True
HISTERECTOMÍA abdominal RADICAL,4,4,1,0UT40ZZ | 0UT70ZZ | 0UT90ZZ | 0UTC0ZZ,0,True,True,False
cistectomía radical,4,4,1,07TC0ZZ | 0TTB0ZZ | 0VT00ZZ | 0VT30ZZ,0,True,True,False
cistectomía radical LAP,4,4,1,07TC4ZZ | 0TTB4ZZ | 0VT04ZZ | 0VT34ZZ,0,True,True,False
cistectomía radical laparoscopica,4,4,1,07TC4ZZ | 0TTB4ZZ | 0VT04ZZ | 0VT34ZZ,0,True,True,False
histerectomia abdomial radical,4,4,1,0UT20ZZ | 0UT70ZZ | 0UT90ZZ | 0UTC0ZZ,0,True,True,False
DOBLE ANEXECTOMÏA,3,3,1,07BC0ZX | 0UT20ZZ | 0UT70ZZ,0,True,True,False
HISTERECTOMÍA RADICAL,3,3,1,0UT40ZZ | 0UT90ZZ | 0UTC0ZZ,0,True,True,False
Hipertension Insuficiencia cardiaca,3,3,1,I110 | I5030 | I509,I,True,True,False
Prostatectomía Radical laparoscópica,3,3,1,07TC4ZZ | 0VT04ZZ | 0VT34ZZ,0,True,True,False
SOP parto,3,3,1,E039 | E221 | E7800,E,True,True,False
cesárea anterior,3,3,1,O3421 | O34211 | O34219,O,True,True,False
cistectomía radical laparoscópico,3,3,1,0TTB4ZZ | 0VT04ZZ | 0VT34ZZ,0,True,True,False
doppler renal,3,3,1,B448ZZZ | B54LZZZ | BT43ZZZ,B,True,True,False
prostatectomía radical laparoscópica,3,3,1,07TC4ZZ | 0VT04ZZ | 0VT34ZZ,0,True,True,False
- Rx tórax y abdomen,2,2,1,BW00ZZZ | BW03ZZZ,B,True,True,False
ADENOAMIGDALECTOMÍA,2,2,1,0CTPXZZ | 0CTQXZZ,0,True,True,False
ANEXECTOMIA BILATERAL Lap,2,2,1,0UT24ZZ | 0UT74ZZ,0,True,True,False
ANEXECTOMIA BILATERAL lap,2,2,1,0UT24ZZ | 0UT74ZZ,0,True,True,False
ANEXECTOMIA DERECHA,2,2,1,0UB90ZZ | 0UT00ZZ,0,True,True,False
ANEXECTOMIA DERECHA LAPAROSCOPIA,2,2,1,0UT04ZZ | 0UT54ZZ,0,True,True,False
ANEXECTOMIA IZQUIERDA POR LAPAROSCOPIA,2,2,1,0UT14ZZ | 0UT64ZZ,0,True,True,False
ANEXECTOMÍA BILATERAL LAPAROSCOPIA,2,2,1,0UT24ZZ | 0UT74ZZ,0,True,True,False
ANEXECTOMÍA BILATERAL POR LAPAROSCOPIA,2,2,1,0UT24ZZ | 0UT74ZZ,0,True,True,False
ANEXECTOMÍA BILATERAL VIA LAPAROSCÓPICA,2,2,1,0UT24ZZ | 0UT74ZZ,0,True,True,False
ANEXECTOMÍA BILATERAL VÍA LAPAROSCÓPICA,2,2,1,0UT24ZZ | 0UT74ZZ,0,True,True,False
ANEXECTOMÍA DERECHA LAPAROSCOPICA,2,2,1,0UT04ZZ | 0UT54ZZ,0,True,True,False
ANEXECTOMÍA DERECHA LAPAROSCÓPICA,2,2,1,0UT04ZZ | 0UT54ZZ,0,True,True,False
ANEXECTOMÏA BILATERAL,2,2,1,0UT20ZZ | 0UT70ZZ,0,True,True,False
Alergia AINES,2,2,1,Z886 | Z888,Z,True,True,False
Alergia a amoxicilina,2,2,1,V140 | V141,V,True,True,False
Amniorrexis,2,2,1,O4202 | O4292,O,True,True,False
Anemia crónica,2,2,1,D539 | D649,D,True,True,False
Anemia puerperal,2,2,1,O9081 | O9903,O,True,True,False
Anexectomia izquierda laparoscópica,2,2,1,0UT14ZZ | 0UT64ZZ,0,True,True,False
Anexectomía bilateral,2,2,1,0UT20ZZ | 0UT70ZZ,0,True,True,False
Anexectomía bilateral lap,2,2,1,0UT24ZZ | 0UT74ZZ,0,True,True,False
Anexectomía derecha laparoscopica,2,2,1,0UT04ZZ | 0UT54ZZ,0,True,True,False
Anexectomía izquierda por laparoscopia,2,2,1,0UT14ZZ | 0UT64ZZ,0,True,True,False
Angio TaC pulmonar,2,2,1,B32SZZZ | B32TZZZ,B,True,True,False
AngioTC toracic,2,2,1,B32SZZZ | B32TZZZ,B,True,True,False
AngioTC torácico,2,2,1,B32SZZZ | B32TZZZ,B,True,True,False
Artritis reumatoide,2,2,1,M059 | M069,M,True,True,False
Atonía uterina posparto,2,2,1,O721 | O7589,O,True,True,False
BSGC INGUINAL BILATERAL,2,2,1,07BH0ZX | 07BJ0ZX,0,True,True,False
Bandolera,2,2,1,O6981X0 | O6982X0,O,True,True,False
CESÁREA ANTERIOR,2,2,1,O3421 | O34219,O,True,True,False
CIRCUNCISIÓN,2,2,1,0VNSXZZ | 0VTTXZZ,0,True,True,False
Ca mama izquierda,2,2,1,C50412 | C50912,C,True,True,False
Candidiasis vaginal parto,2,2,1,B373 | B3732,B,True,True,False
Carcinoma lobulillar infiltrante,2,2,1,85203 | 85223,8,True,True,False
Cesárea anterior,2,2,1,O3421 | O34211,O,True,True,False
Cesárea anterior:,2,2,1,O34211 | O34219,O,True,True,False
Cesárea previa,2,2,1,O34211 | O34219,O,True,True,False
DOBLE ANEXECTOMÍA LAPAROSCÓPIA,2,2,1,0UT24ZZ | 0UT74ZZ,0,True,True,False
DOBLE ANEXECTOMÍA LAPAROSCÓPICA,2,2,1,0UT24ZZ | 0UT74ZZ,0,True,True,False
DOBLE ANEXECTOMÍA lap,2,2,1,0UT24ZZ | 0UT74ZZ,0,True,True,False
DORSAL ANCHO mama izquierda,2,2,1,0HRU075 | 0KBG0ZZ,0,True,True,False
Diabetes gestacional,2,2,1,O24419 | O24429,O,True,True,False
Doble anexectomia laparocopia,2,2,1,0UT24ZZ | 0UT74ZZ,0,True,True,False
Déficit vit B12 part,2,2,1,O99284 | O99344,O,True,True,False
ECO,2,2,1,8875 | 8876,8,True,True,False
ECO TV,2,2,1,8878 | 8879,8,True,True,False
EMBOLIZACION arterias uterinas,2,2,1,04LE3ZT | 04LF3ZU,0,True,True,False
Eco tv,2,2,1,8878 | 8879,8,True,True,False
Ecografia,2,2,1,8876 | 8879,8,True,True,False
Ecografía cerebral,2,2,1,B040ZZZ | BH4CZZZ,B,True,True,False
Ecografía de troncos supraórticos,2,2,1,B341ZZZ | B348ZZZ,B,True,True,False
Ecografía-Doppler de troncos supraaórticos,2,2,1,B341ZZZ | B348ZZZ,B,True,True,False
Embolización arterias uterinas,2,2,1,04LE3ZT | 04LF3ZU,0,True,True,False
Espasmes del plor,2,2,1,R252 | R6811,R,True,True,False
FR DIAFISARIA DE TIBIA Y PERONÉ DERECHOS,2,2,1,S82201A | S82401A,S,True,True,False
GS: A (+),2,2,1,Z6710 | Z6711,Z,True,True,False
Gestación gemelar,2,2,1,65101 | 65103,6,True,True,False
HELLP,2,2,1,O1423 | O1424,O,True,True,False
HISTERECTOMIA TOTAL VAGINAL,2,2,1,0UT97ZZ | 0UTC7ZZ,0,True,True,False
HISTERECTOMÍA TOTAL,2,2,1,0UT90ZZ | 0UTC0ZZ,0,True,True,False
HTA icc,2,2,1,I110 | I509,I,True,True,False
HTA insuficiencia cardiaca,2,2,1,I110 | I509,I,True,True,False
HTA irc anteparto,2,2,1,64213 | 64223,6,True,True,False
HTA. ERC icc,2,2,1,I130 | I509,I,True,True,False
Hernia discal parto,2,2,1,O9989 | O99892,O,True,True,False
Histerectomia abdominal total lap,2,2,1,0UT94ZZ | 0UTC4ZZ,0,True,True,False
Histerectomia total abd,2,2,1,0UT90ZZ | 0UTC0ZZ,0,True,True,False
Historia de SARS CoV2,2,2,1,Z8616 | Z8619,Z,True,True,False
ITU por E.coli,2,2,1,B961 | B9620,B,True,True,False
Insuficiencia renal crónica agudizada,2,2,1,N179 | N189,N,True,True,False
LCR,2,2,1,009U3ZX | 0331,0,True,True,False
MADDEN DERECHA,2,2,1,07T50ZZ | 0HTT0ZZ,0,True,True,False
MADDEN izquierda,2,2,1,07T60ZZ | 0HTU0ZZ,0,True,True,False
MANCHESTER,2,2,1,0JQC0ZZ | 0UTC7ZZ,0,True,True,False
MAdDEN DERECHA,2,2,1,07T50ZZ | 0HTT0ZZ,0,True,True,False
Madden derecha,2,2,1,07T50ZZ | 0HTT0ZZ,0,True,True,False
Maduracion pulmonar,2,2,1,3E0233Z | 3E023GC,3,True,True,False
Maduración pulmonar,2,2,1,3E0233Z | 3E023GC,3,True,True,False
NEFROURETERECTOMÍA DERECHA LAPAROSCÓPICA,2,2,1,0TT04ZZ | 0TT64ZZ,0,True,True,False
NEOPLASIA,2,2,1,80000 | 80003,8,True,True,False
NEOPLASIA DE MAMA BILATERAL,2,2,1,C50911 | C50912,C,True,True,False
Nesbitt,2,2,1,0VBS0ZZ | 0VNS0ZZ,0,True,True,False
Ovarios con múltiples quistes foliculares,2,2,1,N8301 | N8302,N,True,True,False
Poliquistosis hepatorrenal,2,2,1,Q446 | Q613,Q,True,True,False
Preeclampsia grave,2,2,1,O1413 | O1414,O,True,True,False
Punción lumbar,2,2,1,009U3ZX | 0331,0,True,True,False
RCIU anteparto,2,2,1,65633 | 65653,6,True,True,False
RE+,2,2,1,V860 | V861,V,True,True,False
RX de tórax y abdomen,2,2,1,BW00ZZZ | BW03ZZZ,B,True,True,False
Radiografía caderas,2,2,1,BQ00ZZZ | BQ01ZZZ,B,True,True,False
Rx Tórax y abdomen,2,2,1,BW00ZZZ | BW03ZZZ,B,True,True,False
Rx de tórax y abdomen,2,2,1,BW00ZZZ | BW03ZZZ,B,True,True,False
Rx tórax y abdomen,2,2,1,BW00ZZZ | BW03ZZZ,B,True,True,False
Síndrome constitucional,2,2,1,R630 | R634,R,True,True,False
TAC DE ARTERIAS PULMONARES,2,2,1,B32SZZZ | B32TZZZ,B,True,True,False
TC ARTERIAS PULMONARES,2,2,1,B32S1ZZ | B32T1ZZ,B,True,True,False
TVP,2,2,1,45341 | 45351,4,True,True,False
Trocanteritis bilateral,2,2,1,M7061 | M7062,M,True,True,False
Ureterohidronefrosis,2,2,1,N132 | N1330,N,True,True,False
Varices,2,2,1,I8390 | I8393,I,True,True,False
alteracion conductual,2,2,1,31289 | 3129,3,True,True,False
amniocentesis,2,2,1,10903ZU | 10907ZU,1,True,True,False
amniorrexis artificial,2,2,1,10907ZC | 10908ZC,1,True,True,False
anexectomia IZQUIERDA,2,2,1,0UT10ZZ | 0UT60ZZ,0,True,True,False
anexectomía bilteral,2,2,1,0UT20ZZ | 0UT70ZZ,0,True,True,False
artrosis manos,2,2,1,M19041 | M19042,M,True,True,False
atrofia Ovarios,2,2,1,N83311 | N83312,N,True,True,False
atrofia ovarios,2,2,1,N83311 | N83312,N,True,True,False
bulimia nerviosa parto,2,2,1,F419 | F502,F,True,True,False
ca mam bilateral,2,2,1,C50911 | C50912,C,True,True,False
cardiopatia hta icc,2,2,1,I5040 | I509,I,True,True,False
cesarea ant,2,2,1,O34211 | O34219,O,True,True,False
cesareas anteriores,2,2,1,O34211 | O34219,O,True,True,False
cesárea iterativa,2,2,1,O34211 | O34219,O,True,True,False
cesárea previa,2,2,1,O34211 | O34219,O,True,True,False
cesáreas anteriores,2,2,1,O3421 | O34211,O,True,True,False
cesáreas previas,2,2,1,O34211 | O34219,O,True,True,False
cistectomía radical laparoscópica,2,2,1,07TC4ZZ | 0TTB4ZZ,0,True,True,False
cistoprostatectomía radical laparoscopica,2,2,1,0TTB4ZZ | 0VT04ZZ,0,True,True,False
depresión,2,2,1,F329 | F32A,F,True,True,False
doble ANEXECTOMÍA,2,2,1,0UT20ZZ | 0UT70ZZ,0,True,True,False
doble j BILATERAL,2,2,1,0T9380Z | 0T9480Z,0,True,True,False
dolor eeii,2,2,1,M79661 | M79662,M,True,True,False
doppler tsa,2,2,1,B341ZZZ | B348ZZZ,B,True,True,False
dtt bilateral,2,2,1,099500Z | 099600Z,0,True,True,False
duplicidad renal,2,2,1,Q630 | Q638,Q,True,True,False
eco tsa,2,2,1,B341ZZZ | B348ZZZ,B,True,True,False
ecografía cerebral,2,2,1,B040ZZZ | BH4CZZZ,B,True,True,False
ecografía transfontanelar,2,2,1,B040ZZZ | BH4CZZZ,B,True,True,False
enterococo,2,2,1,B952 | B955,B,True,True,False
espondilosis,2,2,1,M4300 | M479,M,True,True,False
etmoidectomía bilateral,2,2,1,09BU8ZZ | 09BV8ZZ,0,True,True,False
eventroplastia,2,2,1,5361 | 5362,5,True,True,False
fibromialgia part,2,2,1,O9989 | O99891,O,True,True,False
fórceps,2,2,1,720 | 724,7,True,True,False
ganglio centinela,2,2,1,4011 | 4023,4,True,True,False
gonalgia bilateral,2,2,1,M25561 | M25562,M,True,True,False
hipotiroidismo,2,2,1,E038 | E039,E,True,True,False
histerectomía total abd,2,2,1,0UT90ZZ | 0UTC0ZZ,0,True,True,False
histerectomía total vaginal,2,2,1,0UT97ZZ | 0UTC7ZZ,0,True,True,False
hta IRC icc,2,2,1,I130 | I509,I,True,True,False
linfadenectomía axilar izquierda,2,2,1,4011 | 4051,4,True,True,False
lloc,2,2,1,E8497 | E8499,E,True,True,False
madden derecha,2,2,1,07T50ZZ | 0HTT0ZZ,0,True,True,False
madden izq,2,2,1,07T60ZZ | 0HTU0ZZ,0,True,True,False
maduración pulmonar,2,2,1,3E0233Z | 3E023GC,3,True,True,False
mastectomia radical izda,2,2,1,07T60ZZ | 0HTU0ZZ,0,True,True,False
miringotomía bilateral,2,2,1,09950ZZ | 09960ZZ,0,True,True,False
nefrectomía radical izquierda abierta,2,2,1,0TB70ZZ | 0TT10ZZ,0,True,True,False
nefrostomia bilateral,2,2,1,0T9330Z | 0T9430Z,0,True,True,False
neumonia covid,2,2,1,J1282 | J1289,J,True,True,False
otro,2,2,1,E8498 | E8788,E,True,True,False
peg,2,2,1,0DH63UZ | 0DJ68ZZ,0,True,True,False
poliquistosis hepatorenal,2,2,1,Q446 | Q613,Q,True,True,False
port-a-cath,2,2,1,02HV33Z | 0JH60XZ,0,True,True,False
preeclampsia,2,2,1,O1493 | O1494,O,True,True,False
procidencia de mano,2,2,1,O322XX0 | O6989X0,O,True,True,False
protesis hombro bilateral,2,2,1,Z96611 | Z96612,Z,True,True,False
pulsioximetria,2,2,1,4A12X9Z | 4A1ZXQZ,4,True,True,False
quiste anexial izquierdo,2,2,1,N83202 | N838,N,True,True,False
quiste ovario bilateral,2,2,1,N83201 | N83202,N,True,True,False
recambio PTC derecha,2,2,1,0SP90JZ | 0SR90JZ,0,True,True,False
recambio de catéter ureteral JJ izquierdo,2,2,1,0T9770Z | 0TP970Z,0,True,True,False
rotura de membranas,2,2,1,O4202 | O4292,O,True,True,False
ureterohidronefrosis,2,2,1,N132 | N1330,N,True,True,False
vhb parto,2,2,1,O9842 | O9852,O,True,True,False
", Ex fumador",1,1,1,Z87891,Z,False,False,False
", color: teñido",1,1,1,O770,O,False,False,False
", se extrae coagulo",1,1,1,10D17Z9,1,False,False,False
- Grupo sanguíneo: A Positivo,1,1,1,Z6710,Z,False,False,False
. A negativo,1,1,1,Z6711,Z,False,False,False
. A positivo,1,1,1,Z6710,Z,False,False,False
. Desgarro I,1,1,1,O700,O,False,False,False
. Hernia hiatal,1,1,1,K449,K,False,False,False
0 NEGATIVO,1,1,1,Z6741,Z,False,False,False
0 Negatiu,1,1,1,Z6741,Z,False,False,False
0 POSITIVO,1,1,1,Z6740,Z,False,False,False
0 RH: positivo,1,1,1,Z6740,Z,False,False,False
0 Rh: positivo,1,1,1,Z6740,Z,False,False,False
0 negativo,1,1,1,Z6741,Z,False,False,False
0 pos,1,1,1,Z6740,Z,False,False,False
0 positivos,1,1,1,Z6740,Z,False,False,False
0+,1,1,1,Z6740,Z,False,False,False
0-negativo,1,1,1,Z6741,Z,False,False,False
0000,1,1,1,O09513,O,False,False,False
0020 ANTEpaRTO,1,1,1,64633,6,False,False,False
0020 antepart,1,1,1,64633,6,False,False,False
0020 anteparto,1,1,1,64633,6,False,False,False
0020 parto,1,1,1,64631,6,False,False,False
041.19,1,1,1,B957,B,False,False,False
041.89,1,1,1,B9689,B,False,False,False
0wqfxzz,1,1,1,0WQFXZZ,0,False,False,False
1 stent,1,1,1,0045,0,False,False,False
1 vaso,1,1,1,0040,0,False,False,False
10 sem,1,1,1,Z3A10,Z,False,False,False
10 semanas,1,1,1,Z3A10,Z,False,False,False
1001,1,1,1,O09523,O,False,False,False
14 semanas,1,1,1,Z3A14,Z,False,False,False
15 semanas,1,1,1,Z3A15,Z,False,False,False
16 SEm,1,1,1,Z3A16,Z,False,False,False
16 semanas,1,1,1,Z3A16,Z,False,False,False
17 sem,1,1,1,Z3A17,Z,False,False,False
17 semanas,1,1,1,Z3A17,Z,False,False,False
18 sema,1,1,1,Z3A18,Z,False,False,False
18 semanas,1,1,1,Z3A18,Z,False,False,False
19 sema,1,1,1,Z3A19,Z,False,False,False
19 semanas,1,1,1,Z3A19,Z,False,False,False
196.5,1,1,1,C774,C,False,False,False
1CCHH,1,1,1,30233N1,3,False,False,False
2 CH,1,1,1,9904,9,False,False,False
20 sem,1,1,1,Z3A20,Z,False,False,False
21+5 semanas,1,1,1,Z3A21,Z,False,False,False
22 sem,1,1,1,Z3A22,Z,False,False,False
22 semanas,1,1,1,Z3A22,Z,False,False,False
23 sem,1,1,1,Z3A23,Z,False,False,False
23 semanas,1,1,1,Z3A23,Z,False,False,False
23+1 semanas,1,1,1,Z3A23,Z,False,False,False
23+2 semanas,1,1,1,Z3A23,Z,False,False,False
24 semanas,1,1,1,Z3A24,Z,False,False,False
246.9,1,1,1,E079,E,False,False,False
25 semanas,1,1,1,Z3A25,Z,False,False,False
26 sem,1,1,1,Z3A26,Z,False,False,False
26 semanas,1,1,1,Z3A26,Z,False,False,False
26+1 semanas,1,1,1,Z3A26,Z,False,False,False
27 SEMANAS,1,1,1,Z3A27,Z,False,False,False
27 semanas,1,1,1,Z3A27,Z,False,False,False
27+3 semanas,1,1,1,Z3A27,Z,False,False,False
27.3 semanas,1,1,1,Z3A27,Z,False,False,False
28 sem,1,1,1,Z3A28,Z,False,False,False
28 semanas,1,1,1,Z3A28,Z,False,False,False
28+3 semanas,1,1,1,Z3A28,Z,False,False,False
285.1,1,1,1,2851,2,False,False,False
285.21,1,1,1,D631,D,False,False,False
29 sem,1,1,1,Z3A29,Z,False,False,False
29 semanas,1,1,1,Z3A29,Z,False,False,False
290.3,1,1,1,F05,F,False,False,False
2CH,1,1,1,30233N1,3,False,False,False
30,1,1,1,Z3A30,Z,False,False,False
30+1 sg,1,1,1,Z3A30,Z,False,False,False
30+2 semanas,1,1,1,Z3A30,Z,False,False,False
30+3 semanas,1,1,1,Z3A30,Z,False,False,False
3003,1,1,1,65941,6,False,False,False
3003 anteparto,1,1,1,65943,6,False,False,False
31 + 2 semanas,1,1,1,Z3A31,Z,False,False,False
31 sem,1,1,1,Z3A31,Z,False,False,False
31+4 semanas,1,1,1,Z3A31,Z,False,False,False
31+5 semanas,1,1,1,Z3A31,Z,False,False,False
32,1,1,1,Z3A32,Z,False,False,False
32 sem,1,1,1,Z3A32,Z,False,False,False
32 semanas,1,1,1,Z3A32,Z,False,False,False
32+ 5 semanas,1,1,1,Z3A32,Z,False,False,False
32+4 semanas,1,1,1,Z3A32,Z,False,False,False
33 semanas,1,1,1,Z3A33,Z,False,False,False
33+ 1 semanas,1,1,1,Z3A33,Z,False,False,False
33+1 semanas,1,1,1,Z3A33,Z,False,False,False
33+3 semanas,1,1,1,Z3A33,Z,False,False,False
33+3 semans,1,1,1,Z3A33,Z,False,False,False
33.2 semanas,1,1,1,Z3A33,Z,False,False,False
34 sem,1,1,1,Z3A34,Z,False,False,False
34 semanas,1,1,1,Z3A34,Z,False,False,False
34+0 semanas,1,1,1,Z3A34,Z,False,False,False
34+1 semana,1,1,1,Z3A34,Z,False,False,False
34+3 semanas,1,1,1,Z3A34,Z,False,False,False
34+4 seemanas,1,1,1,Z3A34,Z,False,False,False
34+5 sem,1,1,1,Z3A34,Z,False,False,False
34+5 semanas,1,1,1,Z3A34,Z,False,False,False
35,1,1,1,Z3A35,Z,False,False,False
35+4 semanas,1,1,1,Z3A35,Z,False,False,False
35+6 semanas,1,1,1,Z3A35,Z,False,False,False
356.2,1,1,1,G600,G,False,False,False
36 + 4 semanas,1,1,1,Z3A36,Z,False,False,False
36 SEM,1,1,1,Z3A36,Z,False,False,False
36 sem,1,1,1,Z3A36,Z,False,False,False
36+1 semanas,1,1,1,Z3A36,Z,False,False,False
36+2 semanas,1,1,1,Z3A36,Z,False,False,False
36+2 semanasa,1,1,1,Z3A36,Z,False,False,False
36+3 semanas,1,1,1,Z3A36,Z,False,False,False
36+4 semanas,1,1,1,Z3A36,Z,False,False,False
36+5 semanas,1,1,1,Z3A36,Z,False,False,False
36.2 semanas,1,1,1,Z3A36,Z,False,False,False
37 sem,1,1,1,Z3A37,Z,False,False,False
37+0 semanas,1,1,1,Z3A37,Z,False,False,False
37+1 semanas,1,1,1,Z3A37,Z,False,False,False
37+2 semanas,1,1,1,Z3A37,Z,False,False,False
37+3 semanas,1,1,1,Z3A37,Z,False,False,False
37+4 semanas,1,1,1,Z3A37,Z,False,False,False
37.4 semanas,1,1,1,Z3A37,Z,False,False,False
38,1,1,1,Z3A38,Z,False,False,False
38 +6 semanas,1,1,1,Z3A38,Z,False,False,False
38 sem,1,1,1,Z3A38,Z,False,False,False
38 semanas,1,1,1,Z3A38,Z,False,False,False
38 w,1,1,1,Z3A38,Z,False,False,False
38+0 semanas,1,1,1,Z3A38,Z,False,False,False
38+1 semanas,1,1,1,Z3A38,Z,False,False,False
38+2 semanas,1,1,1,Z3A38,Z,False,False,False
38+3semanas,1,1,1,Z3A38,Z,False,False,False
38+5 semanas,1,1,1,Z3A38,Z,False,False,False
38+6 semanas,1,1,1,Z3A38,Z,False,False,False
38.4 semanas,1,1,1,Z3A38,Z,False,False,False
39,1,1,1,Z3A39,Z,False,False,False
39 + 5 semanas,1,1,1,Z3A39,Z,False,False,False
39 sem,1,1,1,Z3A39,Z,False,False,False
39+0 semanas,1,1,1,Z3A39,Z,False,False,False
39+0 semans,1,1,1,Z3A39,Z,False,False,False
39+1semanas,1,1,1,Z3A39,Z,False,False,False
39+2 semanas,1,1,1,Z3A39,Z,False,False,False
39+3 semanas,1,1,1,Z3A39,Z,False,False,False
39+4 semanas,1,1,1,Z3A39,Z,False,False,False
39+5 sem,1,1,1,Z3A39,Z,False,False,False
39+6 semanas,1,1,1,Z3A39,Z,False,False,False
39.2 semanas,1,1,1,Z3A39,Z,False,False,False
39.6 semanas,1,1,1,Z3A39,Z,False,False,False
3CCHH,1,1,1,9904,9,False,False,False
40 + 0 SG,1,1,1,Z3A40,Z,False,False,False
40 + 1 sg,1,1,1,Z3A40,Z,False,False,False
40 + 2,1,1,1,Z3A40,Z,False,False,False
40 + 2 semanas,1,1,1,Z3A40,Z,False,False,False
40 + 3 semana,1,1,1,Z3A40,Z,False,False,False
40 + 3 semanas,1,1,1,Z3A40,Z,False,False,False
40 + 6,1,1,1,Z3A40,Z,False,False,False
40 + 6 semanas,1,1,1,Z3A40,Z,False,False,False
40 +1 semana,1,1,1,Z3A40,Z,False,False,False
40 +1 semanas,1,1,1,Z3A40,Z,False,False,False
40 +1 setmanes,1,1,1,Z3A40,Z,False,False,False
40 +1 sg,1,1,1,Z3A40,Z,False,False,False
40 +1semanas,1,1,1,Z3A40,Z,False,False,False
40 +2 semanas,1,1,1,Z3A40,Z,False,False,False
40 +3 SG,1,1,1,Z3A40,Z,False,False,False
40 +3 semanas,1,1,1,Z3A40,Z,False,False,False
40 +3 sg,1,1,1,Z3A40,Z,False,False,False
40 +4 SG,1,1,1,Z3A40,Z,False,False,False
40 +4 semanas,1,1,1,Z3A40,Z,False,False,False
40 +4 setmanes,1,1,1,Z3A40,Z,False,False,False
40 +4 sg,1,1,1,Z3A40,Z,False,False,False
40 +5 SG,1,1,1,Z3A40,Z,False,False,False
40 +5 semana,1,1,1,Z3A40,Z,False,False,False
40 +6 semanas,1,1,1,Z3A40,Z,False,False,False
40 +6 semans,1,1,1,Z3A40,Z,False,False,False
40 .+2 semanas,1,1,1,Z3A40,Z,False,False,False
40 .1 semanas,1,1,1,Z3A40,Z,False,False,False
40 .2 semanas,1,1,1,Z3A40,Z,False,False,False
40 .5 semanas,1,1,1,Z3A40,Z,False,False,False
40 .6 sem,1,1,1,Z3A40,Z,False,False,False
40 SEM,1,1,1,Z3A40,Z,False,False,False
40 part,1,1,1,O480,O,False,False,False
40 parto,1,1,1,O480,O,False,False,False
40 partos,1,1,1,O480,O,False,False,False
40 rn,1,1,1,P0821,P,False,False,False
40 sem,1,1,1,Z3A40,Z,False,False,False
40 semanas,1,1,1,Z3A40,Z,False,False,False
40 semnas,1,1,1,Z3A40,Z,False,False,False
40 setmanes,1,1,1,Z3A40,Z,False,False,False
40 sg,1,1,1,Z3A40,Z,False,False,False
40+0 SG,1,1,1,Z3A40,Z,False,False,False
40+0 semanas,1,1,1,Z3A40,Z,False,False,False
40+1 SEMANAS,1,1,1,Z3A40,Z,False,False,False
40+1 SG,1,1,1,Z3A40,Z,False,False,False
40+1 sem,1,1,1,Z3A40,Z,False,False,False
40+1 setmanes,1,1,1,Z3A40,Z,False,False,False
40+1 sg,1,1,1,Z3A40,Z,False,False,False
40+2 SEMANAS,1,1,1,Z3A40,Z,False,False,False
40+2 sem,1,1,1,Z3A40,Z,False,False,False
40+2 semanas,1,1,1,Z3A40,Z,False,False,False
40+3 SEMANAS,1,1,1,Z3A40,Z,False,False,False
40+3 sem,1,1,1,Z3A40,Z,False,False,False
40+3 semanas,1,1,1,Z3A40,Z,False,False,False
40+3 sg,1,1,1,Z3A40,Z,False,False,False
40+4 semanas,1,1,1,Z3A40,Z,False,False,False
40+4sg,1,1,1,Z3A40,Z,False,False,False
40+5 SEMANAS,1,1,1,Z3A40,Z,False,False,False
40+5 SG,1,1,1,Z3A40,Z,False,False,False
40+5 sem,1,1,1,Z3A40,Z,False,False,False
40+5 semanas,1,1,1,Z3A40,Z,False,False,False
40+6 semanas,1,1,1,Z3A40,Z,False,False,False
"40,2 setmanes",1,1,1,Z3A40,Z,False,False,False
"40,6 setmanes",1,1,1,Z3A40,Z,False,False,False
40.1 semanas,1,1,1,Z3A40,Z,False,False,False
40.3,1,1,1,O480,O,False,False,False
40.3 semanas,1,1,1,Z3A40,Z,False,False,False
40.6 sem,1,1,1,Z3A40,Z,False,False,False
4004,1,1,1,65941,6,False,False,False
40SG,1,1,1,Z3A40,Z,False,False,False
40sg,1,1,1,Z3A40,Z,False,False,False
41 + 1,1,1,1,O480,O,False,False,False
41 + 1 sg,1,1,1,Z3A41,Z,False,False,False
41 +0 semanas,1,1,1,Z3A41,Z,False,False,False
41 +1 sg,1,1,1,Z3A41,Z,False,False,False
41 +2 semanas,1,1,1,Z3A41,Z,False,False,False
41 +2 sg,1,1,1,Z3A41,Z,False,False,False
41 +3,1,1,1,O480,O,False,False,False
41 +3 semanas,1,1,1,Z3A41,Z,False,False,False
41 +4 SG,1,1,1,Z3A41,Z,False,False,False
41 .0 semanas,1,1,1,Z3A41,Z,False,False,False
41 .1 setmanes,1,1,1,Z3A41,Z,False,False,False
41 .3 semanas,1,1,1,Z3A41,Z,False,False,False
41 SEM,1,1,1,Z3A41,Z,False,False,False
41 SEMANAS,1,1,1,Z3A41,Z,False,False,False
41 SG,1,1,1,Z3A41,Z,False,False,False
41 semanas,1,1,1,Z3A41,Z,False,False,False
41 semanas cumplidas,1,1,1,O480,O,False,False,False
41+0 semanas,1,1,1,Z3A41,Z,False,False,False
41+1,1,1,1,O480,O,False,False,False
41+1 semanas,1,1,1,Z3A41,Z,False,False,False
41+2 SEMANAS,1,1,1,Z3A41,Z,False,False,False
41+2 SG,1,1,1,Z3A41,Z,False,False,False
41+2 sg,1,1,1,Z3A41,Z,False,False,False
41+3 semanas,1,1,1,Z3A41,Z,False,False,False
41+3 sg,1,1,1,Z3A41,Z,False,False,False
41+4 semanas,1,1,1,Z3A41,Z,False,False,False
41+5 semanas,1,1,1,Z3A41,Z,False,False,False
412,1,1,1,I252,I,False,False,False
43 semanas,1,1,1,Z3A49,Z,False,False,False
437.0,1,1,1,I672,I,False,False,False
440.0,1,1,1,I700,I,False,False,False
441.2,1,1,1,I712,I,False,False,False
516.31,1,1,1,J84112,J,False,False,False
569.49,1,1,1,K6289,K,False,False,False
57.22,1,1,1,0WQFXZZ,0,False,False,False
576.8,1,1,1,K838,K,False,False,False
584.5,1,1,1,N170,N,False,False,False
591,1,1,1,N1330,N,False,False,False
593.89,1,1,1,N2889,N,False,False,False
596.89,1,1,1,N3289,N,False,False,False
612.1,1,1,1,N651,N,False,False,False
617.5,1,1,1,N805,N,False,False,False
621.8,1,1,1,N858,N,False,False,False
621.9,1,1,1,N859,N,False,False,False
646.21,1,1,1,O26833,O,False,False,False
64631,1,1,1,O2623,O,False,False,False
655.01,1,1,1,O350XX0,O,False,False,False
655.11,1,1,1,O351XX0,O,False,False,False
655.71,1,1,1,O368130,O,False,False,False
655.81,1,1,1,O358XX0,O,False,False,False
655.83,1,1,1,65583,6,False,False,False
65511,1,1,1,O351XX0,O,False,False,False
65581,1,1,1,O358XX0,O,False,False,False
656.41,1,1,1,O364XX0,O,False,False,False
656.61,1,1,1,O3663X0,O,False,False,False
65661,1,1,1,O3663X0,O,False,False,False
659.61,1,1,1,O09523,O,False,False,False
65941,1,1,1,O0943,O,False,False,False
771.89,1,1,1,P398,P,False,False,False
77189,1,1,1,P398,P,False,False,False
779.89,1,1,1,P9689,P,False,False,False
783.3,1,1,1,R633,R,False,False,False
790.4,1,1,1,R740,R,False,False,False
790.7,1,1,1,R7881,R,False,False,False
790.92,1,1,1,R791,R,False,False,False
850.0,1,1,1,S060X0A,S,False,False,False
8838,1,1,1,8838,8,False,False,False
9 sem,1,1,1,Z3A09,Z,False,False,False
9 semanas,1,1,1,Z3A09,Z,False,False,False
: 0 Negativo,1,1,1,Z6741,Z,False,False,False
: 0 Rh POSITIVO,1,1,1,Z6740,Z,False,False,False
: 0 negatiu,1,1,1,Z6741,Z,False,False,False
: 0 negativo,1,1,1,Z6741,Z,False,False,False
: 0 negativo.,1,1,1,Z6741,Z,False,False,False
: 0 pos,1,1,1,Z6740,Z,False,False,False
: 0 positiu,1,1,1,Z6740,Z,False,False,False
: 40 + 2,1,1,1,Z3A40,Z,False,False,False
: 40 + 3 SG,1,1,1,Z3A40,Z,False,False,False
: 40 semanas,1,1,1,Z3A40,Z,False,False,False
: 40+1 SG,1,1,1,Z3A40,Z,False,False,False
: 40+2,1,1,1,Z3A40,Z,False,False,False
: 40+6,1,1,1,Z3A40,Z,False,False,False
: 41+1,1,1,1,O480,O,False,False,False
: A NEGATIVO,1,1,1,Z6711,Z,False,False,False
: A Negativo,1,1,1,Z6711,Z,False,False,False
: A Positivo,1,1,1,Z6710,Z,False,False,False
: A Rh +,1,1,1,Z6710,Z,False,False,False
: A Rh negativo,1,1,1,Z6711,Z,False,False,False
: A Rh: negativo,1,1,1,Z6711,Z,False,False,False
: A negativo,1,1,1,Z6711,Z,False,False,False
: A negativo.,1,1,1,Z6711,Z,False,False,False
: A pos,1,1,1,Z6710,Z,False,False,False
: A pos (,1,1,1,Z6710,Z,False,False,False
": A, Rh: Negativo",1,1,1,Z6711,Z,False,False,False
: B POSITIVO,1,1,1,Z6720,Z,False,False,False
: B Rh negativo,1,1,1,Z6721,Z,False,False,False
: B negativo,1,1,1,Z6721,Z,False,False,False
: B positiu,1,1,1,Z6720,Z,False,False,False
: B rh negativo,1,1,1,Z6721,Z,False,False,False
: B+,1,1,1,Z6720,Z,False,False,False
: BCBA,1,1,1,O30043,O,False,False,False
: Desgarro I,1,1,1,O700,O,False,False,False
: E. coli.,1,1,1,B9620,B,False,False,False
: E.Coli,1,1,1,B9620,B,False,False,False
: E.coli,1,1,1,B9620,B,False,False,False
: Ex fumadora,1,1,1,Z87891,Z,False,False,False
: Ex-fumadora,1,1,1,Z87891,Z,False,False,False
: III plano OA,1,1,1,O631,O,False,False,False
: III plano OIDA,1,1,1,O631,O,False,False,False
: III plano OIIA,1,1,1,O631,O,False,False,False
: III plano OP,1,1,1,O631,O,False,False,False
: O NEGATIVO,1,1,1,Z6741,Z,False,False,False
: O neg,1,1,1,Z6741,Z,False,False,False
: O negativo,1,1,1,Z6741,Z,False,False,False
: O postivo,1,1,1,Z6740,Z,False,False,False
: O+,1,1,1,Z6740,Z,False,False,False
": O, Rh: NEGATIVO",1,1,1,Z6741,Z,False,False,False
: Vejiga hiperactiva,1,1,1,N3281,N,False,False,False
: ex-Fumadora,1,1,1,Z87891,Z,False,False,False
:40. sg. -,1,1,1,Z3A40,Z,False,False,False
:A Positivo,1,1,1,Z6710,Z,False,False,False
:A negativo,1,1,1,Z6711,Z,False,False,False
:B Positivo,1,1,1,Z6720,Z,False,False,False
:B positivo,1,1,1,Z6720,Z,False,False,False
<font><font>Alimentaria intoxicación</font></font>,1,1,1,0059,0,False,False,False
"??? , color: teñido",1,1,1,O770,O,False,False,False
A NEGATIVO,1,1,1,Z6711,Z,False,False,False
A Negativo,1,1,1,Z6711,Z,False,False,False
A POS,1,1,1,Z6710,Z,False,False,False
A Positivo,1,1,1,Z6710,Z,False,False,False
A Rh NEGATIVO,1,1,1,Z6711,Z,False,False,False
A neg,1,1,1,Z6711,Z,False,False,False
A negativo,1,1,1,Z6711,Z,False,False,False
A pos,1,1,1,Z6710,Z,False,False,False
A positiu,1,1,1,Z6710,Z,False,False,False
A positiv,1,1,1,Z6710,Z,False,False,False
A positivo,1,1,1,Z6710,Z,False,False,False
A positivo.,1,1,1,Z6710,Z,False,False,False
A rh negativo,1,1,1,Z6711,Z,False,False,False
"A, Rh: negativo",1,1,1,Z6711,Z,False,False,False
A09,1,1,1,A09,A,False,False,False
AB,1,1,1,6561,6,False,False,False
AB NEGATIVO,1,1,1,Z6731,Z,False,False,False
AB rh positivo,1,1,1,Z6730,Z,False,False,False
ABOROTO DIFERIDO,1,1,1,O021,O,False,False,False
ABORTO DIFERIDO,1,1,1,632,6,False,False,False
ABSCESO DE BARTHOLINO,1,1,1,N751,N,False,False,False
ABSCESO DE MAMA IZQUIERDA,1,1,1,N611,N,False,False,False
ABSCESO DE MAMA Y PEZON,1,1,1,N611,N,False,False,False
ABSCESO MAMA DERECHA,1,1,1,N611,N,False,False,False
ABSCESO PÉLVICO CRÓNICO,1,1,1,N731,N,False,False,False
ABSCESO VULVA,1,1,1,6164,6,False,False,False
AC XFA,1,1,1,42731,4,False,False,False
ACCIDENT,1,1,1,X58XXXA,X,False,False,False
ACFA,1,1,1,I4891,I,False,False,False
ACIDOSIS METABÓLICA,1,1,1,E872,E,False,False,False
ADC endometrio,1,1,1,C541,C,False,False,False
ADENOAMIGDALECTOMIA,1,1,1,0CTQXZZ,0,False,False,False
ADENOAMIGDALITIS CRONICA,1,1,1,J3503,J,False,False,False
ADENOCARCINOMA,1,1,1,81403,8,False,False,False
ADENOCARCINOMA ACINAR,1,1,1,85503,8,False,False,False
ADENOCARCINOMA DE ENDOCERVIX,1,1,1,C530,C,False,False,False
ADENOCARCINOMA DE ENDOMETRIO,1,1,1,C541,C,False,False,False
ADENOCARCINOMA ENDOMETRIAL,1,1,1,C541,C,False,False,False
ADENOCARCINOMA ENDOMETRIAL DE TIPO ENDOMETRIOIDE,1,1,1,83803,8,False,False,False
ADENOIDECTOMÍA,1,1,1,0CTQXZZ,0,False,False,False
ADENOMA PARATIROIDEO,1,1,1,D351,D,False,False,False
ADK colon,1,1,1,1539,1,False,False,False
ADK de ovario,1,1,1,1830,1,False,False,False
ADK próstata,1,1,1,185,1,False,False,False
ADK sigma,1,1,1,C187,C,False,False,False
ADO,1,1,1,Z7984,Z,False,False,False
AFLOJAMIENTO PTR IZQDA,1,1,1,T84033A,T,False,False,False
AISLAMIENTO,1,1,1,8E0ZXY6,8,False,False,False
AL.LÈRGIES Esparadrap,1,1,1,Z91048,Z,False,False,False
AL.LÈRGIES PENICILINA,1,1,1,V140,V,False,False,False
AL.LÈRGIES Penicil·lines,1,1,1,Z880,Z,False,False,False
AL.LÈRGIES aas,1,1,1,Z886,Z,False,False,False
ALERGIA : AMOXICILINA,1,1,1,V140,V,False,False,False
ALERGIA A AAS,1,1,1,Z886,Z,False,False,False
ALERGIA A ALIMENTOS,1,1,1,Z91018,Z,False,False,False
ALERGIA A ASPIRINA,1,1,1,Z886,Z,False,False,False
ALERGIA A BETALACTAMICOS,1,1,1,Z880,Z,False,False,False
ALERGIA A LA CODEINA,1,1,1,V146,V,False,False,False
ALERGIA A LA PENICILINA,1,1,1,V140,V,False,False,False
ALERGIA A LACTOSA,1,1,1,Z91011,Z,False,False,False
ALERGIA A METALES,1,1,1,Z91048,Z,False,False,False
ALERGIA A METAMIZOL,1,1,1,Z886,Z,False,False,False
ALERGIA A NOLOTIL,1,1,1,V146,V,False,False,False
ALERGIA A PENICILINA,1,1,1,V140,V,False,False,False
ALERGIA A PENICILINAS,1,1,1,Z880,Z,False,False,False
ALERGIA A PIRAZOLONAS,1,1,1,Z886,Z,False,False,False
ALERGIA A SULFAMIDAS,1,1,1,Z882,Z,False,False,False
ALERGIA ACAROS,1,1,1,Z91038,Z,False,False,False
ALERGIA AINEs,1,1,1,Z886,Z,False,False,False
ALERGIA AL ESPARADRAPO,1,1,1,Z9109,Z,False,False,False
ALERGIA AL LATEX,1,1,1,Z91040,Z,False,False,False
ALERGIA AL LÁTEX,1,1,1,Z91040,Z,False,False,False
ALERGIA ASPIRINA,1,1,1,Z886,Z,False,False,False
ALERGIA Gramineas,1,1,1,Z91048,Z,False,False,False
ALERGIA Gramíneas,1,1,1,Z91048,Z,False,False,False
ALERGIA IBUPROFENO,1,1,1,Z886,Z,False,False,False
ALERGIA METAMIZOL,1,1,1,Z886,Z,False,False,False
ALERGIA Marisco,1,1,1,Z91013,Z,False,False,False
ALERGIA NIQUEL,1,1,1,Z91048,Z,False,False,False
ALERGIA NOLOTIL,1,1,1,V146,V,False,False,False
ALERGIA NÍQUEL,1,1,1,Z91048,Z,False,False,False
ALERGIA Níquel,1,1,1,Z91048,Z,False,False,False
ALERGIA PENICILINA,1,1,1,V140,V,False,False,False
ALERGIA SULFAMIDAS,1,1,1,Z882,Z,False,False,False
ALERGIA aCAROS,1,1,1,Z91038,Z,False,False,False
ALERGIA analgesico,1,1,1,Z886,Z,False,False,False
ALERGIA metal,1,1,1,Z91048,Z,False,False,False
ALERGIA niquel,1,1,1,Z91048,Z,False,False,False
ALERGIA Ácaros,1,1,1,Z91038,Z,False,False,False
ALERGIA: PENICILINA,1,1,1,V140,V,False,False,False
ALERGIAS A ESTREPTOMICINA,1,1,1,V141,V,False,False,False
ALERGIAS Quinolonas,1,1,1,Z881,Z,False,False,False
ALERGIAS sulfamidas,1,1,1,V142,V,False,False,False
ALERGIAS: (Ac. Clavulánico,1,1,1,Z881,Z,False,False,False
ALERGIAS: AAS,1,1,1,Z886,Z,False,False,False
ALERGIAS: AINES,1,1,1,Z886,Z,False,False,False
"ALERGIAS: AINES,",1,1,1,Z886,Z,False,False,False
ALERGIAS: Betalactámicos,1,1,1,Z881,Z,False,False,False
ALERGIAS: Cefalosporinas,1,1,1,Z881,Z,False,False,False
ALERGIAS: Claritromicina,1,1,1,Z881,Z,False,False,False
ALERGIAS: Ibuprofeno,1,1,1,Z886,Z,False,False,False
ALERGIAS: MELOCOTÓN,1,1,1,Z91018,Z,False,False,False
ALERGIAS: NIQUEL,1,1,1,Z91048,Z,False,False,False
ALERGIAS: PARACETAMOL,1,1,1,Z886,Z,False,False,False
ALERGIAS: PIRAZOLONAS,1,1,1,Z886,Z,False,False,False
ALERGIAS: Penicilina,1,1,1,Z880,Z,False,False,False
ALERGIAS: Pirazolonas,1,1,1,Z886,Z,False,False,False
ALERGIAS: QUINOLONAS,1,1,1,Z881,Z,False,False,False
ALERGIAS: SULFAMIDAS,1,1,1,Z882,Z,False,False,False
ALERGIAS: Sulfamidas,1,1,1,Z882,Z,False,False,False
ALERGIAS:Metamizol,1,1,1,V146,V,False,False,False
ALERGICA A LA CODEINA,1,1,1,V146,V,False,False,False
ALERGICA A PENICILINA,1,1,1,Z880,Z,False,False,False
ALERGICA AAS,1,1,1,Z886,Z,False,False,False
ALERGICA AL LÁTEX,1,1,1,Z91040,Z,False,False,False
ALERGICA AL NOLOTIL,1,1,1,Z886,Z,False,False,False
ALLERGIES alimenticias,1,1,1,Z91018,Z,False,False,False
ALTERACIÓ DEL COMPORTAMENT,1,1,1,F919,F,False,False,False
ALTERACIÓN DE LA COAGULACIÓN,1,1,1,2869,2,False,False,False
ALergia penicilina,1,1,1,Z880,Z,False,False,False
ALÉRGICA A CODEÍNA,1,1,1,Z886,Z,False,False,False
ALÉRGICA A LIDOCAINA,1,1,1,Z884,Z,False,False,False
ALÉRGICA A PENICILINA,1,1,1,Z880,Z,False,False,False
ALÉRGICO A LA PENICILINA,1,1,1,V140,V,False,False,False
ALÉRGICO A NOLOTIL,1,1,1,Z886,Z,False,False,False
AMC: AAS,1,1,1,Z886,Z,False,False,False
AMENAZA DE PARTO PRETÉRMINO,1,1,1,O6003,O,False,False,False
AMIGDALECTOMIA,1,1,1,0CTPXZZ,0,False,False,False
AMO tíbia,1,1,1,7867,7,False,False,False
ANALGÉSICO,1,1,1,3E033NZ,3,False,False,False
ANEMIA,1,1,1,D649,D,False,False,False
ANEMIA AGUDa,1,1,1,2851,2,False,False,False
ANEMIA FERROPÉNICA,1,1,1,D509,D,False,False,False
ANEMIA HEMORRÁGICA,1,1,1,D62,D,False,False,False
ANEMIA MIXTA,1,1,1,D649,D,False,False,False
ANEMIA NORMOCÍTICA HIPOCROMICA,1,1,1,D509,D,False,False,False
ANEMIA POST-QUIRÚRGICA,1,1,1,D62,D,False,False,False
ANEMIA POSTOPERATORIA,1,1,1,D62,D,False,False,False
ANEMIA PP,1,1,1,O9081,O,False,False,False
ANEMIA SANG,1,1,1,2851,2,False,False,False
ANEMIA hierro,1,1,1,2809,2,False,False,False
ANEMIA puerperal,1,1,1,64824,6,False,False,False
ANEMIZANTE,1,1,1,D62,D,False,False,False
ANEURISMA ARTERIA ESPLÉNICA,1,1,1,I728,I,False,False,False
ANEXECTOMIA BILATERAL,1,1,1,0UT20ZZ,0,False,False,False
ANEXECTOMIA BILATERAL LAP,1,1,1,0UT24ZZ,0,False,False,False
ANEXECTOMIA BILATERAL LAPAROSCÓPICA,1,1,1,0UT74ZZ,0,False,False,False
ANEXECTOMIA BILATERAL POR LAPAROSCOPIA,1,1,1,0UT24ZZ,0,False,False,False
ANEXECTOMIA BILATERAL PROFILACTICA,1,1,1,Z4002,Z,False,False,False
ANEXECTOMIA BILATERAL PROFILÁCTICA,1,1,1,Z4002,Z,False,False,False
ANEXECTOMIA DERECHA lap,1,1,1,0UT04ZZ,0,False,False,False
ANEXECTOMÍA BILATERAL,1,1,1,0UT20ZZ,0,False,False,False
ANEXECTOMÍA BILATERAL LAP,1,1,1,0UT24ZZ,0,False,False,False
ANEXECTOMÍA BILATERAL LAPAROSCÓPICA,1,1,1,0UT24ZZ,0,False,False,False
ANEXECTOMÍA BILATERAL lap,1,1,1,0UT74ZZ,0,False,False,False
ANEXECTOMÍA DERECHA,1,1,1,0UT50ZZ,0,False,False,False
ANEXECTOMÍA DERECHA Lap,1,1,1,0UT04ZZ,0,False,False,False
ANEXECTOMÍA DERECHA lap,1,1,1,0UT04ZZ,0,False,False,False
ANEXECTOMÍA IZQUIERDA LAPAROSCÓPICA,1,1,1,0UB94ZZ,0,False,False,False
ANEXECTOMÍA IZQUIERDA lap,1,1,1,0UT64ZZ,0,False,False,False
ANEXECTOMíA BILATERAL,1,1,1,0UT70ZZ,0,False,False,False
ANEXECTOmIA,1,1,1,V4577,V,False,False,False
ANGINA DE ESFUERZO,1,1,1,I208,I,False,False,False
ANSIEDAD,1,1,1,F419,F,False,False,False
ANSIETAT,1,1,1,F419,F,False,False,False
ANSIETAT ANTEPART,1,1,1,64843,6,False,False,False
ANTI D,1,1,1,3E0234Z,3,False,False,False
ANTI D jose,1,1,1,O26893,O,False,False,False
ANTI-D,1,1,1,3E0234Z,3,False,False,False
ANTIBIOTERAPIA,1,1,1,3E03329,3,False,False,False
ANTIBIOTERAPIA INTRAVENOSA,1,1,1,3E03329,3,False,False,False
ANTIBIOTERAPIA IV,1,1,1,3E03329,3,False,False,False
ANTIBIÓTICO,1,1,1,3E03329,3,False,False,False
ANTICOAGULACIÓN,1,1,1,Z7901,Z,False,False,False
ANTICOAGULANT,1,1,1,Z7901,Z,False,False,False
APENDICECTOMIA,1,1,1,0DTJ0ZZ,0,False,False,False
APENDICECTOMÍA,1,1,1,0DTJ0ZZ,0,False,False,False
APENDICECTOMÍA lap,1,1,1,0DTJ4ZZ,0,False,False,False
APENDICITIS AGUDA,1,1,1,K3580,K,False,False,False
APENDICITIS AGUDA PERFORADA,1,1,1,K3532,K,False,False,False
APGAR,1,1,1,4A1HXCZ,4,False,False,False
APGAr,1,1,1,4A1HXCZ,4,False,False,False
APLV,1,1,1,Z91011,Z,False,False,False
APNEA DE LA PREMATURIDAD,1,1,1,P284,P,False,False,False
APNEA rn,1,1,1,P284,P,False,False,False
APP,1,1,1,O6003,O,False,False,False
APP 2,1,1,1,O6002,O,False,False,False
APp,1,1,1,64403,6,False,False,False
AR,1,1,1,M059,M,False,False,False
ARTRITIS,1,1,1,M1990,M,False,False,False
ASCITIS MALIGNA,1,1,1,78951,7,False,False,False
ASMA,1,1,1,J45909,J,False,False,False
ASMA part,1,1,1,J45909,J,False,False,False
ASMA parto,1,1,1,O9952,O,False,False,False
ASÍMETRIA FACIAL congenita,1,1,1,7540,7,False,False,False
ATELECTASIA,1,1,1,J9811,J,False,False,False
ATEROESCLEROSIS. (CLAUDICACION,1,1,1,I70213,I,False,False,False
ATONIA UTERINA,1,1,1,O721,O,False,False,False
ATROFIA RENAL DERECHA,1,1,1,N261,N,False,False,False
ATROFIA RENAL IZQUIERDA,1,1,1,N261,N,False,False,False
ATb,1,1,1,9921,9,False,False,False
AVC h,1,1,1,V1254,V,False,False,False
AVORTAMENT,1,1,1,63490,6,False,False,False
Abceso perianal,1,1,1,K610,K,False,False,False
Abceso qx,1,1,1,99859,9,False,False,False
Abdominalgia,1,1,1,R109,R,False,False,False
Aborto Diferido,1,1,1,O021,O,False,False,False
Aborto complert,1,1,1,63492,6,False,False,False
Aborto diferido,1,1,1,632,6,False,False,False
Abrasión en rodilla izq,1,1,1,S80212A,S,False,False,False
Absces de pulmo,1,1,1,5130,5,False,False,False
Absces periamigdalar,1,1,1,475,4,False,False,False
Absces tubo-ovaric,1,1,1,6142,6,False,False,False
Absces vulva,1,1,1,6164,6,False,False,False
Absceso Mama derecha,1,1,1,N611,N,False,False,False
Absceso axila derecha,1,1,1,L02411,L,False,False,False
Absceso de mama izquierda,1,1,1,N611,N,False,False,False
Absceso de pared abdominal,1,1,1,6822,6,False,False,False
Absceso en Labio mayor izquierdo,1,1,1,N764,N,False,False,False
Absceso glándula Bartholino,1,1,1,N751,N,False,False,False
Absceso glándula Bartholino izquierda,1,1,1,N751,N,False,False,False
Absceso mama,1,1,1,N611,N,False,False,False
Absceso mama derecha,1,1,1,N611,N,False,False,False
Absceso muslo derecho,1,1,1,L02415,L,False,False,False
Absceso odontogeno,1,1,1,5225,5,False,False,False
Absceso periamigdalino,1,1,1,475,4,False,False,False
Absceso perianal,1,1,1,K610,K,False,False,False
Absceso pulmonar,1,1,1,5130,5,False,False,False
Absceso tubo ovárico D,1,1,1,N7093,N,False,False,False
Absceso tubo-ovárico,1,1,1,N7093,N,False,False,False
Absceso vulvar,1,1,1,N764,N,False,False,False
Abscesos inguinales,1,1,1,L02214,L,False,False,False
Abscesos tubo-ováricos bilaterales,1,1,1,N7093,N,False,False,False
Abscés anal,1,1,1,K610,K,False,False,False
Abscés de la glàndula de Bartholin,1,1,1,N751,N,False,False,False
Abscés de pulmó,1,1,1,5130,5,False,False,False
Abscés intestinal,1,1,1,K630,K,False,False,False
Abscés parafaringi,1,1,1,47822,4,False,False,False
Abscés periamigdalí,1,1,1,J36,J,False,False,False
Abscés vulvar,1,1,1,N764,N,False,False,False
Abuela Ca mama,1,1,1,V163,V,False,False,False
Abuso de alcohol,1,1,1,F1010,F,False,False,False
Acalasia,1,1,1,5300,5,False,False,False
Acidemia propiónica,1,1,1,E71121,E,False,False,False
Acidosi,1,1,1,E872,E,False,False,False
Acidosi tubular renal,1,1,1,58889,5,False,False,False
Acidosis metabólica,1,1,1,2762,2,False,False,False
Acné juvenil,1,1,1,L708,L,False,False,False
Acné papulopustuloso,1,1,1,7061,7,False,False,False
Acromioplastia derecho,1,1,1,0RQG4ZZ,0,False,False,False
Actelèctasia,1,1,1,5180,5,False,False,False
Acufenos,1,1,1,H9319,H,False,False,False
Acúfeno bilateral,1,1,1,H9313,H,False,False,False
Adenoca . de endometrio,1,1,1,C541,C,False,False,False
Adenocarcinima de endometrio,1,1,1,C541,C,False,False,False
Adenocarcinoma,1,1,1,81403,8,False,False,False
Adenocarcinoma cervical,1,1,1,C539,C,False,False,False
Adenocarcinoma de colon,1,1,1,1539,1,False,False,False
Adenocarcinoma de cérvix,1,1,1,C539,C,False,False,False
Adenocarcinoma de endometrio,1,1,1,1820,1,False,False,False
Adenocarcinoma de próstata,1,1,1,C61,C,False,False,False
Adenocarcinoma de próstata historia,1,1,1,Z8546,Z,False,False,False
Adenocarcinoma de pulmón en LSD,1,1,1,C3411,C,False,False,False
Adenocarcinoma endocervical,1,1,1,C530,C,False,False,False
Adenocarcinoma endometrio,1,1,1,C541,C,False,False,False
Adenocarcinoma endometrioide,1,1,1,C541,C,False,False,False
Adenocarcinoma in situ endocervical,1,1,1,D060,D,False,False,False
Adenocarcinoma prostático,1,1,1,C61,C,False,False,False
Adenocarcinoma pulmonar,1,1,1,1629,1,False,False,False
Adenocarninoma,1,1,1,81403,8,False,False,False
Adenocarninoma próstata,1,1,1,C61,C,False,False,False
Adenoidectomia,1,1,1,286,2,False,False,False
Adenoidectomía 2,1,1,1,283,2,False,False,False
Adenoidectomía.Amigdalectomía,1,1,1,283,2,False,False,False
AdenoidectomíaAmigdalotomía,1,1,1,283,2,False,False,False
Adenoma,1,1,1,81400,8,False,False,False
Adenoma de próstata grado II,1,1,1,D291,D,False,False,False
Adenoma hipofisario,1,1,1,D352,D,False,False,False
Adenoma paratiroides,1,1,1,2271,2,False,False,False
Adenoma pleomorfo,1,1,1,89400,8,False,False,False
Adenoma pleomorfo de parótida derecha,1,1,1,D110,D,False,False,False
Adenoma tubular,1,1,1,82110,8,False,False,False
Adenomioma,1,1,1,89320,8,False,False,False
Adenopatías axilares,1,1,1,R590,R,False,False,False
Adenovirus,1,1,1,B340,B,False,False,False
Adherencia parto,1,1,1,O9962,O,False,False,False
Adherencias,1,1,1,K660,K,False,False,False
Adherencias part,1,1,1,O9962,O,False,False,False
Adiro,1,1,1,Z7982,Z,False,False,False
Afasia,1,1,1,R4701,R,False,False,False
Aflojamiento PTC derecha,1,1,1,T84030A,T,False,False,False
Afonía,1,1,1,R491,R,False,False,False
Aftas orales,1,1,1,K120,K,False,False,False
Agenesia renal izquierda,1,1,1,Q600,Q,False,False,False
Agitació psicomotriu,1,1,1,R451,R,False,False,False
Agorafobia,1,1,1,F4002,F,False,False,False
Agorofobia,1,1,1,30022,3,False,False,False
Aguas teñidas,1,1,1,O770,O,False,False,False
Ahogamiento,1,1,1,T751XXA,T,False,False,False
Aislamiento,1,1,1,9984,9,False,False,False
Akin pie derecho,1,1,1,0QSQ04Z,0,False,False,False
Al#lèrgica al Nolotil,1,1,1,V146,V,False,False,False
Al.lèrgia al LÀTEX,1,1,1,Z91040,Z,False,False,False
Al.lèrgia al metamizol,1,1,1,V146,V,False,False,False
Albuminuria,1,1,1,R809,R,False,False,False
Alcalosis metabólica,1,1,1,E873,E,False,False,False
Alcohol,1,1,1,F1010,F,False,False,False
Alcohol part,1,1,1,F1010,F,False,False,False
Alcoholismo,1,1,1,F1020,F,False,False,False
Alergia AAS,1,1,1,Z886,Z,False,False,False
Alergia AUGMENTINE,1,1,1,V141,V,False,False,False
Alergia Amoxicilina,1,1,1,Z880,Z,False,False,False
Alergia Augmentine,1,1,1,Z880,Z,False,False,False
Alergia BETADINE,1,1,1,Z888,Z,False,False,False
Alergia Betalactámicos,1,1,1,Z881,Z,False,False,False
Alergia Diclofenaco,1,1,1,Z888,Z,False,False,False
Alergia Ibuprofèn,1,1,1,Z886,Z,False,False,False
Alergia Macrólidos,1,1,1,Z881,Z,False,False,False
Alergia Metamizol,1,1,1,Z886,Z,False,False,False
Alergia Niquel,1,1,1,Z91048,Z,False,False,False
Alergia OMEPRAZOL,1,1,1,V148,V,False,False,False
Alergia PARACETAMOL,1,1,1,Z886,Z,False,False,False
Alergia Penicilina,1,1,1,Z880,Z,False,False,False
Alergia SULFAMIDAS,1,1,1,Z882,Z,False,False,False
Alergia Tiomersal,1,1,1,Z883,Z,False,False,False
Alergia VANCOMICINA,1,1,1,V141,V,False,False,False
Alergia Voltaren,1,1,1,Z888,Z,False,False,False
Alergia a AINES,1,1,1,Z886,Z,False,False,False
Alergia a AINEs,1,1,1,V146,V,False,False,False
Alergia a Amoxicilina,1,1,1,Z880,Z,False,False,False
Alergia a Augmentine,1,1,1,Z881,Z,False,False,False
Alergia a CODEÍNA,1,1,1,V146,V,False,False,False
Alergia a Cefalosporinas,1,1,1,Z881,Z,False,False,False
Alergia a Ibuprofeno,1,1,1,Z886,Z,False,False,False
Alergia a Kiwi,1,1,1,V1505,V,False,False,False
Alergia a Lamotrigina,1,1,1,Z888,Z,False,False,False
Alergia a Meropenem,1,1,1,Z881,Z,False,False,False
Alergia a Metamizol,1,1,1,Z886,Z,False,False,False
Alergia a Nolotil,1,1,1,Z886,Z,False,False,False
Alergia a Norfloxacino,1,1,1,Z881,Z,False,False,False
Alergia a PENICILINA,1,1,1,V140,V,False,False,False
Alergia a PENICILINAS,1,1,1,Z880,Z,False,False,False
Alergia a PIRAZOLONAS,1,1,1,Z886,Z,False,False,False
Alergia a Pirazolonas,1,1,1,Z886,Z,False,False,False
Alergia a acaros,1,1,1,V1506,V,False,False,False
Alergia a atropina,1,1,1,Z888,Z,False,False,False
Alergia a clavulánico,1,1,1,V141,V,False,False,False
Alergia a codeina,1,1,1,Z886,Z,False,False,False
Alergia a colirio,1,1,1,Z888,Z,False,False,False
Alergia a ibuprofeno,1,1,1,Z886,Z,False,False,False
Alergia a la PENICILINA,1,1,1,V140,V,False,False,False
Alergia a la Penicilina,1,1,1,V140,V,False,False,False
Alergia a la amoxicilina,1,1,1,V141,V,False,False,False
Alergia a la codeína,1,1,1,Z886,Z,False,False,False
Alergia a la penicilina,1,1,1,V140,V,False,False,False
Alergia a la proteína de la leche de vaca,1,1,1,5798,5,False,False,False
Alergia a las sulfamidas,1,1,1,Z882,Z,False,False,False
Alergia a melocoton,1,1,1,Z91018,Z,False,False,False
Alergia a metamizol,1,1,1,V146,V,False,False,False
Alergia a nolotil,1,1,1,Z886,Z,False,False,False
Alergia a nolotil.,1,1,1,Z886,Z,False,False,False
Alergia a paracetamol,1,1,1,V146,V,False,False,False
Alergia a penicilinas,1,1,1,Z880,Z,False,False,False
Alergia a salicilatos,1,1,1,Z886,Z,False,False,False
Alergia a tetraciclinas,1,1,1,Z881,Z,False,False,False
Alergia a ácaros,1,1,1,Z91038,Z,False,False,False
Alergia aas,1,1,1,Z886,Z,False,False,False
Alergia aines,1,1,1,Z888,Z,False,False,False
Alergia al Ibuprofeno,1,1,1,V146,V,False,False,False
Alergia al Látex,1,1,1,Z91040,Z,False,False,False
Alergia al Níquel,1,1,1,Z91048,Z,False,False,False
Alergia al diclofenaco,1,1,1,V148,V,False,False,False
Alergia al esparadrapo,1,1,1,Z91048,Z,False,False,False
Alergia al huevo,1,1,1,Z91012,Z,False,False,False
Alergia al kiwi,1,1,1,Z91018,Z,False,False,False
Alergia al marisco,1,1,1,Z91013,Z,False,False,False
Alergia al nolotil,1,1,1,V146,V,False,False,False
Alergia al níquel,1,1,1,Z91048,Z,False,False,False
Alergia amoxicilina,1,1,1,Z880,Z,False,False,False
Alergia codeina,1,1,1,Z886,Z,False,False,False
Alergia diclofenaco,1,1,1,Z886,Z,False,False,False
Alergia ibuprofeno,1,1,1,Z886,Z,False,False,False
Alergia lidocaina,1,1,1,Z884,Z,False,False,False
Alergia lidocaína,1,1,1,Z884,Z,False,False,False
Alergia melocotón,1,1,1,Z91018,Z,False,False,False
Alergia metamizol,1,1,1,Z886,Z,False,False,False
Alergia niquel,1,1,1,Z91048,Z,False,False,False
Alergia paracetamol,1,1,1,Z886,Z,False,False,False
Alergia parietaria,1,1,1,V1506,V,False,False,False
Alergia pelo,1,1,1,Z91048,Z,False,False,False
Alergia perros,1,1,1,Z91048,Z,False,False,False
Alergia polen,1,1,1,Z91048,Z,False,False,False
Alergia pólen,1,1,1,Z91048,Z,False,False,False
Alergia ácaros,1,1,1,V1506,V,False,False,False
Alergia: Ciprofloxacino,1,1,1,Z881,Z,False,False,False
Alergia: ibuprofeno,1,1,1,V146,V,False,False,False
Alergia: penicilina,1,1,1,Z880,Z,False,False,False
Alergia:Penicilina,1,1,1,V140,V,False,False,False
Alergias a AAS,1,1,1,Z886,Z,False,False,False
Alergias a INZITAN,1,1,1,V148,V,False,False,False
Alergias a penicilinas,1,1,1,Z880,Z,False,False,False
Alergias alimentarias,1,1,1,Z91018,Z,False,False,False
Alergias anestésico,1,1,1,V144,V,False,False,False
Alergias contraste iodado,1,1,1,V1508,V,False,False,False
Alergias medicamentosas: AAS,1,1,1,Z886,Z,False,False,False
Alergias medicamentosas: NOLOTIL,1,1,1,V146,V,False,False,False
Alergias medicamentosas: Sulfamidas,1,1,1,Z882,Z,False,False,False
Alergias medicamentosas:-Sulfamidas,1,1,1,V142,V,False,False,False
Alergias medicamentosas; AAS.,1,1,1,Z886,Z,False,False,False
Alergias: Metamizol,1,1,1,Z886,Z,False,False,False
Alergica a AAS,1,1,1,Z886,Z,False,False,False
Alergica a PENICILINA,1,1,1,V140,V,False,False,False
Alergica a Polen,1,1,1,Z91048,Z,False,False,False
Alergica a contrastes,1,1,1,Z91041,Z,False,False,False
Alergica a la PENICILINA,1,1,1,Z880,Z,False,False,False
Alergica a la Penicilina,1,1,1,V140,V,False,False,False
Alergica a las Sulfamidas,1,1,1,Z882,Z,False,False,False
Alergica a penicilina,1,1,1,Z880,Z,False,False,False
"Alergica a: AAS ,??",1,1,1,Z886,Z,False,False,False
Alergica a: beta lactámicos,1,1,1,Z881,Z,False,False,False
Alergica a: nueces,1,1,1,Z91018,Z,False,False,False
Alergica a:METAMIZOL,1,1,1,Z886,Z,False,False,False
Alergica a:Niquel,1,1,1,Z91048,Z,False,False,False
Alergica a:Penicilina,1,1,1,Z880,Z,False,False,False
Alergica a:Quinolona,1,1,1,Z881,Z,False,False,False
Alergica al ibuprofeno,1,1,1,Z886,Z,False,False,False
Alergica al látex,1,1,1,V1507,V,False,False,False
Alergica al niquel,1,1,1,Z91048,Z,False,False,False
Alergica amoxicilina,1,1,1,Z880,Z,False,False,False
Alergico a la PENICILINA,1,1,1,V140,V,False,False,False
Alergico a la penicilina,1,1,1,V140,V,False,False,False
Alergía a ibuprofeno,1,1,1,V146,V,False,False,False
Alergía frutos secos,1,1,1,Z91018,Z,False,False,False
Alfa talasemia,1,1,1,28243,2,False,False,False
Alfa-talasemia,1,1,1,28243,2,False,False,False
Alimentación parenteral,1,1,1,3E0436Z,3,False,False,False
Alivio de expulsivo,1,1,1,O631,O,False,False,False
Alivio expulsivo,1,1,1,O631,O,False,False,False
Alteración de la marcha,1,1,1,R2689,R,False,False,False
Altres dolors aguts,1,1,1,33819,3,False,False,False
Alumbramiento: Dirigido con revisión de cavidad,1,1,1,0UJD7ZZ,0,False,False,False
Alzeheimer,1,1,1,F0280,F,False,False,False
Alzehimer 2,1,1,1,29410,2,False,False,False
Alzheimer 2,1,1,1,29410,2,False,False,False
Al·lergia acaros,1,1,1,V1506,V,False,False,False
Al·lergia: peix,1,1,1,Z91013,Z,False,False,False
Al·lèrgia a l'ou,1,1,1,V1503,V,False,False,False
Al·lèrgies: als àcars,1,1,1,V1506,V,False,False,False
Alérgia PenicilINA,1,1,1,V140,V,False,False,False
Alérgia al nolotil,1,1,1,V146,V,False,False,False
Alérgia gramineas,1,1,1,Z91048,Z,False,False,False
Alérgia gramíneas,1,1,1,Z91048,Z,False,False,False
Alérgia polen,1,1,1,Z91048,Z,False,False,False
Alérgica AAS,1,1,1,Z886,Z,False,False,False
Alérgica a AAS,1,1,1,Z886,Z,False,False,False
Alérgica a AAS e ibuprofeno,1,1,1,Z886,Z,False,False,False
Alérgica a Beta-lactámicos,1,1,1,Z881,Z,False,False,False
Alérgica a Diclofenaco,1,1,1,Z886,Z,False,False,False
Alérgica a IBUPROFENO,1,1,1,V146,V,False,False,False
Alérgica a Mercurio,1,1,1,Z91048,Z,False,False,False
Alérgica a PENICILINA,1,1,1,Z880,Z,False,False,False
"Alérgica a TENOXICA,, RENTENOX, TILCOTIL, BUSCAPINA",1,1,1,V148,V,False,False,False
Alérgica a codeina,1,1,1,Z886,Z,False,False,False
Alérgica a gramíneas,1,1,1,Z91048,Z,False,False,False
Alérgica a la Penicilina,1,1,1,Z880,Z,False,False,False
Alérgica a la penicilina,1,1,1,Z880,Z,False,False,False
Alérgica a los Aines,1,1,1,Z886,Z,False,False,False
Alérgica a penicilina,1,1,1,Z880,Z,False,False,False
Alérgica a: AINES,1,1,1,Z888,Z,False,False,False
Alérgica a: AMOXICILINA,1,1,1,Z880,Z,False,False,False
Alérgica a: Gramineas,1,1,1,Z91048,Z,False,False,False
Alérgica a: Penicilina,1,1,1,Z880,Z,False,False,False
Alérgica a: gramineas,1,1,1,Z91048,Z,False,False,False
Alérgica a: nolotil,1,1,1,Z886,Z,False,False,False
Alérgica a: pólen,1,1,1,Z91048,Z,False,False,False
Alérgica a: Ácido clavulánico,1,1,1,Z881,Z,False,False,False
Alérgica a:AAS,1,1,1,Z886,Z,False,False,False
Alérgica a:gramineas,1,1,1,Z91048,Z,False,False,False
Alérgica al NOLOTIL,1,1,1,V146,V,False,False,False
Alérgica al niquel,1,1,1,Z91048,Z,False,False,False
Alérgica al níquel,1,1,1,Z91048,Z,False,False,False
Alérgica al optalidon,1,1,1,Z888,Z,False,False,False
Alérgica contraste,1,1,1,Z91041,Z,False,False,False
Alérgica frutos secos,1,1,1,V1505,V,False,False,False
Alérgica penicilina,1,1,1,V140,V,False,False,False
Alérgico a Optalidón,1,1,1,Z886,Z,False,False,False
Alérgico a Penicilina,1,1,1,Z880,Z,False,False,False
Alérgico a la penicilina,1,1,1,V140,V,False,False,False
Alérgico a los AINES,1,1,1,Z886,Z,False,False,False
Alérgico a sulfamidas,1,1,1,V142,V,False,False,False
Alérgico a terramicina,1,1,1,Z881,Z,False,False,False
Amaurosis fugax,1,1,1,G453,G,False,False,False
Ambientales,1,1,1,Z91048,Z,False,False,False
Ambliopia OD,1,1,1,H53001,H,False,False,False
Ambliopia OI,1,1,1,H53002,H,False,False,False
Ambliopia OI.,1,1,1,H53002,H,False,False,False
Amchafibrin,1,1,1,3E033GC,3,False,False,False
Amenada de parto prematuro,1,1,1,O6003,O,False,False,False
Amenaza de Parto Pretérmino,1,1,1,O6003,O,False,False,False
Amenaza de parto immaduro,1,1,1,64403,6,False,False,False
Amenaza de parto prematuro,1,1,1,O6003,O,False,False,False
Amenaza de parto pretérmino,1,1,1,O6003,O,False,False,False
Amenaça avortament,1,1,1,64003,6,False,False,False
Amenorrea 40,1,1,1,Z3A40,Z,False,False,False
Amenorrea : 40,1,1,1,Z3A40,Z,False,False,False
Amenorrea : 40 +,1,1,1,Z3A40,Z,False,False,False
Amenorrea: 40,1,1,1,Z3A40,Z,False,False,False
Amenorrea: 40 +,1,1,1,Z3A40,Z,False,False,False
Amenorrea: 40+,1,1,1,Z3A40,Z,False,False,False
Amenorrea: 41 +,1,1,1,O480,O,False,False,False
Amigdalectomia,1,1,1,282,2,False,False,False
Amigdalectomía,1,1,1,282,2,False,False,False
Amigdalectomía bilateral,1,1,1,282,2,False,False,False
Amigdalitis,1,1,1,463,4,False,False,False
Amigdalitis a repetición,1,1,1,47400,4,False,False,False
Amigdalitis crònica,1,1,1,47400,4,False,False,False
Amigdalitis estreptococcica,1,1,1,0340,0,False,False,False
Amigdalotomia,1,1,1,280,2,False,False,False
Amikacina,1,1,1,3E03329,3,False,False,False
Amnesia inmediatra,1,1,1,78093,7,False,False,False
Amniocentesi,1,1,1,751,7,False,False,False
Amniodrenaje,1,1,1,10903ZU,1,False,False,False
Amniorrexis rn,1,1,1,P011,P,False,False,False
Amniorrexis:,1,1,1,O4202,O,False,False,False
Amniotomia,1,1,1,10907ZC,1,False,False,False
Amoxicilina,1,1,1,9921,9,False,False,False
Ampicil·lina,1,1,1,3E03329,3,False,False,False
Amígdalas hipertróficas,1,1,1,J351,J,False,False,False
Anafilaxia,1,1,1,9950,9,False,False,False
Analgesicos,1,1,1,3E033NZ,3,False,False,False
Analgèsia,1,1,1,9929,9,False,False,False
Anastomosis colorrectal,1,1,1,0D1M0ZP,0,False,False,False
Anemia,1,1,1,2859,2,False,False,False
Anemia PARTO,1,1,1,D649,D,False,False,False
Anemia aplásica,1,1,1,D619,D,False,False,False
Anemia de Blackfan Diamond,1,1,1,D6101,D,False,False,False
Anemia de enfermedad crónica,1,1,1,D638,D,False,False,False
Anemia ferropenia,1,1,1,D509,D,False,False,False
Anemia ferropenica,1,1,1,2809,2,False,False,False
Anemia ferropenica part,1,1,1,O3413,O,False,False,False
Anemia ferropènica,1,1,1,2809,2,False,False,False
Anemia ferropéncia parto,1,1,1,D509,D,False,False,False
Anemia ferropénica anteparto,1,1,1,2809,2,False,False,False
Anemia ferropénica cronica sangre,1,1,1,2800,2,False,False,False
Anemia ferropénica crónica sangre,1,1,1,2800,2,False,False,False
Anemia ferropénica parto,1,1,1,O9902,O,False,False,False
Anemia ferropénica por pérdidas digestivas,1,1,1,D500,D,False,False,False
Anemia ferropénica secundaria a pérdidas digestivas,1,1,1,D500,D,False,False,False
Anemia hemolítica autoinmune,1,1,1,2830,2,False,False,False
Anemia hipocromica microcitica,1,1,1,2809,2,False,False,False
Anemia macrocitica,1,1,1,2819,2,False,False,False
Anemia materna,1,1,1,64823,6,False,False,False
Anemia microcitica,1,1,1,D509,D,False,False,False
Anemia microcítica,1,1,1,D509,D,False,False,False
Anemia microcítica ferropénica,1,1,1,2809,2,False,False,False
Anemia microcítica hipocrómica,1,1,1,2809,2,False,False,False
Anemia microcítica/hipocrómica,1,1,1,D509,D,False,False,False
Anemia neonatal,1,1,1,P614,P,False,False,False
Anemia normocitica,1,1,1,D649,D,False,False,False
Anemia normocítica normocrómica,1,1,1,2859,2,False,False,False
Anemia parto,1,1,1,2859,2,False,False,False
Anemia perniciosa,1,1,1,2810,2,False,False,False
Anemia por déficit de B12,1,1,1,D519,D,False,False,False
Anemia por déficit de Vitamina B12,1,1,1,D518,D,False,False,False
Anemia post-quirúrgica,1,1,1,D62,D,False,False,False
Anemia postoperatoria,1,1,1,D62,D,False,False,False
Anemia postparto 2,1,1,1,2851,2,False,False,False
Anemia pueperio,1,1,1,O9081,O,False,False,False
Anemia puerperal 2,1,1,1,D62,D,False,False,False
Anemia puerperio,1,1,1,O9081,O,False,False,False
Anemia renal,1,1,1,D631,D,False,False,False
Anemia secundaria a hipermenorrea,1,1,1,D500,D,False,False,False
Anemias ferropénica cronica sangre,1,1,1,2800,2,False,False,False
Anemización postoperatoria,1,1,1,D62,D,False,False,False
Anemización secundaria a pérdidas digestivas,1,1,1,D500,D,False,False,False
Anemizante,1,1,1,D62,D,False,False,False
Aneurisma aorta abdominal,1,1,1,I714,I,False,False,False
Aneurisma carótida interna izquierda,1,1,1,I720,I,False,False,False
Aneurisma de aorta abdominal,1,1,1,I714,I,False,False,False
Aneurisma de aorta ascendente,1,1,1,I712,I,False,False,False
Aneurisma esplénico,1,1,1,I728,I,False,False,False
Anexectomia,1,1,1,V4577,V,False,False,False
Anexectomia Bilateral Laparoscopia,1,1,1,0UT74ZZ,0,False,False,False
Anexectomia bilateral lap,1,1,1,6563,6,False,False,False
Anexectomia bilateral laparoscópica,1,1,1,0UT74ZZ,0,False,False,False
Anexectomia izquierda,1,1,1,6549,6,False,False,False
Anexectomía IZQUIERDA lap,1,1,1,6541,6,False,False,False
Anexectomía bilateral LAPAROSCOPIA,1,1,1,0UT74ZZ,0,False,False,False
Anexectomía bilateral laparoscopia,1,1,1,0UT24ZZ,0,False,False,False
Anexectomía bilateral laparoscópica,1,1,1,0UT24ZZ,0,False,False,False
Anexectomía bilateral vía laparoscópica,1,1,1,6563,6,False,False,False
Anexectomía derecha lap,1,1,1,0UT04ZZ,0,False,False,False
Anexectomía derecha laparoscopia,1,1,1,0UT04ZZ,0,False,False,False
Anexectomía izquierda laparoscopia,1,1,1,0UT14ZZ,0,False,False,False
Anexohisterectomía,1,1,1,Z90710,Z,False,False,False
Angina,1,1,1,4139,4,False,False,False
Angina de esfuerzo,1,1,1,I208,I,False,False,False
Angina de esfuerzo estable,1,1,1,I209,I,False,False,False
Angina inestable,1,1,1,I200,I,False,False,False
Angio TAC abdomen,1,1,1,B420YZZ,B,False,False,False
Angio TC torácico,1,1,1,BW24Y0Z,B,False,False,False
Angio TaC abdomen,1,1,1,BW20Y0Z,B,False,False,False
Angio TaC torácico,1,1,1,BW24Y0Z,B,False,False,False
Angio tac torax,1,1,1,BW24Y0Z,B,False,False,False
Angio-TC toracic,1,1,1,BW24Y0Z,B,False,False,False
Angio-TC torácico,1,1,1,BW24Y0Z,B,False,False,False
Angio-TaC torácico,1,1,1,BW24Y0Z,B,False,False,False
AngioTAC torácico,1,1,1,B32S1ZZ,B,False,False,False
AngioTC abd,1,1,1,8801,8,False,False,False
AngioTC abdomen,1,1,1,B42CYZZ,B,False,False,False
AngioTC toracico,1,1,1,B32SZZZ,B,False,False,False
AngioTC torácica,1,1,1,8741,8,False,False,False
AngioTc,1,1,1,B420ZZZ,B,False,False,False
Angiodisplasia de colon,1,1,1,K5520,K,False,False,False
Angioma,1,1,1,91200,9,False,False,False
Angiomas,1,1,1,91200,9,False,False,False
Angor,1,1,1,4139,4,False,False,False
Anhidramnios,1,1,1,O4103X0,O,False,False,False
Anorexia,1,1,1,R630,R,False,False,False
Anorexia nerviosa,1,1,1,F5000,F,False,False,False
Anosmia,1,1,1,R430,R,False,False,False
Ansiedad,1,1,1,F419,F,False,False,False
Ansiedad generalizada,1,1,1,F411,F,False,False,False
Ansiedad-depresión,1,1,1,F418,F,False,False,False
Ansietat,1,1,1,F419,F,False,False,False
Ansioso-Depresivo,1,1,1,3004,3,False,False,False
Ansiosodepresivo,1,1,1,F341,F,False,False,False
Anterolistesis L4-L5,1,1,1,M4316,M,False,False,False
Anti D.,1,1,1,O360130,O,False,False,False
Anti d,1,1,1,3E0234Z,3,False,False,False
Anti-D.,1,1,1,O360130,O,False,False,False
Anti-d,1,1,1,3E0234Z,3,False,False,False
Antiagregado,1,1,1,Z7902,Z,False,False,False
Antibioteraia,1,1,1,3E03329,3,False,False,False
Antibioterapia intravenosa,1,1,1,9921,9,False,False,False
Antibioticos,1,1,1,9921,9,False,False,False
Antibioticoterapia,1,1,1,3E03329,3,False,False,False
Antibioticoterpia,1,1,1,3E03329,3,False,False,False
Antibiòtics,1,1,1,9921,9,False,False,False
Anticoagulacion,1,1,1,Z7901,Z,False,False,False
Anticoagulada,1,1,1,Z7901,Z,False,False,False
Antracosis,1,1,1,500,5,False,False,False
Antrostomia maxilar derecha,1,1,1,222,2,False,False,False
Anuria,1,1,1,R34,R,False,False,False
Anuscopia,1,1,1,4921,4,False,False,False
Anèmia posthemorràgica aguda,1,1,1,2851,2,False,False,False
Apencitis aguda,1,1,1,K3580,K,False,False,False
Apendicectomia,1,1,1,4709,4,False,False,False
Apendicectomía Laparoscopica,1,1,1,0DTJ4ZZ,0,False,False,False
Apendicectomía abierta,1,1,1,4709,4,False,False,False
Apendicitis,1,1,1,5409,5,False,False,False
Apendicitis aguda,1,1,1,K3580,K,False,False,False
Apendicitis aguda no especificada,1,1,1,K3580,K,False,False,False
Apendicitis perforación peritonitis,1,1,1,K3520,K,False,False,False
Apgar,1,1,1,4A1HXCZ,4,False,False,False
Apgar5,1,1,1,4A1HXCZ,4,False,False,False
Aplasia,1,1,1,28489,2,False,False,False
Aplasia cutis,1,1,1,Q848,Q,False,False,False
Aplastamientos vertebrales,1,1,1,73313,7,False,False,False
Apnea,1,1,1,R0681,R,False,False,False
Apnea del son,1,1,1,G4730,G,False,False,False
Apnea del son no especificada,1,1,1,G4730,G,False,False,False
Apnea obstructiva del sueño,1,1,1,32723,3,False,False,False
Apneas de la prematuridad,1,1,1,P284,P,False,False,False
App,1,1,1,64403,6,False,False,False
Apéndices preauriculares,1,1,1,Q170,Q,False,False,False
Arco aortico,1,1,1,74721,7,False,False,False
Arnold Chiari,1,1,1,Q0700,Q,False,False,False
Arnold- Chiari,1,1,1,Q0700,Q,False,False,False
Arritmia,1,1,1,I499,I,False,False,False
Arritmia cardiaca,1,1,1,I499,I,False,False,False
Arritmias,1,1,1,I499,I,False,False,False
Arteria umbilical unica,1,1,1,O6989X0,O,False,False,False
Arteria umbilical única,1,1,1,Q270,Q,False,False,False
Arteriografía medula,1,1,1,B00BYZZ,B,False,False,False
Arteriopatia periférica,1,1,1,I739,I,False,False,False
Artirtis crónica juvenil,1,1,1,M0800,M,False,False,False
Artralgias,1,1,1,M2550,M,False,False,False
Artritis,1,1,1,M1990,M,False,False,False
Artritis Microcristalina,1,1,1,M119,M,False,False,False
Artritis Psoriasica,1,1,1,L4050,L,False,False,False
Artritis Reumatoide,1,1,1,M059,M,False,False,False
Artritis Reumatoide parto,1,1,1,M069,M,False,False,False
Artritis gotosa,1,1,1,M1A9XX0,M,False,False,False
Artritis psoriàsica,1,1,1,6960,6,False,False,False
Artritis reumatoide part,1,1,1,M069,M,False,False,False
Artritis rodilla,1,1,1,M13869,M,False,False,False
Artrodesis,1,1,1,Z981,Z,False,False,False
Artromialgias,1,1,1,M2550,M,False,False,False
Artropatía,1,1,1,M129,M,False,False,False
Artropatía degenerativa,1,1,1,M1289,M,False,False,False
Artropatía generalizada,1,1,1,71509,7,False,False,False
Artropatíadegenerativa,1,1,1,71590,7,False,False,False
Artroplastia total de cadera derecha,1,1,1,Z96641,Z,False,False,False
Artroplástia de cadera izquierda,1,1,1,Z96642,Z,False,False,False
Artrosi genolls,1,1,1,71536,7,False,False,False
"Artrosi posttraumàtica, espatlla dreta",1,1,1,M19111,M,False,False,False
Artrosis,1,1,1,M1990,M,False,False,False
Artrosis cervical,1,1,1,M47812,M,False,False,False
Artrosis de manos,1,1,1,M19042,M,False,False,False
Artrosis de rodillas,1,1,1,M179,M,False,False,False
Artrosis generalizada,1,1,1,71509,7,False,False,False
Artrosis manos,1,1,1,M19041,M,False,False,False
Artrosis rodilla,1,1,1,M179,M,False,False,False
Artrosis subastragalina derecha,1,1,1,M19071,M,False,False,False
Artrosis vertebral,1,1,1,M47816,M,False,False,False
Ascitis a tensión,1,1,1,R188,R,False,False,False
Ascitis quilosa,1,1,1,4578,4,False,False,False
Asherman,1,1,1,N856,N,False,False,False
Asma,1,1,1,49390,4,False,False,False
Asma 3t,1,1,1,J45909,J,False,False,False
Asma alérgica,1,1,1,49300,4,False,False,False
Asma alérgico,1,1,1,J45909,J,False,False,False
Asma estacional,1,1,1,J45909,J,False,False,False
Asma extrinseco,1,1,1,J45909,J,False,False,False
Asma extrínseca,1,1,1,49300,4,False,False,False
Asma extrínseco,1,1,1,49300,4,False,False,False
Asma grave,1,1,1,J4550,J,False,False,False
Asma persistent greu,1,1,1,J4550,J,False,False,False
Asma persistent lleu,1,1,1,J4530,J,False,False,False
Aspergilosis broncopulmonar alérgica,1,1,1,5186,5,False,False,False
Aspirado de médula ósea,1,1,1,4131,4,False,False,False
Aspirado médula ósea,1,1,1,4131,4,False,False,False
Astigmatismo,1,1,1,H52209,H,False,False,False
Astrocitoma anaplásico temporal,1,1,1,C712,C,False,False,False
Ataxia,1,1,1,R270,R,False,False,False
Atelectasi pulmonar,1,1,1,5180,5,False,False,False
Atelèctasi,1,1,1,5180,5,False,False,False
Ateromatosis aorto-ilíaca,1,1,1,4400,4,False,False,False
Ateromatosis aòrtica,1,1,1,I700,I,False,False,False
Ateromatosis aórtica,1,1,1,4400,4,False,False,False
Ateromatosis calcificada aortoilíaca.,1,1,1,I700,I,False,False,False
Atonía uterina,1,1,1,O721,O,False,False,False
Atresia esofágica,1,1,1,7503,7,False,False,False
Atresia esofágo corregida,1,1,1,V1367,V,False,False,False
Atrofia cerebelosa,1,1,1,G319,G,False,False,False
Atrofia macular,1,1,1,7013,7,False,False,False
Atrofia muscular espinal,1,1,1,33510,3,False,False,False
Atropellament,1,1,1,E8147,E,False,False,False
Atrèsia anal,1,1,1,7512,7,False,False,False
Atrèsia esofàgica sense fístula,1,1,1,Q390,Q,False,False,False
Augmentine,1,1,1,9921,9,False,False,False
Autismo,1,1,1,F840,F,False,False,False
Avortament,1,1,1,O039,O,False,False,False
Avortament diferit,1,1,1,O021,O,False,False,False
Avortament espontani incomplet,1,1,1,O034,O,False,False,False
Avulsio dentales,1,1,1,87363,8,False,False,False
B +,1,1,1,Z6720,Z,False,False,False
B Negativo,1,1,1,Z6721,Z,False,False,False
B POS,1,1,1,Z6720,Z,False,False,False
B POSITIVO,1,1,1,Z6720,Z,False,False,False
B Rh negativo,1,1,1,Z6721,Z,False,False,False
B negativo,1,1,1,Z6721,Z,False,False,False
B pos,1,1,1,Z6720,Z,False,False,False
B+,1,1,1,Z6720,Z,False,False,False
B08.20,1,1,1,B0820,B,False,False,False
B34.9,1,1,1,B349,B,False,False,False
BAG HEPATICA,1,1,1,0FB03ZX,0,False,False,False
BAG de implantes peritoneales,1,1,1,0DBW3ZX,0,False,False,False
BAG mama derecha,1,1,1,0HBT3ZX,0,False,False,False
BALÓN DE BAKRI,1,1,1,0W3R7ZZ,0,False,False,False
BARRERA IDIOMATICA,1,1,1,Z603,Z,False,False,False
BARRERA IDIOMÁTICA,1,1,1,Z603,Z,False,False,False
BAV 1º.,1,1,1,I440,I,False,False,False
BAV completo,1,1,1,I442,I,False,False,False
BAV primer grado,1,1,1,42611,4,False,False,False
BBDFH,1,1,1,I4510,I,False,False,False
BC / BA,1,1,1,V9103,V,False,False,False
BC BA,1,1,1,V9103,V,False,False,False
BC-BA,1,1,1,V9103,V,False,False,False
BC/BA,1,1,1,V9103,V,False,False,False
BC/TA,1,1,1,V9111,V,False,False,False
BC/ba,1,1,1,V9103,V,False,False,False
BCBA,1,1,1,V9103,V,False,False,False
BCNO,1,1,1,J449,J,False,False,False
BD,1,1,1,9394,9,False,False,False
BEBEDOR,1,1,1,F1010,F,False,False,False
BGP,1,1,1,04189,0,False,False,False
BI/BI,1,1,1,V9103,V,False,False,False
BICORIAL-BIAMNIOTICA,1,1,1,O30043,O,False,False,False
BIOPSIA VEJIGA,1,1,1,0TBB8ZX,0,False,False,False
BIOPSIAS MÚLTIPLES vejiga,1,1,1,0TBB8ZX,0,False,False,False
BIPAP,1,1,1,5A09357,5,False,False,False
BIRIHH,1,1,1,4263,4,False,False,False
BLEA,1,1,1,Z1610,Z,False,False,False
BLEE,1,1,1,V091,V,False,False,False
BLOQUEO DE RAMA IZQUIERDA,1,1,1,I447,I,False,False,False
BMN,1,1,1,E042,E,False,False,False
BNCO,1,1,1,J449,J,False,False,False
BOCIO MULTINODULAR,1,1,1,E042,E,False,False,False
BRCA 1,1,1,1,V8401,V,False,False,False
BRCA1,1,1,1,Z1501,Z,False,False,False
BRD,1,1,1,I4510,I,False,False,False
BRONQUIECTASIAS,1,1,1,4940,4,False,False,False
BRONQUIECTASIAS infecc,1,1,1,4941,4,False,False,False
BRONQUIECTASIS,1,1,1,J479,J,False,False,False
BSCG i,1,1,1,07B60ZX,0,False,False,False
BSGC,1,1,1,4023,4,False,False,False
BSGC D,1,1,1,07B50ZX,0,False,False,False
BSGC PÉLVICO,1,1,1,07BC0ZX,0,False,False,False
BSGC d,1,1,1,07B50ZX,0,False,False,False
BSGC derecho,1,1,1,0UT70ZZ,0,False,False,False
BSGC i,1,1,1,07B60ZX,0,False,False,False
Bacteriemia CVC,1,1,1,T80211A,T,False,False,False
Bacteriemia por E. Coli,1,1,1,B9620,B,False,False,False
Bacteriuria asintomática,1,1,1,R8271,R,False,False,False
Bacterièmia,1,1,1,R7881,R,False,False,False
Balon de Cook,1,1,1,0U7C7ZZ,0,False,False,False
Balón de Bakri,1,1,1,0W3R7ZZ,0,False,False,False
Barrera idiomatica,1,1,1,Z603,Z,False,False,False
Barrera idiomàtica,1,1,1,Z603,Z,False,False,False
Barrera idiomática,1,1,1,Z603,Z,False,False,False
Barret,1,1,1,K2270,K,False,False,False
Bebedor,1,1,1,F1010,F,False,False,False
Bebedor moderado,1,1,1,F1020,F,False,False,False
Bebedora,1,1,1,F1010,F,False,False,False
Bebedora ocasional,1,1,1,F1011,F,False,False,False
BiPAP,1,1,1,9390,9,False,False,False
Bicitopenia,1,1,1,D696,D,False,False,False
Bicorial-Biamniótico,1,1,1,O30043,O,False,False,False
Bilirrubina elevada,1,1,1,E807,E,False,False,False
Biopsia cervix,1,1,1,6712,6,False,False,False
Biopsia de uretra prostática,1,1,1,0TBD8ZX,0,False,False,False
Biopsia endometrial,1,1,1,0UB98ZX,0,False,False,False
Biopsia esófago distal,1,1,1,0DB38ZX,0,False,False,False
Biopsia gástrica,1,1,1,4414,4,False,False,False
Biopsia hepática,1,1,1,0FB03ZX,0,False,False,False
Biopsia peritoneal lap,1,1,1,5424,5,False,False,False
Biopsia piel,1,1,1,8611,8,False,False,False
Biopsia renal,1,1,1,5523,5,False,False,False
Biopsia renal izquierdo,1,1,1,0TB13ZX,0,False,False,False
Biopsia selectiva de gangli sentinella,1,1,1,4011,4,False,False,False
Biopsia selectiva ganglio centinela,1,1,1,4011,4,False,False,False
Biopsia uterina,1,1,1,0UB98ZX,0,False,False,False
Biopsia vesical,1,1,1,0T9B8ZX,0,False,False,False
Biopsias peritoneales,1,1,1,5423,5,False,False,False
Biopsias peritoneales lap,1,1,1,5424,5,False,False,False
Biopsias vesicales múltiples,1,1,1,0TBB8ZX,0,False,False,False
Biòpsia endometrio,1,1,1,6816,6,False,False,False
Biòpsia pleural derecha,1,1,1,0BBN3ZX,0,False,False,False
Biòpsia selectiva de gangli sentinella,1,1,1,4011,4,False,False,False
Blee,1,1,1,Z1610,Z,False,False,False
Blefaritis,1,1,1,H01009,H,False,False,False
Blefaroplastia superior,1,1,1,08SN0ZZ,0,False,False,False
Bloque de rama izquierda,1,1,1,4263,4,False,False,False
Bloqueo 1 grado,1,1,1,I440,I,False,False,False
Bloqueo AV completo,1,1,1,I442,I,False,False,False
Bloqueo bifascicular,1,1,1,I452,I,False,False,False
Bloqueo completo de rama izquierda,1,1,1,I447,I,False,False,False
Bloqueo de rama derecha,1,1,1,I4510,I,False,False,False
Bloqueo incompleto de rama derecha,1,1,1,I4519,I,False,False,False
Bocavirus,1,1,1,B348,B,False,False,False
Bocio,1,1,1,E049,E,False,False,False
Bocio Multinodular part,1,1,1,E042,E,False,False,False
Bocio endotorácico,1,1,1,E049,E,False,False,False
Bocio multinodular parto,1,1,1,O99284,O,False,False,False
Bocio nodular,1,1,1,E041,E,False,False,False
Bocio parto,1,1,1,O99284,O,False,False,False
Bomba de insulina,1,1,1,Z9641,Z,False,False,False
Bradicardia fetal,1,1,1,O76,O,False,False,False
Bradicardia sinusal,1,1,1,R001,R,False,False,False
Broncoaspiración,1,1,1,5070,5,False,False,False
Broncodilatadores,1,1,1,9394,9,False,False,False
Broncoespasme,1,1,1,J9801,J,False,False,False
Broncoespasme agut,1,1,1,J9801,J,False,False,False
Broncoespasmo,1,1,1,J9801,J,False,False,False
Bronconeumonía VRS,1,1,1,J121,J,False,False,False
Broncoscopia,1,1,1,3323,3,False,False,False
Broncoscopia flexible,1,1,1,3323,3,False,False,False
Broncospasmos,1,1,1,51911,5,False,False,False
Bronquiectasia inf,1,1,1,4941,4,False,False,False
Bronquiolitis VRS,1,1,1,J210,J,False,False,False
Bronquiolitis aguda,1,1,1,J219,J,False,False,False
Bronquiolitis aguda VRS positiva,1,1,1,J210,J,False,False,False
Bronquiolitis aguda no especificada,1,1,1,J219,J,False,False,False
Bronquitis,1,1,1,4660,4,False,False,False
Bronquitis aguda,1,1,1,J209,J,False,False,False
Bronquitis aguda Rhinovirus,1,1,1,J206,J,False,False,False
Bronquitis aguda adenovirus,1,1,1,B340,B,False,False,False
Bronquitis aguda causada pel virus respiratori sincicial,1,1,1,J205,J,False,False,False
Bronquitis aguda epoc,1,1,1,49122,4,False,False,False
Bronquitis aguda no especificada,1,1,1,J209,J,False,False,False
Bronquitis asmática,1,1,1,J45909,J,False,False,False
Bronquitis crónica,1,1,1,J42,J,False,False,False
Buerger,1,1,1,I731,I,False,False,False
Bufeta hiperactiva,1,1,1,N3281,N,False,False,False
Bufeta neurògena,1,1,1,59654,5,False,False,False
Bulimia,1,1,1,F502,F,False,False,False
Bulimia nerviosa parto,1,1,1,F502,F,False,False,False
Bursectomía hombro derecho,1,1,1,0MB14ZZ,0,False,False,False
By pass Aortobifemoral,1,1,1,Z95828,Z,False,False,False
By pass coronario,1,1,1,Z951,Z,False,False,False
Bypass gástrico lap,1,1,1,4438,4,False,False,False
C. ISQUEMICA CRONICA,1,1,1,I259,I,False,False,False
C. isquémica,1,1,1,I259,I,False,False,False
C.ISQUEMICA,1,1,1,I259,I,False,False,False
C64.2,1,1,1,C642,C,False,False,False
CA ENDOMETRIO,1,1,1,C541,C,False,False,False
CA ENDOMETRIOIDE,1,1,1,83803,8,False,False,False
CA EPIDERMOIDE,1,1,1,80703,8,False,False,False
CA MAMA DERECHA,1,1,1,C50911,C,False,False,False
CA endometrio,1,1,1,C541,C,False,False,False
CA prostata,1,1,1,C61,C,False,False,False
CA. MAMA DERECHA,1,1,1,C50911,C,False,False,False
CA. MAMA IZQUIERDO,1,1,1,C50912,C,False,False,False
CAIDA,1,1,1,W19XXXA,W,False,False,False
CARCINOMA,1,1,1,80103,8,False,False,False
CARCINOMA ADENOIDE QUÍSTICO,1,1,1,82003,8,False,False,False
CARCINOMA BASOCELULAR,1,1,1,80903,8,False,False,False
CARCINOMA DE ENDOMETRIO,1,1,1,C541,C,False,False,False
CARCINOMA DE MAMA IZQUIERDA,1,1,1,C50912,C,False,False,False
CARCINOMA DUCATL INFILTRANTE,1,1,1,85003,8,False,False,False
CARCINOMA DUCTAL INFILTRANTE,1,1,1,85003,8,False,False,False
CARCINOMA DUCTAL INFILTRANTE DE MAMA IZDA,1,1,1,C50912,C,False,False,False
CARCINOMA DUCTAL INFILTRANTE DE MAMA IZQUIERDA,1,1,1,C50912,C,False,False,False
CARCINOMA ENDOMETRIO,1,1,1,1820,1,False,False,False
CARCINOMA ENDOMETRio,1,1,1,1820,1,False,False,False
CARCINOMA INDIFERENCIADO,1,1,1,80203,8,False,False,False
CARCINOMA INFILTRANTE,1,1,1,85003,8,False,False,False
CARCINOMA LOBULAR IN SITU,1,1,1,85202,8,False,False,False
CARCINOMA LOBULILLAR IN SITU,1,1,1,85202,8,False,False,False
CARCINOMA LOBULILLAR INFILTRANTE,1,1,1,85223,8,False,False,False
CARCINOMA MAMA DERECHA,1,1,1,C50911,C,False,False,False
CARCINOMA PAPILAR,1,1,1,80503,8,False,False,False
CARCINOMA SEROSO,1,1,1,84413,8,False,False,False
CARCINOMA SEROSO DE ALTO GRADO,1,1,1,84413,8,False,False,False
CARCINOMA SEROSO mtx,1,1,1,84416,8,False,False,False
CARCINOMA UROTELIAL,1,1,1,81203,8,False,False,False
CARCINOMA UROTELIAL PAPILAR,1,1,1,81303,8,False,False,False
CARCINOMA UROTELIAL VESICAL,1,1,1,81203,8,False,False,False
CARCINOSARCOMA,1,1,1,89803,8,False,False,False
CARDIOPATIA HIPERTENSIVA,1,1,1,I119,I,False,False,False
CARDIOPATIA ISQUEMICA,1,1,1,I259,I,False,False,False
CARDIOPATÍA ISQUÉMICA,1,1,1,I259,I,False,False,False
CARÚNCULA URETRAL,1,1,1,N362,N,False,False,False
CATARATA,1,1,1,3669,3,False,False,False
CATARATA MADURA EN O.I.,1,1,1,H2589,H,False,False,False
CATETER ARTERIAL,1,1,1,03HY33Z,0,False,False,False
CATÉTER DOBLE J BILATERAL,1,1,1,0T9880Z,0,False,False,False
CATÉTER DOBLE J DERECHO,1,1,1,0T9680Z,0,False,False,False
CATÉTER DOBLE J IZQUIERDO,1,1,1,0T9780Z,0,False,False,False
CATÉTER DOBLE J IZQuierdo,1,1,1,0T9780Z,0,False,False,False
CATÉTER doble J DERECHO,1,1,1,0T9680Z,0,False,False,False
CCHH,1,1,1,30233N1,3,False,False,False
CDI MAMA DERECHA,1,1,1,C50911,C,False,False,False
CDI MTX,1,1,1,85006,8,False,False,False
CDI de mama izq,1,1,1,C50912,C,False,False,False
CDI de mama izquieda,1,1,1,C50912,C,False,False,False
CDI de mama izquierda,1,1,1,C50912,C,False,False,False
CDI mama derecha,1,1,1,C50911,C,False,False,False
CE esofágico,1,1,1,T18198A,T,False,False,False
CEFALEA TENSIONAL CRÓNICA,1,1,1,G44229,G,False,False,False
CENS,1,1,1,09BK4ZZ,0,False,False,False
CENS 2,1,1,1,2219,2,False,False,False
CERCLAJE CERVICAL,1,1,1,0UVC7DZ,0,False,False,False
CESAREA,1,1,1,10D00Z1,1,False,False,False
CESAREA CLASICA,1,1,1,10D00Z0,1,False,False,False
CESÁREAS PREVIAS,1,1,1,O34211,O,False,False,False
CEfazolina,1,1,1,3E03329,3,False,False,False
CH,1,1,1,30233N1,3,False,False,False
CI,1,1,1,I259,I,False,False,False
CIA parto,1,1,1,Q211,Q,False,False,False
CIN,1,1,1,80772,8,False,False,False
CIN 2,1,1,1,62212,6,False,False,False
CIN 2).,1,1,1,N871,N,False,False,False
CIN 3 parto,1,1,1,D069,D,False,False,False
CIN II,1,1,1,N871,N,False,False,False
CIN IIi,1,1,1,2331,2,False,False,False
CIN-I,1,1,1,N870,N,False,False,False
CIR,1,1,1,O365930,O,False,False,False
CISTADENOMA SEROSO,1,1,1,84410,8,False,False,False
CISTITIS AGUDA,1,1,1,5950,5,False,False,False
CISTOADENOCARCINOMA ENDOMETRIOIDE,1,1,1,83803,8,False,False,False
CISTOADENOMA,1,1,1,84400,8,False,False,False
CISTOADENOMA OVARI,1,1,1,220,2,False,False,False
"CISTOCELE, LATERAL",1,1,1,N8112,N,False,False,False
CISTOGRAFIA,1,1,1,BT10ZZZ,B,False,False,False
CISTOPROSTATECTOMÍA RADICAL lap,1,1,1,0VT04ZZ,0,False,False,False
CISTOSCOPIA,1,1,1,0TJB8ZZ,0,False,False,False
CITARABINA,1,1,1,9925,9,False,False,False
CIV,1,1,1,Q210,Q,False,False,False
CLAUSTROFÒBIA,1,1,1,F40240,F,False,False,False
CMV parto,1,1,1,O9852,O,False,False,False
CNAF,1,1,1,9396,9,False,False,False
COCAINA +++.,1,1,1,30560,3,False,False,False
COLECISTECTOMIA ABIERTA,1,1,1,5122,5,False,False,False
COLECISTECTOMÍA LAPAROSCÓPICA,1,1,1,0FT44ZZ,0,False,False,False
COLELITIASIS,1,1,1,K8020,K,False,False,False
COLESTEATOMA DERECHO,1,1,1,H7191,H,False,False,False
COLESTEROL,1,1,1,2720,2,False,False,False
COLGAJO piel cuero cabelludo,1,1,1,0HX0XZZ,0,False,False,False
COLICO BILIAR,1,1,1,57420,5,False,False,False
COLITIS ULCEROSA,1,1,1,K5190,K,False,False,False
COLOCACION gastrostomía,1,1,1,V551,V,False,False,False
COLOCACIÓN DE CATÉTER DOBLE J IZQUIERDO,1,1,1,0T9780Z,0,False,False,False
COLOCACIÓN DE NEFROSTOMÍA DERECHA,1,1,1,0T9030Z,0,False,False,False
COLON IRRITABLE,1,1,1,K589,K,False,False,False
COMUNICACIÓN INTERVENTRICULAR,1,1,1,7454,7,False,False,False
CONDROMALACIA izquierda,1,1,1,M94262,M,False,False,False
CONIZACIÓN CON ASA DE DIATERMIA,1,1,1,0U5C8ZZ,0,False,False,False
CONTACTO PARA EXTRACCION PROFILACTICA DE OVARI,1,1,1,Z4002,Z,False,False,False
CORIOAMNIONITIS,1,1,1,O411230,O,False,False,False
CORIOAMNIONITIS AGUDA,1,1,1,O411230,O,False,False,False
CORTICOIDES,1,1,1,3E0333Z,3,False,False,False
COVID,1,1,1,U071,U,False,False,False
COVID 19,1,1,1,U071,U,False,False,False
COVID historia,1,1,1,Z8619,Z,False,False,False
COVID negativo,1,1,1,Z20822,Z,False,False,False
COVID negativos,1,1,1,Z20822,Z,False,False,False
COVID persistente,1,1,1,U099,U,False,False,False
COVID) negativos,1,1,1,Z20822,Z,False,False,False
COVID-19,1,1,1,U071,U,False,False,False
COVID19 parto,1,1,1,O9852,O,False,False,False
COVID: negativo,1,1,1,Z20822,Z,False,False,False
COXARTROSIS DERECHA,1,1,1,M1611,M,False,False,False
COXARTROSIS IZQUIERDA,1,1,1,M1612,M,False,False,False
CPAP 1,1,1,1,5A09357,5,False,False,False
CROMOPERTUBACIÓN,1,1,1,3E1P88Z,3,False,False,False
CRU de repetición,1,1,1,Z87448,Z,False,False,False
CST,1,1,1,O34219,O,False,False,False
CSt,1,1,1,O34219,O,False,False,False
CUERPO LUTEO HEMORRAGICO,1,1,1,6201,6,False,False,False
Ca,1,1,1,80103,8,False,False,False
Ca Mama,1,1,1,C50919,C,False,False,False
Ca cervix,1,1,1,1809,1,False,False,False
Ca de mama,1,1,1,1749,1,False,False,False
Ca de mama dercha,1,1,1,C50911,C,False,False,False
Ca de mama derecha,1,1,1,C50911,C,False,False,False
Ca de mama esquerra,1,1,1,1749,1,False,False,False
Ca endometrio,1,1,1,C541,C,False,False,False
Ca epidermoide,1,1,1,80703,8,False,False,False
Ca mama bilateral,1,1,1,C50911,C,False,False,False
Ca mama derecha,1,1,1,C50911,C,False,False,False
Ca mama izq,1,1,1,C50912,C,False,False,False
Ca mama masculina,1,1,1,1759,1,False,False,False
Ca ovario,1,1,1,1830,1,False,False,False
Ca papilar de tiroides hsitoria,1,1,1,Z85850,Z,False,False,False
Ca próstata,1,1,1,C61,C,False,False,False
Ca. de mama izquierda,1,1,1,C50912,C,False,False,False
Ca. epidermoide de cervix,1,1,1,C539,C,False,False,False
Caigudes repetides,1,1,1,R296,R,False,False,False
Calcificaciones prostáticas,1,1,1,N4289,N,False,False,False
Canal estrecho lumbar,1,1,1,72402,7,False,False,False
Canalización de vena umbilical,1,1,1,06H033T,0,False,False,False
Canalización de via perifèrica,1,1,1,05HY33Z,0,False,False,False
Canalización de vía perférica,1,1,1,05HY33Z,0,False,False,False
Canalización de vía periferica,1,1,1,05HY33Z,0,False,False,False
Canalización de vías periféricas,1,1,1,05HY33Z,0,False,False,False
Candidiasis,1,1,1,1121,1,False,False,False
Cannabis,1,1,1,F1210,F,False,False,False
Cannabis ocasional,1,1,1,F1210,F,False,False,False
Carcinoma Ductal Infiltrante,1,1,1,85003,8,False,False,False
Carcinoma Ductal Infiltrante de Mama derecha,1,1,1,C50911,C,False,False,False
Carcinoma Ductal in situ,1,1,1,85002,8,False,False,False
Carcinoma Ductal infiltrante,1,1,1,85003,8,False,False,False
Carcinoma Mama izquierda,1,1,1,C50912,C,False,False,False
Carcinoma basocelular historia,1,1,1,V1083,V,False,False,False
Carcinoma cie mama izq,1,1,1,C50512,C,False,False,False
Carcinoma de Endometrio,1,1,1,1820,1,False,False,False
Carcinoma de células claras,1,1,1,83103,8,False,False,False
Carcinoma de células claras de ovario izquierdo,1,1,1,C562,C,False,False,False
Carcinoma de células escamosas,1,1,1,80703,8,False,False,False
Carcinoma de endometrio,1,1,1,C541,C,False,False,False
Carcinoma de mama,1,1,1,1749,1,False,False,False
Carcinoma de mama derecha,1,1,1,C50911,C,False,False,False
Carcinoma de tiroides,1,1,1,193,1,False,False,False
Carcinoma ductal in situ,1,1,1,85002,8,False,False,False
Carcinoma ductal infiltrante,1,1,1,85003,8,False,False,False
Carcinoma ductal infiltrante Mama izquierda,1,1,1,C50912,C,False,False,False
Carcinoma ductal infiltrante de mama derecha,1,1,1,C50911,C,False,False,False
Carcinoma ductal infiltrante de mama izquierda,1,1,1,C50912,C,False,False,False
Carcinoma ductal infiltrante mama izquierda,1,1,1,C50912,C,False,False,False
Carcinoma endometrial,1,1,1,C541,C,False,False,False
Carcinoma endometrio,1,1,1,C541,C,False,False,False
Carcinoma endometrioide de endometrio,1,1,1,C541,C,False,False,False
Carcinoma endometroide,1,1,1,83803,8,False,False,False
Carcinoma epidermoide,1,1,1,80703,8,False,False,False
Carcinoma escamoso de cérvix historia,1,1,1,V1041,V,False,False,False
Carcinoma infiltrante,1,1,1,85003,8,False,False,False
Carcinoma intraductal,1,1,1,85003,8,False,False,False
Carcinoma lobulillar,1,1,1,85203,8,False,False,False
Carcinoma lobulillar infiltrante (,1,1,1,85203,8,False,False,False
Carcinoma lobulillar infiltrante de mama izquierda,1,1,1,C50912,C,False,False,False
Carcinoma mama derecha,1,1,1,C50911,C,False,False,False
Carcinoma mama izquierda,1,1,1,C50912,C,False,False,False
Carcinoma ovario bilateral,1,1,1,C562,C,False,False,False
Carcinoma papilar,1,1,1,80503,8,False,False,False
Carcinoma pulmonar,1,1,1,1629,1,False,False,False
Carcinoma renal izquierdo,1,1,1,C642,C,False,False,False
Carcinoma seroso,1,1,1,84413,8,False,False,False
Carcinoma seroso papilar,1,1,1,84603,8,False,False,False
Carcinoma seroso papilar de endometrio,1,1,1,C541,C,False,False,False
Carcinoma urotelial,1,1,1,81203,8,False,False,False
Carcinoma urotelial de alto grado,1,1,1,81203,8,False,False,False
Carcinomas basocelulares historia,1,1,1,V1083,V,False,False,False
Carcinomas basocelulares región lumbar derecha,1,1,1,C44519,C,False,False,False
Carcinosarcoma,1,1,1,89803,8,False,False,False
Cardiopatia Hipertensiva,1,1,1,I119,I,False,False,False
Cardiopatia Isquemica,1,1,1,I259,I,False,False,False
Cardiopatia fetal,1,1,1,O358XX0,O,False,False,False
Cardiopatia hipertensiva,1,1,1,I119,I,False,False,False
Cardiopatia hipertensiva irc,1,1,1,40490,4,False,False,False
Cardiopatia isquemica cronica,1,1,1,I259,I,False,False,False
Cardiopatia isquémica,1,1,1,4148,4,False,False,False
Cardiopatía Isquémica,1,1,1,I259,I,False,False,False
Cardiopatía congénita corregida,1,1,1,V1365,V,False,False,False
Cardiopatía hipertensiva,1,1,1,I119,I,False,False,False
Cardiopatía hipertensiva irc,1,1,1,40490,4,False,False,False
Cardiopatía isquemica,1,1,1,I259,I,False,False,False
Cardiopatía isquèmica,1,1,1,I259,I,False,False,False
Cardiopatía isquèmica crónica,1,1,1,I259,I,False,False,False
Cardiopatía isquémica cronica,1,1,1,I2510,I,False,False,False
Cardiopatía isquémico,1,1,1,4149,4,False,False,False
Cardiopàtía isquémica,1,1,1,4149,4,False,False,False
Carúncula uretral,1,1,1,N362,N,False,False,False
Cataracta OD,1,1,1,08RJ3JZ,0,False,False,False
Cataracta OI,1,1,1,08RK3JZ,0,False,False,False
Cataracta od,1,1,1,08RJ3JZ,0,False,False,False
Cataracta oi,1,1,1,08RK3JZ,0,False,False,False
Cataracta senil,1,1,1,36610,3,False,False,False
Cataracta ull esquerre,1,1,1,08RK3JZ,0,False,False,False
Catarata,1,1,1,H269,H,False,False,False
Catarata AO,1,1,1,H269,H,False,False,False
Cataratas,1,1,1,H269,H,False,False,False
Cataratas bilateras,1,1,1,3669,3,False,False,False
Catarro,1,1,1,460,4,False,False,False
Catarro vies altes,1,1,1,460,4,False,False,False
Cateterismo,1,1,1,3721,3,False,False,False
Caída,1,1,1,V1588,V,False,False,False
Cefalea crónica diaria,1,1,1,R519,R,False,False,False
Cefalea dural posparto,1,1,1,O745,O,False,False,False
Cefalea en racimo,1,1,1,G44009,G,False,False,False
Cefalea frecuente,1,1,1,R519,R,False,False,False
Cefalea mixta,1,1,1,R519,R,False,False,False
Cefalea postpunción,1,1,1,G971,G,False,False,False
Cefalea tensional,1,1,1,G44209,G,False,False,False
Cefaleas,1,1,1,R519,R,False,False,False
Cefalàlgia,1,1,1,R51,R,False,False,False
Cefazolina,1,1,1,3E03329,3,False,False,False
Cefoxitina,1,1,1,3E03329,3,False,False,False
Cefuroxima,1,1,1,9921,9,False,False,False
Ceguera,1,1,1,H547,H,False,False,False
Celiaquia,1,1,1,K900,K,False,False,False
Celiaquia part,1,1,1,K900,K,False,False,False
Celiaquía part,1,1,1,K900,K,False,False,False
Celiaquía parto,1,1,1,K900,K,False,False,False
Celulitis en EID,1,1,1,6826,6,False,False,False
Celulitis mama,1,1,1,N610,N,False,False,False
Celulitis preseptal,1,1,1,L03213,L,False,False,False
Celulitis submandibular,1,1,1,6820,6,False,False,False
Cerveza,1,1,1,F1010,F,False,False,False
Cervicalgia,1,1,1,7231,7,False,False,False
Cervicitis,1,1,1,N72,N,False,False,False
Cervicitis cronica,1,1,1,N72,N,False,False,False
Cervicitis crónica,1,1,1,N72,N,False,False,False
Cervicoartrosis,1,1,1,M47812,M,False,False,False
Cervicàlgia,1,1,1,M542,M,False,False,False
Cervix corto anteparto,1,1,1,64973,6,False,False,False
Cesarea,1,1,1,10D00Z1,1,False,False,False
Cesarea Anterior,1,1,1,O34219,O,False,False,False
Cesarea iterativa,1,1,1,O34219,O,False,False,False
Cesarea previa,1,1,1,O34211,O,False,False,False
Cesària,1,1,1,10D00Z1,1,False,False,False
Cesària ant,1,1,1,O34219,O,False,False,False
Cesària anterior,1,1,1,O34219,O,False,False,False
Cesárea ant anteparto,1,1,1,65423,6,False,False,False
Cesárea anterior anteparto,1,1,1,65423,6,False,False,False
Cesárea en 2013,1,1,1,65421,6,False,False,False
Cesáreas anteriores,1,1,1,O34211,O,False,False,False
Cetoacidosis diabética,1,1,1,25010,2,False,False,False
Chagas parto,1,1,1,B571,B,False,False,False
Charcot Marie Tooth,1,1,1,G600,G,False,False,False
Ciatica,1,1,1,M5430,M,False,False,False
Cicatriu inestetica,1,1,1,7014,7,False,False,False
Cicatriz,1,1,1,L905,L,False,False,False
Cifosis cervical,1,1,1,M40202,M,False,False,False
Cifosis dorsal,1,1,1,M40294,M,False,False,False
Ciprofloxacino,1,1,1,3E03329,3,False,False,False
Circular,1,1,1,O6989X0,O,False,False,False
Circulares,1,1,1,O6981X0,O,False,False,False
Circulares prietas,1,1,1,O691XX0,O,False,False,False
Circuncisión,1,1,1,640,6,False,False,False
Cirrosis hepática,1,1,1,K7460,K,False,False,False
Cirrosis hepática alcohólica,1,1,1,5712,5,False,False,False
Cirrosis hepática enólica,1,1,1,K7030,K,False,False,False
Cirrosis hepática por NASH,1,1,1,K7469,K,False,False,False
Cirugia bariátrica,1,1,1,Z9884,Z,False,False,False
Cirugia endoscopica nasosinusal,1,1,1,2260,2,False,False,False
Cirugia endoscopica nasosinusal 2,1,1,1,2219,2,False,False,False
Cirugia endoscópica nasosinusal 2,1,1,1,2219,2,False,False,False
Cistadenoma mucinoso (,1,1,1,84700,8,False,False,False
Cistadenoma seroso,1,1,1,84410,8,False,False,False
Cistectomía,1,1,1,Z906,Z,False,False,False
Cistitis aguda,1,1,1,5950,5,False,False,False
Cistitis aguda sense hematúria,1,1,1,N3000,N,False,False,False
Cistoadenoma,1,1,1,84400,8,False,False,False
Cistoadenoma mucinoso izquierdo,1,1,1,D271,D,False,False,False
Cistoadenoma mucinoso ovárico derecho,1,1,1,D270,D,False,False,False
Cistoadenoma ovario izq,1,1,1,D271,D,False,False,False
Cistoadenoma seroso,1,1,1,84410,8,False,False,False
Cistografía,1,1,1,BT10ZZZ,B,False,False,False
Cistostomia percutanea,1,1,1,0T1B3JD,0,False,False,False
Citarabina,1,1,1,E9331,E,False,False,False
Citrobacter koseri,1,1,1,B9689,B,False,False,False
Claudicacio intermitent,1,1,1,44021,4,False,False,False
Claudicación intermitente,1,1,1,I70213,I,False,False,False
Claustrofobia,1,1,1,F40240,F,False,False,False
Clonazepam,1,1,1,3E033NZ,3,False,False,False
Clostridium difficile,1,1,1,00845,0,False,False,False
CoVid historia,1,1,1,Z8616,Z,False,False,False
CoVid part,1,1,1,U071,U,False,False,False
Coagulopatía,1,1,1,D689,D,False,False,False
Colangiocarcinoma intrahepático,1,1,1,C221,C,False,False,False
Colangitis aguda,1,1,1,K830,K,False,False,False
Colecistectomia,1,1,1,V1279,V,False,False,False
Colecistectomía laparoscópica,1,1,1,5123,5,False,False,False
Colecistis,1,1,1,K819,K,False,False,False
Colecistitis aguda litiasica,1,1,1,57400,5,False,False,False
Colecistitis cronica litiasica,1,1,1,57410,5,False,False,False
Colecistitis crònica,1,1,1,K811,K,False,False,False
Colecistitis crónica. Colelitiasis,1,1,1,K8010,K,False,False,False
Colectomía total,1,1,1,V4572,V,False,False,False
Coledocolitiasis,1,1,1,K8050,K,False,False,False
Colelitiasis,1,1,1,57420,5,False,False,False
Colelitiasis anteparto,1,1,1,64893,6,False,False,False
Colestasis PARTO,1,1,1,O2662,O,False,False,False
Colestasis gravídica parto,1,1,1,64671,6,False,False,False
Colesteatoma,1,1,1,H7190,H,False,False,False
Colico nefritico,1,1,1,N23,N,False,False,False
Colicos nefríticos historia,1,1,1,V1309,V,False,False,False
Colitis Ulcerosa part,1,1,1,K5190,K,False,False,False
Colitis infecciosa,1,1,1,0090,0,False,False,False
Colitis ulcerosa,1,1,1,5569,5,False,False,False
Colitis ulcerosa PARTO,1,1,1,O9962,O,False,False,False
Colitis ulcerosa part,1,1,1,K5190,K,False,False,False
Colocación de catéteres doble J,1,1,1,598,5,False,False,False
Colocación de expansor,1,1,1,8595,8,False,False,False
Colon Irritable,1,1,1,K589,K,False,False,False
Colon Irritable part,1,1,1,K589,K,False,False,False
Colon espástico,1,1,1,K589,K,False,False,False
Colon iritable,1,1,1,K589,K,False,False,False
Colon irritable,1,1,1,K589,K,False,False,False
Colon irritable parto,1,1,1,K589,K,False,False,False
Colostomia,1,1,1,V443,V,False,False,False
Colporrafia anterior,1,1,1,7051,7,False,False,False
Colporrafia posterior,1,1,1,7052,7,False,False,False
Colón irritable.,1,1,1,K589,K,False,False,False
Comunicacion interauricular,1,1,1,Q211,Q,False,False,False
Comunicació interauricular,1,1,1,Q211,Q,False,False,False
Condromalacia de rótula,1,1,1,M2240,M,False,False,False
Condromalacia rotuliana,1,1,1,M2240,M,False,False,False
Condromalacia rotuliana bilateral,1,1,1,M2242,M,False,False,False
Condropatía rotuliana rodilla izquierda,1,1,1,M2242,M,False,False,False
Congestión Pélvica,1,1,1,N9489,N,False,False,False
Conización cervical,1,1,1,672,6,False,False,False
Conización cervical con asa de diatermia,1,1,1,0U5C8ZZ,0,False,False,False
Conización con asa de diatermia,1,1,1,0U5C8ZZ,0,False,False,False
Consanguinitat,1,1,1,Z843,Z,False,False,False
Consumo OH,1,1,1,F1011,F,False,False,False
Consumo enólico,1,1,1,F1010,F,False,False,False
Consumo esporádico de cocaína,1,1,1,F1490,F,False,False,False
Contacto con tuberculosis,1,1,1,V011,V,False,False,False
Contrastes yodados,1,1,1,V1508,V,False,False,False
Control d'hemorràgia després d'amigdalectomia,1,1,1,287,2,False,False,False
Convulsiones febriles atípicas,1,1,1,78032,7,False,False,False
Convulsions,1,1,1,R569,R,False,False,False
Convulsions febrils simples,1,1,1,R5600,R,False,False,False
Convulsions no especificades,1,1,1,R569,R,False,False,False
Convulsió,1,1,1,78039,7,False,False,False
Convulsión febril,1,1,1,R5600,R,False,False,False
Cor Pulmonale crónico,1,1,1,I2781,I,False,False,False
Cordoma Sacro,1,1,1,C414,C,False,False,False
Cordon corto parto,1,1,1,O693XX0,O,False,False,False
Cordón Corto,1,1,1,O693XX0,O,False,False,False
Cordón Largo,1,1,1,O6989X0,O,False,False,False
Cordón corto part,1,1,1,O693XX0,O,False,False,False
Cordón corto parto,1,1,1,O693XX0,O,False,False,False
Cordón umbilical corto,1,1,1,O693XX1,O,False,False,False
"Cordón: Sección Tardía , Características Corto",1,1,1,O693XX0,O,False,False,False
"Cordón: Sección Tardía , Características: corto",1,1,1,O693XX0,O,False,False,False
Corioamnionitis,1,1,1,O411230,O,False,False,False
Corioamnionitis aguda,1,1,1,O411230,O,False,False,False
Corioamnionitis anteparto,1,1,1,65843,6,False,False,False
Coronariografía,1,1,1,B2111ZZ,B,False,False,False
Coronariografía 2,1,1,1,4A023N6,4,False,False,False
Correcció de paladar fes,1,1,1,2762,2,False,False,False
Corticoterapia,1,1,1,3E0333Z,3,False,False,False
Corticoteràpia,1,1,1,9923,9,False,False,False
Cos estrany,1,1,1,E915,E,False,False,False
Cos estrany esòfag,1,1,1,9351,9,False,False,False
Cos estrany oido,1,1,1,09C4XZZ,0,False,False,False
Covid,1,1,1,U071,U,False,False,False
Covid : Positiva,1,1,1,U071,U,False,False,False
Covid historia,1,1,1,Z8619,Z,False,False,False
Covid19 negativos,1,1,1,Z20822,Z,False,False,False
Covid: negativo,1,1,1,Z20822,Z,False,False,False
Coxartrosis cadera derecha,1,1,1,M1611,M,False,False,False
Coxartrosis derecha,1,1,1,M1611,M,False,False,False
Coxartrosis izquierda,1,1,1,M1612,M,False,False,False
Craneofaringioma,1,1,1,D444,D,False,False,False
Crhon,1,1,1,K5090,K,False,False,False
Crisis Hipertensiva,1,1,1,I169,I,False,False,False
Crisis asmática,1,1,1,J45901,J,False,False,False
Crisis comiciales,1,1,1,G40909,G,False,False,False
Crisis convulsivas,1,1,1,R569,R,False,False,False
Crisis epiléptica,1,1,1,G40909,G,False,False,False
Crisis febriles atípicas,1,1,1,R5600,R,False,False,False
Crisis hipertensiva,1,1,1,I169,I,False,False,False
Crohn part,1,1,1,K5090,K,False,False,False
Cuadro catarral,1,1,1,J00,J,False,False,False
Cuerpo extraño bronquio,1,1,1,9341,9,False,False,False
Cultivo endocervical: positivo,1,1,1,6160,6,False,False,False
Cultivo vaginal: positivo,1,1,1,61610,6,False,False,False
Cultivos endocervicales,1,1,1,O23513,O,False,False,False
Cultivos vaginales positivos,1,1,1,61610,6,False,False,False
Cushing,1,1,1,2550,2,False,False,False
Cytotec rectales,1,1,1,3E0H7GC,3,False,False,False
CÀLCUL RENAL,1,1,1,N200,N,False,False,False
CÁNCER DE MAMA DERECHA,1,1,1,C50911,C,False,False,False
CÉRVIX CORTO anteparto,1,1,1,64973,6,False,False,False
CÒLON IRRITABLE part,1,1,1,K589,K,False,False,False
CÓLICO NEFRÍTICO,1,1,1,N23,N,False,False,False
CÓLICO RENOURETERAL,1,1,1,N23,N,False,False,False
Càlcul renal,1,1,1,N200,N,False,False,False
Càlcul ureteral,1,1,1,N201,N,False,False,False
Càlcul vesical,1,1,1,N210,N,False,False,False
Cànules nasals,1,1,1,3E0F7SF,3,False,False,False
Cànules oxigen,1,1,1,9396,9,False,False,False
Cáncer de endometrio,1,1,1,C541,C,False,False,False
Cáncer de mama bilateral,1,1,1,C50911,C,False,False,False
Cáncer de mama derecha,1,1,1,C50911,C,False,False,False
Cáncer de mama izquierda,1,1,1,C50912,C,False,False,False
Cérvicitis crónica,1,1,1,N72,N,False,False,False
Cérvix corto,1,1,1,O26873,O,False,False,False
Cérvix corto anteparto,1,1,1,64973,6,False,False,False
Cérvix hipertrófico,1,1,1,N884,N,False,False,False
Còlic renal,1,1,1,N23,N,False,False,False
Cólico biliar anteparto,1,1,1,64673,6,False,False,False
Cólico nefrítico,1,1,1,N23,N,False,False,False
Cólico renal,1,1,1,N23,N,False,False,False
"D M tipo 2,",1,1,1,E119,E,False,False,False
D. Mellitus,1,1,1,E119,E,False,False,False
D.M,1,1,1,E119,E,False,False,False
D62,1,1,1,D62,D,False,False,False
D69.3,1,1,1,D693,D,False,False,False
D84.821,1,1,1,D84821,D,False,False,False
DA laparoscópica,1,1,1,0UT24ZZ,0,False,False,False
DAP,1,1,1,Q250,Q,False,False,False
DBT,1,1,1,25000,2,False,False,False
DEDO EN RESORTE,1,1,1,M6530,M,False,False,False
DEFLUX,1,1,1,3E0K7GC,3,False,False,False
DEFORMIDAD DENTOFACIAL,1,1,1,5249,5,False,False,False
DEHISCENCIA DE HERIDA QUIRÚRGICA,1,1,1,T8131XA,T,False,False,False
DEHISCENCIA DE SUTURA QUIRURGICA,1,1,1,T8131XA,T,False,False,False
DEPRESSIU,1,1,1,F329,F,False,False,False
DEPRESSIÓ REACTIVA,1,1,1,F329,F,False,False,False
DESGARRO VAGINAL,1,1,1,O714,O,False,False,False
DESHIDRATACIÓN,1,1,1,E860,E,False,False,False
DESPROPORCION,1,1,1,O339,O,False,False,False
DESPROPORCIÓN PÉLVICO CEFÁLICA,1,1,1,O334XX0,O,False,False,False
DETERIORAMENT COGNITIU LLEU,1,1,1,G3184,G,False,False,False
DETERIORO COGNITIVO MULTIFACTORIAL,1,1,1,F068,F,False,False,False
DETERIORO DE LA FUNCIÓN RENAL,1,1,1,N179,N,False,False,False
DG anteparto,1,1,1,64883,6,False,False,False
DG en tratamiento con insulina,1,1,1,O24424,O,False,False,False
DG insulinizada,1,1,1,64881,6,False,False,False
DGA,1,1,1,64881,6,False,False,False
DGA2,1,1,1,O24424,O,False,False,False
DGID,1,1,1,O24424,O,False,False,False
DGNID,1,1,1,O24420,O,False,False,False
DGa1,1,1,1,O24420,O,False,False,False
DIABETES GESTACIONAL,1,1,1,O24429,O,False,False,False
DIABETES GESTACIONAL CON INSULINA,1,1,1,O24424,O,False,False,False
DIABETES MELLITUS,1,1,1,E119,E,False,False,False
DIABETIS,1,1,1,E119,E,False,False,False
DIABETIS MELLITUS,1,1,1,25000,2,False,False,False
DILATACION LARINGE,1,1,1,3198,3,False,False,False
DISARTRIA,1,1,1,R471,R,False,False,False
DISE,1,1,1,0CJY8ZZ,0,False,False,False
DISFUNCIÓN DIASTÓLICA,1,1,1,I5030,I,False,False,False
DISLIPEMIA,1,1,1,E785,E,False,False,False
DISTOCIA DE HOMBROS,1,1,1,O660,O,False,False,False
DIU descendido,1,1,1,99632,9,False,False,False
DIU migrado,1,1,1,T8332XA,T,False,False,False
DIVERTICULOSIS COLONICA,1,1,1,K5730,K,False,False,False
DIslipemia,1,1,1,E785,E,False,False,False
DLP,1,1,1,E785,E,False,False,False
DM 1 parto,1,1,1,E109,E,False,False,False
DM 2,1,1,1,E119,E,False,False,False
DM part,1,1,1,64801,6,False,False,False
DM parto,1,1,1,64801,6,False,False,False
DM tipo I,1,1,1,E109,E,False,False,False
DM tipo II,1,1,1,E119,E,False,False,False
DM-1,1,1,1,25001,2,False,False,False
DM1,1,1,1,E109,E,False,False,False
DM2 part,1,1,1,O2412,O,False,False,False
DM2 parto,1,1,1,O2412,O,False,False,False
DMTII,1,1,1,E119,E,False,False,False
DOBLE ANEXECTOMA,1,1,1,0UT70ZZ,0,False,False,False
DOBLE ANEXECTOMIA,1,1,1,0UT70ZZ,0,False,False,False
DOBLE ANEXECTOMÍA,1,1,1,0UT20ZZ,0,False,False,False
DOBLE SALPINGECTOMÍA,1,1,1,0UT70ZZ,0,False,False,False
DOBLE SALPINGUECTOMIA LAPAROSCÓPICA,1,1,1,0UT74ZZ,0,False,False,False
DOLOR ABDOMINAL,1,1,1,R109,R,False,False,False
DOLOR EPIGÁSTRICO,1,1,1,78906,7,False,False,False
DOLOR NEOPLASIA,1,1,1,3383,3,False,False,False
DOLOR PÉLVICO CRÓNICO,1,1,1,R102,R,False,False,False
DPC,1,1,1,O334XX0,O,False,False,False
DPF 2,1,1,1,66011,6,False,False,False
DPPNI,1,1,1,O458X3,O,False,False,False
DPf,1,1,1,O334XX0,O,False,False,False
DRENAJE DE ABSCESO DE MAMA DERECHA,1,1,1,0H9T0ZZ,0,False,False,False
DRENAJE mama derecha,1,1,1,0H9T0ZZ,0,False,False,False
DTTB,1,1,1,2001,2,False,False,False
DUODENITIS,1,1,1,K2980,K,False,False,False
DVP,1,1,1,V452,V,False,False,False
Dacriocistitis crónica,1,1,1,H04419,H,False,False,False
Debut dm 1,1,1,1,25081,2,False,False,False
Decaimiento,1,1,1,78079,7,False,False,False
Defecte septal interauricular,1,1,1,Q211,Q,False,False,False
Deficiencia de vitamina D.,1,1,1,E559,E,False,False,False
Deficiencia vitamina D,1,1,1,E559,E,False,False,False
Deficit Proteina S parto,1,1,1,O9912,O,False,False,False
Deficit Vit. D,1,1,1,E559,E,False,False,False
Deficit de vitamina B12,1,1,1,2662,2,False,False,False
Deformidad pie izquierdo,1,1,1,M216X2,M,False,False,False
Degeneración macular,1,1,1,H3530,H,False,False,False
Degeneración macular asociada a la edad,1,1,1,H3530,H,False,False,False
Dehiscencia de episiorrafia,1,1,1,O901,O,False,False,False
Dehiscencia de herida quirúrgica,1,1,1,T8131XA,T,False,False,False
Dependència de diàlisi renal,1,1,1,Z992,Z,False,False,False
Deplección de volumen,1,1,1,E869,E,False,False,False
Deposiciones diarréicas,1,1,1,R197,R,False,False,False
Depresivo,1,1,1,311,3,False,False,False
Depresión anteparto,1,1,1,64843,6,False,False,False
Depresión-ansiedad,1,1,1,F341,F,False,False,False
Depressiva,1,1,1,F329,F,False,False,False
Depressió,1,1,1,311,3,False,False,False
Dermatitis Atópica parto,1,1,1,O9972,O,False,False,False
Dermatitis atopica parto,1,1,1,O9972,O,False,False,False
Dermatitis atópica part,1,1,1,O9972,O,False,False,False
Dermatitis del pañal,1,1,1,L22,L,False,False,False
Dermatitis exfoliativa,1,1,1,L26,L,False,False,False
Dermatitis seborreica,1,1,1,L219,L,False,False,False
Dermatitis seborreica parto,1,1,1,L219,L,False,False,False
Dermografismo,1,1,1,L503,L,False,False,False
Dermolipectomía abdominal,1,1,1,0WQF0ZZ,0,False,False,False
Derrame pleural Izq,1,1,1,J90,J,False,False,False
Derrame pleural derecho,1,1,1,J90,J,False,False,False
Desagarro 1,1,1,1,0HQ9XZZ,0,False,False,False
Desgarr,1,1,1,7569,7,False,False,False
Desgarro 1,1,1,1,O700,O,False,False,False
Desgarro 3 GRADO,1,1,1,0DQR0ZZ,0,False,False,False
Desgarro 3 grado,1,1,1,0DQQXZZ,0,False,False,False
Desgarro 4 grado,1,1,1,0DQP0ZZ,0,False,False,False
Desgarro I +,1,1,1,O700,O,False,False,False
"Desgarro I ,",1,1,1,0HQ9XZZ,0,False,False,False
Desgarro I .,1,1,1,O700,O,False,False,False
Desgarro I :,1,1,1,O700,O,False,False,False
Desgarro I grado,1,1,1,66401,6,False,False,False
Desgarro I.,1,1,1,0HQ9XZZ,0,False,False,False
Desgarro I:,1,1,1,O700,O,False,False,False
Desgarro II .,1,1,1,0KQM0ZZ,0,False,False,False
Desgarro III B,1,1,1,O7022,O,False,False,False
Desgarro III b.,1,1,1,O7022,O,False,False,False
Desgarro III grado,1,1,1,O702,O,False,False,False
Desgarro III-B,1,1,1,O7022,O,False,False,False
"Desgarro IIIA ,",1,1,1,0DQR0ZZ,0,False,False,False
Desgarro IIIC,1,1,1,0DQR0ZZ,0,False,False,False
"Desgarro IIIb,",1,1,1,O7022,O,False,False,False
Desgarro IV,1,1,1,O703,O,False,False,False
Desgarro Iº,1,1,1,O700,O,False,False,False
Desgarro Perineal IIº,1,1,1,O701,O,False,False,False
Desgarro Vagina,1,1,1,0UQGXZZ,0,False,False,False
Desgarro cervix,1,1,1,0UQC7ZZ,0,False,False,False
Desgarro clitoris,1,1,1,0UQJXZZ,0,False,False,False
Desgarro cérvix,1,1,1,0UQC7ZZ,0,False,False,False
Desgarro de 1er grado,1,1,1,O700,O,False,False,False
Desgarro de 1r grado,1,1,1,7569,7,False,False,False
Desgarro de 1º grado,1,1,1,O700,O,False,False,False
Desgarro de II grado,1,1,1,O701,O,False,False,False
Desgarro grado II,1,1,1,66411,6,False,False,False
Desgarro labial,1,1,1,0UQMXZZ,0,False,False,False
Desgarro labio,1,1,1,0UQMXZZ,0,False,False,False
Desgarro labios,1,1,1,0UQMXZZ,0,False,False,False
Desgarro perineal : II,1,1,1,O701,O,False,False,False
"Desgarro perineal I,",1,1,1,O700,O,False,False,False
Desgarro perineal II,1,1,1,O701,O,False,False,False
Desgarro perineal IIº,1,1,1,O701,O,False,False,False
"Desgarro perineal IIº,",1,1,1,O701,O,False,False,False
Desgarro perineal IIº.,1,1,1,O701,O,False,False,False
"Desgarro perineal Iº ,",1,1,1,O700,O,False,False,False
Desgarro perineal Iº..,1,1,1,O700,O,False,False,False
Desgarro perineal de 2º grado,1,1,1,O701,O,False,False,False
Desgarro perineal de 3º grado,1,1,1,O702,O,False,False,False
Desgarro perineal grado I,1,1,1,O700,O,False,False,False
Desgarro periuretral,1,1,1,0TQD7ZZ,0,False,False,False
Desgarro segundo grado,1,1,1,0KQM0ZZ,0,False,False,False
Desgarro vagina,1,1,1,0UQGXZZ,0,False,False,False
Desgarro vaginal,1,1,1,0UQGXZZ,0,False,False,False
Desgarro vaginal grado II,1,1,1,O701,O,False,False,False
Desgarro vulva,1,1,1,0UQMXZZ,0,False,False,False
Desgarro: II grado,1,1,1,0KQM0ZZ,0,False,False,False
Desgarros de II grado,1,1,1,O701,O,False,False,False
Deshidratacio hipertonica,1,1,1,27651,2,False,False,False
Deshidratació,1,1,1,27651,2,False,False,False
Desnutricio,1,1,1,2639,2,False,False,False
Desnutrición,1,1,1,2639,2,False,False,False
Desnutrición grave,1,1,1,E43,E,False,False,False
Desnutrición severa,1,1,1,E43,E,False,False,False
Desorientació,1,1,1,R410,R,False,False,False
Desprendimiento parcial de placenta,1,1,1,O458X3,O,False,False,False
Desprendimiento prematuro de placenta,1,1,1,64121,6,False,False,False
Desprendimiento vitrio posterior,1,1,1,H4389,H,False,False,False
Desproporción pelvico fetal,1,1,1,O334XX0,O,False,False,False
Desproporción pélvico-fetal,1,1,1,O334XX0,O,False,False,False
Desviación septal,1,1,1,J342,J,False,False,False
Desviacíon septal,1,1,1,J342,J,False,False,False
Deteriorament senil,1,1,1,2900,2,False,False,False
Deterioro cognitivo grave,1,1,1,F068,F,False,False,False
Deterioro cognitivo vascular,1,1,1,29040,2,False,False,False
Deterioro cognitvo,1,1,1,F09,F,False,False,False
Deterioro congitivo,1,1,1,F09,F,False,False,False
Deterioro de función renal,1,1,1,N179,N,False,False,False
Deterioro funcional progresivo,1,1,1,78079,7,False,False,False
Detorsión testicular derecha,1,1,1,0VN90ZZ,0,False,False,False
Detrussor hiperactiu,1,1,1,59651,5,False,False,False
Dextrocardía,1,1,1,Q240,Q,False,False,False
Diabetes Gestacional A1,1,1,1,O24420,O,False,False,False
Diabetes Gestacional Insulinodependiente,1,1,1,O24424,O,False,False,False
Diabetes Gestacional parto,1,1,1,O24420,O,False,False,False
Diabetes Mellitus tipo 2,1,1,1,E119,E,False,False,False
Diabetes Mellitus tipo II,1,1,1,E119,E,False,False,False
Diabetes gestacional - dieta,1,1,1,O24420,O,False,False,False
Diabetes gestacional Insulina,1,1,1,O24424,O,False,False,False
Diabetes gestacional antepart,1,1,1,64883,6,False,False,False
Diabetes gestacional anteparto,1,1,1,64883,6,False,False,False
Diabetes gestacional con insulina,1,1,1,O24424,O,False,False,False
Diabetes gestacional insulina,1,1,1,O24424,O,False,False,False
Diabetes gestacional insulinizada,1,1,1,O24424,O,False,False,False
Diabetes gestacional insulinodependiente,1,1,1,O24424,O,False,False,False
Diabetes gestacional parto,1,1,1,O24420,O,False,False,False
Diabetes gestacional tratamiento con insulina,1,1,1,O24424,O,False,False,False
Diabetes getsacional parto,1,1,1,O24420,O,False,False,False
Diabetes hipoglucemia,1,1,1,E11649,E,False,False,False
Diabetes mal control,1,1,1,25002,2,False,False,False
Diabetes mellitus tipo 1,1,1,1,E109,E,False,False,False
Diabetes mellitus tipo 2,1,1,1,E119,E,False,False,False
Diabetes mellitus tipo II,1,1,1,E119,E,False,False,False
Diabetes miellitus,1,1,1,25000,2,False,False,False
"Diabetes tipo II,",1,1,1,E119,E,False,False,False
Diabetis mellitus,1,1,1,E119,E,False,False,False
Diabtes,1,1,1,E119,E,False,False,False
Diabtes Mellitus,1,1,1,25000,2,False,False,False
Diabética,1,1,1,25000,2,False,False,False
Diarrea,1,1,1,78791,7,False,False,False
Diarrea cronica,1,1,1,K529,K,False,False,False
Diarrea crónica,1,1,1,K529,K,False,False,False
Diastasis de rectos,1,1,1,M6208,M,False,False,False
Dilatación de vía biliar,1,1,1,K828,K,False,False,False
Dilatación esofago,1,1,1,0D758ZZ,0,False,False,False
Dilatación laringe,1,1,1,3198,3,False,False,False
Dilipemia,1,1,1,2724,2,False,False,False
Dinoprostona,1,1,1,3E0P7VZ,3,False,False,False
Diplopia,1,1,1,H532,H,False,False,False
Disartria,1,1,1,R471,R,False,False,False
Discapacidad intelectual,1,1,1,F79,F,False,False,False
Discapacidad intelectual leve,1,1,1,F70,F,False,False,False
Discapacidad intelectual lleu,1,1,1,F70,F,False,False,False
Discectomía l4,1,1,1,0SB20ZZ,0,False,False,False
Discopatia cervical,1,1,1,72291,7,False,False,False
Discopatía degenerativa,1,1,1,7226,7,False,False,False
Discopatía degenerativa C5-C6,1,1,1,M50322,M,False,False,False
Discopatía degenerativa L4-L5,1,1,1,M5136,M,False,False,False
Discopatía lumbar,1,1,1,72293,7,False,False,False
Discopatía lumbosacra,1,1,1,M5187,M,False,False,False
Disfagia,1,1,1,78720,7,False,False,False
Disfagia alta,1,1,1,R1319,R,False,False,False
Disfagia orofaríngea,1,1,1,R1312,R,False,False,False
Disfonia,1,1,1,78442,7,False,False,False
Disfonía,1,1,1,R490,R,False,False,False
Disfonía crónica,1,1,1,78442,7,False,False,False
Disfuncion tiroidea,1,1,1,E079,E,False,False,False
Disfunción diastólica,1,1,1,42830,4,False,False,False
Disfunción eréctil,1,1,1,N529,N,False,False,False
Disfunción sistólica y diastolica,1,1,1,42840,4,False,False,False
Disfunción ventricular derecha,1,1,1,I50810,I,False,False,False
Disfàgia,1,1,1,R1310,R,False,False,False
Disgenesia de tronco encefálico,1,1,1,7422,7,False,False,False
Disgeusia,1,1,1,R432,R,False,False,False
Dislipemi,1,1,1,2724,2,False,False,False
Dislipermia,1,1,1,E785,E,False,False,False
Dislipidemia Mixta,1,1,1,E782,E,False,False,False
Dislipèmia,1,1,1,2724,2,False,False,False
Dislpiemia,1,1,1,E785,E,False,False,False
Dismetría EEII,1,1,1,R278,R,False,False,False
Disminución de la agudeza visual,1,1,1,H547,H,False,False,False
Disminución de movimientos fetales,1,1,1,O368130,O,False,False,False
Disminución movimientos fetales,1,1,1,O368130,O,False,False,False
Dismorfia Septal,1,1,1,470,4,False,False,False
Dispepsia,1,1,1,K30,K,False,False,False
Dispepsia funcional,1,1,1,K30,K,False,False,False
Dispepsia gástrica,1,1,1,K30,K,False,False,False
Displasia broncopulmonar,1,1,1,P271,P,False,False,False
Displasia cortical,1,1,1,Q048,Q,False,False,False
Displasia de cadera,1,1,1,Q659,Q,False,False,False
Displasia ectodérmica,1,1,1,Q824,Q,False,False,False
Displasia pulmonar,1,1,1,7485,7,False,False,False
Disqueratosis congénita,1,1,1,75739,7,False,False,False
Distimia,1,1,1,3004,3,False,False,False
Distocia 2,1,1,1,65281,6,False,False,False
Distocia de Hombros,1,1,1,O660,O,False,False,False
Distocia de rotación,1,1,1,O640XX0,O,False,False,False
Distocia social,1,1,1,V629,V,False,False,False
Distonia,1,1,1,G249,G,False,False,False
Distrés respiratorio inmediato,1,1,1,P228,P,False,False,False
"Distròfia corneal macular, ull dret",1,1,1,H18551,H,False,False,False
Distímico,1,1,1,F341,F,False,False,False
Diverticulitis aguda perforada,1,1,1,K5720,K,False,False,False
Diverticulitis colon,1,1,1,K5732,K,False,False,False
Diverticulos en sigma,1,1,1,56210,5,False,False,False
Diverticulosis,1,1,1,K5730,K,False,False,False
Diverticulosis colónica,1,1,1,56210,5,False,False,False
Diverticulosis de colon,1,1,1,K5730,K,False,False,False
Diverticulosis de sigma,1,1,1,K5730,K,False,False,False
Diverticulosis sigmoidea.,1,1,1,K5730,K,False,False,False
Divertículo duodenal,1,1,1,K5710,K,False,False,False
Divertículos,1,1,1,56210,5,False,False,False
Divertículos colónica,1,1,1,K5730,K,False,False,False
Divertículos colónicos,1,1,1,K5730,K,False,False,False
Divertículos duodenales,1,1,1,K5710,K,False,False,False
Divertículos en sigma,1,1,1,K5730,K,False,False,False
Divorciado,1,1,1,Z635,Z,False,False,False
Diàstasis de rectes,1,1,1,M6208,M,False,False,False
Dlp,1,1,1,E785,E,False,False,False
Dm gestacional anteparto,1,1,1,64883,6,False,False,False
Doble anexectomia,1,1,1,6561,6,False,False,False
Doble anexectomía lap,1,1,1,6563,6,False,False,False
Doble annexectomia,1,1,1,6561,6,False,False,False
Doble annexectomia lap,1,1,1,6563,6,False,False,False
Doble lesión aórtica,1,1,1,I352,I,False,False,False
Dolicocefalia,1,1,1,Q672,Q,False,False,False
Dolor abdolminal,1,1,1,R109,R,False,False,False
Dolor abdominal a estudio,1,1,1,78900,7,False,False,False
Dolor abdominal no especificat,1,1,1,R109,R,False,False,False
Dolor cervical,1,1,1,M542,M,False,False,False
Dolor dorsal,1,1,1,M546,M,False,False,False
Dolor fii,1,1,1,R1032,R,False,False,False
Dolor lumbar,1,1,1,7242,7,False,False,False
Dolor qx,1,1,1,33818,3,False,False,False
Dolor toràcic,1,1,1,R079,R,False,False,False
Dolor toràcic a estudi,1,1,1,78659,7,False,False,False
Dolor toràcic inespecificat,1,1,1,78650,7,False,False,False
Dolor torácico,1,1,1,R079,R,False,False,False
Dolor torácico atípico,1,1,1,R0789,R,False,False,False
"Dolor, genoll esquerre",1,1,1,M25562,M,False,False,False
"Dolor, maluc esquerre",1,1,1,M25552,M,False,False,False
Dolores torácico atípicos,1,1,1,78659,7,False,False,False
Dolores torácicos atípicos,1,1,1,R0789,R,False,False,False
Doppler renal,1,1,1,BT43ZZZ,B,False,False,False
Dorsolumbalgia,1,1,1,M545,M,False,False,False
Dpf,1,1,1,O334XX0,O,False,False,False
Drenaje de absceso de mama izquierda,1,1,1,0H9U0ZZ,0,False,False,False
Drenaje de absceso mamario,1,1,1,850,8,False,False,False
Drenaje mama izquierda,1,1,1,0H9U0ZZ,0,False,False,False
Drenaje pleural,1,1,1,3404,3,False,False,False
Drepanocitosis,1,1,1,28260,2,False,False,False
Ductus,1,1,1,Q250,Q,False,False,False
Ductus arterioso persistente,1,1,1,7470,7,False,False,False
Duelo,1,1,1,Z634,Z,False,False,False
Duodeno,1,1,1,0DB98ZX,0,False,False,False
Duplicidad renal,1,1,1,Q638,Q,False,False,False
DÈFICIT DEL CAMP VISUAL,1,1,1,H5340,H,False,False,False
Déficit Proteína S part,1,1,1,O9912,O,False,False,False
Déficit Proteína S parto,1,1,1,D6859,D,False,False,False
Déficit Vit D part,1,1,1,O99284,O,False,False,False
Déficit Vit D parto,1,1,1,E8881,E,False,False,False
Déficit Vit D.,1,1,1,E559,E,False,False,False
Déficit VitD,1,1,1,E559,E,False,False,False
Déficit de Vit D,1,1,1,E559,E,False,False,False
Déficit de vit D,1,1,1,2689,2,False,False,False
Déficit de vitamina B12,1,1,1,2662,2,False,False,False
Déficit de vitamina D,1,1,1,E559,E,False,False,False
"Déficit de vitamina D,",1,1,1,E559,E,False,False,False
Déficit factor VII,1,1,1,D682,D,False,False,False
Déficit factor VII parto,1,1,1,O9912,O,False,False,False
Déficit proteina c parto,1,1,1,O9912,O,False,False,False
Déficit proteína C,1,1,1,D6859,D,False,False,False
E coli,1,1,1,B9620,B,False,False,False
E faecalis,1,1,1,B952,B,False,False,False
E. Coli,1,1,1,04149,0,False,False,False
E. faecalis,1,1,1,B952,B,False,False,False
E.M,1,1,1,G35,G,False,False,False
E05.90,1,1,1,E0590,E,False,False,False
E44.0,1,1,1,E440,E,False,False,False
E46,1,1,1,E46,E,False,False,False
E55.9,1,1,1,E559,E,False,False,False
E72.53,1,1,1,E7253,E,False,False,False
E74.10,1,1,1,E7410,E,False,False,False
E78.00,1,1,1,E7800,E,False,False,False
E83.39,1,1,1,E8339,E,False,False,False
EAP,1,1,1,4281,4,False,False,False
EAo,1,1,1,I350,I,False,False,False
ECO 1t,1,1,1,BY49ZZZ,B,False,False,False
ECO 2T,1,1,1,BY4CZZZ,B,False,False,False
ECO 2t,1,1,1,BY4CZZZ,B,False,False,False
ECO 3T gemelos,1,1,1,BY4GZZZ,B,False,False,False
ECO 3t gemelos,1,1,1,BY4GZZZ,B,False,False,False
ECO ABD,1,1,1,BW40ZZZ,B,False,False,False
ECO Abdominal,1,1,1,BW40ZZZ,B,False,False,False
ECO Doppler renal,1,1,1,B448ZZZ,B,False,False,False
ECO ESCROTAL,1,1,1,BV44ZZZ,B,False,False,False
ECO OBS,1,1,1,8878,8,False,False,False
ECO Reno-vesical,1,1,1,BT4JZZZ,B,False,False,False
ECO TV1,1,1,1,8876,8,False,False,False
ECO TV: Útero,1,1,1,BU4CZZZ,B,False,False,False
ECO TV: útero,1,1,1,BU4CZZZ,B,False,False,False
ECO abdominal,1,1,1,8876,8,False,False,False
ECO cardiografia,1,1,1,B246ZZZ,B,False,False,False
ECO cerebral,1,1,1,B040ZZZ,B,False,False,False
ECO mama,1,1,1,8873,8,False,False,False
ECO obs 2t,1,1,1,BY4CZZZ,B,False,False,False
ECO obst,1,1,1,BY4FZZZ,B,False,False,False
ECO obstetrica,1,1,1,8878,8,False,False,False
ECO torax,1,1,1,BH4BZZZ,B,False,False,False
ECO tv,1,1,1,BU4CZZZ,B,False,False,False
ECO utero,1,1,1,8879,8,False,False,False
ECO-ABD,1,1,1,BW40ZZZ,B,False,False,False
ECO-TV: útero,1,1,1,BU4CZZZ,B,False,False,False
ECOCARDIOGRAFIA,1,1,1,8872,8,False,False,False
ECOCARDIOGRAFIA TRANSTORACICA,1,1,1,B246ZZZ,B,False,False,False
ECOCARDIOGRAMA TRANSTORÁCICO,1,1,1,B246ZZZ,B,False,False,False
ECOCARDIOGRAfia,1,1,1,B246ZZZ,B,False,False,False
ECOGRAFIA,1,1,1,BY4FZZZ,B,False,False,False
ECOGRAFIA 2t,1,1,1,BY4CZZZ,B,False,False,False
ECOGRAFIA ABDOMEN,1,1,1,BW40ZZZ,B,False,False,False
ECOGRAFIA ABDOMINAL/RENAL,1,1,1,BW40ZZZ,B,False,False,False
ECOGRAFIA HEPATICA,1,1,1,BF45ZZZ,B,False,False,False
ECOGRAFIA RENAL,1,1,1,BT4JZZZ,B,False,False,False
ECOGRAFIA RENO-VESICAL,1,1,1,BT4JZZZ,B,False,False,False
ECOGRAFIA TRANVAGINAL,1,1,1,BU4CZZZ,B,False,False,False
ECOGRAFIA TV,1,1,1,BU4CZZZ,B,False,False,False
ECOGRAFIA obstetrica,1,1,1,BY4FZZZ,B,False,False,False
ECOGRAFIA: Gestación,1,1,1,BY4FZZZ,B,False,False,False
ECOGRAFÍA 1t,1,1,1,BY49ZZZ,B,False,False,False
ECOGRAFÍA GINECOLÓGICA,1,1,1,BU4CZZZ,B,False,False,False
ECOGRAFÍA TRANSVAGINAL,1,1,1,BU4CZZZ,B,False,False,False
ECOGRAFÍA TV: Útero,1,1,1,BU4CZZZ,B,False,False,False
ECOGRAFÍA VAGINAL,1,1,1,BU46ZZZ,B,False,False,False
ECOGRAFÍA obst,1,1,1,BY4FZZZ,B,False,False,False
ECOTv,1,1,1,8878,8,False,False,False
ECOcardiografía rn,1,1,1,B24DZZZ,B,False,False,False
ECOgrafía abdominal,1,1,1,BW40ZZZ,B,False,False,False
ECOtv,1,1,1,8878,8,False,False,False
EDA,1,1,1,0DJ08ZZ,0,False,False,False
EEG,1,1,1,4A00X4Z,4,False,False,False
EGB,1,1,1,O99824,O,False,False,False
EHE anteparto,1,1,1,64233,6,False,False,False
EICH,1,1,1,D89813,D,False,False,False
EIN,1,1,1,80772,8,False,False,False
EKG,1,1,1,4A02X4Z,4,False,False,False
EMBARAZO ECTÓPICO,1,1,1,O0090,O,False,False,False
EMFERMEDAD DE MEMBRANA HIALINA,1,1,1,P220,P,False,False,False
EMRR,1,1,1,G35,G,False,False,False
ENCONDROMA,1,1,1,92200,9,False,False,False
ENDOMETRIOMA DE OVARIO DERECHO,1,1,1,N801,N,False,False,False
ENDOMETRIOMA OVÁRICO,1,1,1,N801,N,False,False,False
ENDOMETRIOSIS DEL OVARIO,1,1,1,N801,N,False,False,False
ENDOMETRIosiS OvARIO,1,1,1,6171,6,False,False,False
ENDoMETRIOMA,1,1,1,6171,6,False,False,False
ENF ANTEPARTO,1,1,1,64893,6,False,False,False
ENF PART,1,1,1,64891,6,False,False,False
ENF Parto,1,1,1,64891,6,False,False,False
ENFERMEDAD DE MEMBRANA HIALINA,1,1,1,P220,P,False,False,False
ENFERMEDAD PELVICA INFLAMATORIA,1,1,1,N739,N,False,False,False
ENFISEMA,1,1,1,J439,J,False,False,False
ENTEROCOCO,1,1,1,B955,B,False,False,False
EPI,1,1,1,6149,6,False,False,False
EPI anteparto,1,1,1,64663,6,False,False,False
EPI grave,1,1,1,6149,6,False,False,False
EPICONDILITIS,1,1,1,M7710,M,False,False,False
EPID,1,1,1,J8489,J,False,False,False
EPIDURAL,1,1,1,3E0R3BZ,3,False,False,False
EPILÉPTICAS,1,1,1,G40909,G,False,False,False
EPISIOTOMÍA,1,1,1,0W8NXZZ,0,False,False,False
EPISTAXIS,1,1,1,7847,7,False,False,False
EPOC Bronquitis. cronica,1,1,1,49120,4,False,False,False
EPOC agudizado,1,1,1,J441,J,False,False,False
EPOC infeccio resp,1,1,1,49121,4,False,False,False
EPOC infeccion respiratoria,1,1,1,J440,J,False,False,False
EPOC tipo enfisema,1,1,1,J439,J,False,False,False
ERC,1,1,1,N189,N,False,False,False
ERC 5,1,1,1,N185,N,False,False,False
ERC agudizada,1,1,1,N179,N,False,False,False
ERC estadio IV,1,1,1,N184,N,False,False,False
ERC grado 2,1,1,1,N182,N,False,False,False
ERC hta,1,1,1,N189,N,False,False,False
ERC reagudizada,1,1,1,5849,5,False,False,False
ERGE,1,1,1,K219,K,False,False,False
ERGE con esofagitis,1,1,1,K2100,K,False,False,False
ERISIPELA EN EXTREMIDAD SUPERIOR DERECHA,1,1,1,A46,A,False,False,False
ESCLERODERMIA,1,1,1,M349,M,False,False,False
ESCLEROSIS VALVULAR MITROAÓRTICA,1,1,1,I080,I,False,False,False
ESPLENECTOMÍA,1,1,1,Z9081,Z,False,False,False
ESTENOSIS PULMONAR,1,1,1,74731,7,False,False,False
ESTENOSIS URETERAL IZQUIERDA,1,1,1,Q6210,Q,False,False,False
ESTERILIZACION,1,1,1,Z302,Z,False,False,False
ESV,1,1,1,42761,4,False,False,False
ETT,1,1,1,B246ZZZ,B,False,False,False
EX FUMADOR,1,1,1,V1582,V,False,False,False
EX-TABAC,1,1,1,Z87891,Z,False,False,False
EXFUMADOR,1,1,1,Z87891,Z,False,False,False
EXFUMADORA,1,1,1,Z87891,Z,False,False,False
EXPANSOR MAMA DERECHA,1,1,1,0HHT0NZ,0,False,False,False
EXPANSOR MAMA derecha,1,1,1,0HHT0NZ,0,False,False,False
EXPANSOR MAMA iZQUIERDa,1,1,1,0HHU0NZ,0,False,False,False
EXPANSOR MAMARIO BILATERAL,1,1,1,0HHV0NZ,0,False,False,False
EXPANSOR mama dERECHO,1,1,1,0HHT0NZ,0,False,False,False
EXPANSOR mama derecha,1,1,1,0HHT0NZ,0,False,False,False
EXPANSOR mama izq,1,1,1,0HHU0NZ,0,False,False,False
EXPANSOR mama izquierda,1,1,1,0HHU0NZ,0,False,False,False
EXPREMATURO,1,1,1,V137,V,False,False,False
EXPULSIVO PROLONGADO,1,1,1,O631,O,False,False,False
EXTRACCIÓN DE DIU,1,1,1,Z30432,Z,False,False,False
EXTRACCIÓN MANUAL DE PLACENTA,1,1,1,10D17Z9,1,False,False,False
EXTRASISTOLIA VENTRICULAR,1,1,1,I493,I,False,False,False
Eccema,1,1,1,L309,L,False,False,False
Eccema crónico,1,1,1,L309,L,False,False,False
Eccema en manos,1,1,1,L309,L,False,False,False
Eco,1,1,1,BW40ZZZ,B,False,False,False
Eco 1T,1,1,1,BY49ZZZ,B,False,False,False
Eco 1t,1,1,1,BY49ZZZ,B,False,False,False
Eco 2,1,1,1,BY4CZZZ,B,False,False,False
Eco 3T gemelos,1,1,1,BY4GZZZ,B,False,False,False
Eco 3t gemelo,1,1,1,BY4GZZZ,B,False,False,False
Eco Gine,1,1,1,BU4CZZZ,B,False,False,False
Eco OBS,1,1,1,8878,8,False,False,False
Eco SNC,1,1,1,B040ZZZ,B,False,False,False
Eco abdominopélvica,1,1,1,BW41ZZZ,B,False,False,False
Eco de abdomen,1,1,1,BW40ZZZ,B,False,False,False
Eco obs,1,1,1,8878,8,False,False,False
Eco renovesical,1,1,1,BT4JZZZ,B,False,False,False
Eco utero,1,1,1,8879,8,False,False,False
Eco vías urinarias,1,1,1,BT4JZZZ,B,False,False,False
Eco-transfontanelar,1,1,1,B040ZZZ,B,False,False,False
EcoAbdominal,1,1,1,BW40ZZZ,B,False,False,False
EcoDoppler MSD,1,1,1,B54MZZZ,B,False,False,False
Ecocadiografía,1,1,1,B246ZZZ,B,False,False,False
Ecocardio nen,1,1,1,B24DZZZ,B,False,False,False
Ecocardio rn,1,1,1,B24DZZZ,B,False,False,False
Ecocardiografia nen,1,1,1,B24DZZZ,B,False,False,False
Ecocardiografia rn,1,1,1,B24DZZZ,B,False,False,False
Ecocardiografía,1,1,1,B246ZZZ,B,False,False,False
Ecocardiografía nen,1,1,1,B24DZZZ,B,False,False,False
Ecocardiografía rn,1,1,1,B24DZZZ,B,False,False,False
Ecocardiografía transtorácica,1,1,1,B246ZZ4,B,False,False,False
Ecocardiograma nen,1,1,1,B24DZZZ,B,False,False,False
Ecocardiograma rn,1,1,1,B24DZZZ,B,False,False,False
Ecocardiograma transtoracico,1,1,1,B246ZZZ,B,False,False,False
Ecocardiograma transtorácico,1,1,1,B246ZZZ,B,False,False,False
Ecografi obs,1,1,1,8878,8,False,False,False
Ecografia 2t,1,1,1,BY4CZZZ,B,False,False,False
Ecografia Abdominal,1,1,1,BW40ZZZ,B,False,False,False
Ecografia Renal,1,1,1,BT4JZZZ,B,False,False,False
Ecografia TF,1,1,1,B040ZZZ,B,False,False,False
Ecografia abbdominal,1,1,1,8876,8,False,False,False
Ecografia abdominal,1,1,1,8876,8,False,False,False
Ecografia d'abdomen,1,1,1,8876,8,False,False,False
Ecografia d'aparell urinari (renal-bufeta-pròstata,1,1,1,BT4JZZZ,B,False,False,False
Ecografia de abdomen,1,1,1,BW40ZZZ,B,False,False,False
Ecografia de adbomen,1,1,1,BW40ZZZ,B,False,False,False
Ecografia injerto renal,1,1,1,BT49ZZZ,B,False,False,False
Ecografia obs,1,1,1,8878,8,False,False,False
Ecografia obstétrica,1,1,1,8878,8,False,False,False
Ecografia renal:,1,1,1,BT4JZZZ,B,False,False,False
Ecografia tiroides,1,1,1,BG44ZZZ,B,False,False,False
Ecografia torácica,1,1,1,BH4BZZZ,B,False,False,False
Ecografia transfontanel.lar,1,1,1,B040ZZZ,B,False,False,False
Ecografia transfontanelar,1,1,1,B040ZZZ,B,False,False,False
Ecografia trasfontanelar,1,1,1,8875,8,False,False,False
Ecografia via urinària,1,1,1,BT4JZZZ,B,False,False,False
Ecografia vias urinarias,1,1,1,BT4JZZZ,B,False,False,False
Ecografí abdominal,1,1,1,BW40ZZZ,B,False,False,False
Ecografía 2,1,1,1,BY4CZZZ,B,False,False,False
Ecografía 2t,1,1,1,BY4CZZZ,B,False,False,False
Ecografía Abdominal,1,1,1,BW40ZZZ,B,False,False,False
Ecografía RENOVESICAL,1,1,1,BT4JZZZ,B,False,False,False
Ecografía SNC,1,1,1,B040ZZZ,B,False,False,False
Ecografía TV: Útero,1,1,1,BU4CZZZ,B,False,False,False
Ecografía abd,1,1,1,BW40ZZZ,B,False,False,False
Ecografía abdominopélvica,1,1,1,BW41ZZZ,B,False,False,False
Ecografía abdomional,1,1,1,BW40ZZZ,B,False,False,False
Ecografía cadera dreta,1,1,1,BQ40ZZZ,B,False,False,False
Ecografía cervical,1,1,1,8871,8,False,False,False
Ecografía de abodmen,1,1,1,BW40ZZZ,B,False,False,False
Ecografía de cadera,1,1,1,BW4GZZZ,B,False,False,False
Ecografía escrot,1,1,1,BV44ZZZ,B,False,False,False
Ecografía escrotal,1,1,1,BV44ZZZ,B,False,False,False
Ecografía escroto,1,1,1,8879,8,False,False,False
Ecografía ginecologica,1,1,1,8879,8,False,False,False
Ecografía hombro der,1,1,1,BP48ZZZ,B,False,False,False
Ecografía injerto renal,1,1,1,BT49ZZZ,B,False,False,False
Ecografía obs,1,1,1,BY4FZZZ,B,False,False,False
Ecografía obst,1,1,1,BY4FZZZ,B,False,False,False
Ecografía obstetrica,1,1,1,8878,8,False,False,False
Ecografía obstétrica,1,1,1,BY4FZZZ,B,False,False,False
Ecografía pleural,1,1,1,BB4BZZZ,B,False,False,False
Ecografía pulmonar,1,1,1,BB4BZZZ,B,False,False,False
Ecografía renal,1,1,1,BT4JZZZ,B,False,False,False
Ecografía renal y vesical,1,1,1,BT4JZZZ,B,False,False,False
Ecografía reno vesical,1,1,1,BT4JZZZ,B,False,False,False
Ecografía reno-vesical,1,1,1,BT4JZZZ,B,False,False,False
Ecografía renovesical,1,1,1,8875,8,False,False,False
Ecografía testicular,1,1,1,8879,8,False,False,False
Ecografía testiculos,1,1,1,BV44ZZZ,B,False,False,False
Ecografía torácica,1,1,1,BB4BZZZ,B,False,False,False
Ecografía transvaginal,1,1,1,BU4CZZZ,B,False,False,False
Ecografía urinaria,1,1,1,BT4JZZZ,B,False,False,False
Ecografía urológica,1,1,1,BT4JZZZ,B,False,False,False
Ecografías 2t,1,1,1,BY4CZZZ,B,False,False,False
Ecografías 3t gemelos,1,1,1,BY4GZZZ,B,False,False,False
Ecografías SNC,1,1,1,B040ZZZ,B,False,False,False
Ecografías abdominales,1,1,1,BW40ZZZ,B,False,False,False
Ecografías obst,1,1,1,BY4FZZZ,B,False,False,False
Ecografías obstétricas,1,1,1,8878,8,False,False,False
Ecoscopia,1,1,1,8872,8,False,False,False
Ecotv,1,1,1,8878,8,False,False,False
Ectopia renal izquierda,1,1,1,Q632,Q,False,False,False
Edad: 35,1,1,1,65961,6,False,False,False
Edema cerebral,1,1,1,3485,3,False,False,False
Edema palpebral,1,1,1,37482,3,False,False,False
Edemas part,1,1,1,O1204,O,False,False,False
Electrocardiograma,1,1,1,4A02X4Z,4,False,False,False
Electromiografía,1,1,1,4A0FX3Z,4,False,False,False
Elevacion transaminasas,1,1,1,R7401,R,False,False,False
Elongacio hipertrofica de coll uteri,1,1,1,6226,6,False,False,False
Elongación aórtica,1,1,1,Q2540,Q,False,False,False
Embaras ectopic,1,1,1,63310,6,False,False,False
Embolización,1,1,1,3979,3,False,False,False
Embolización arterial utero,1,1,1,6825,6,False,False,False
Emergencia hipertensiva,1,1,1,I161,I,False,False,False
Emesis gravidica,1,1,1,O210,O,False,False,False
Emesis gravídica,1,1,1,O210,O,False,False,False
Emfisema,1,1,1,J439,J,False,False,False
Emfisema pulmonar,1,1,1,4928,4,False,False,False
Empeoramiento de la función renal,1,1,1,N179,N,False,False,False
Empiema,1,1,1,5109,5,False,False,False
Empiema cerebral,1,1,1,3240,3,False,False,False
Enantyum,1,1,1,9929,9,False,False,False
Encefalitis virica,1,1,1,0499,0,False,False,False
Encefalopatia hipòxica,1,1,1,G9349,G,False,False,False
Encefalopatía,1,1,1,34830,3,False,False,False
Encefalopatía CONGENITA,1,1,1,7428,7,False,False,False
Encefalopatía de Wernicke. -,1,1,1,E512,E,False,False,False
Endometrioma,1,1,1,6171,6,False,False,False
Endometrioma Ovario,1,1,1,N801,N,False,False,False
Endometrioma ovárico,1,1,1,6171,6,False,False,False
Endometriosi cervix,1,1,1,6170,6,False,False,False
Endometriosi pelvica,1,1,1,6173,6,False,False,False
Endometriosi uterina,1,1,1,6170,6,False,False,False
Endometriosis bilateral,1,1,1,N801,N,False,False,False
Endometriosis ovárica,1,1,1,N801,N,False,False,False
Endometriosis parto,1,1,1,O9989,O,False,False,False
Endometriosis profunda,1,1,1,6173,6,False,False,False
Endometritis crónica,1,1,1,N711,N,False,False,False
Enf Crohn,1,1,1,K5090,K,False,False,False
Enf. de Dupuytren,1,1,1,7286,7,False,False,False
Enfermedad Renal Crónica,1,1,1,5859,5,False,False,False
Enfermedad celiaca,1,1,1,K900,K,False,False,False
Enfermedad cerebrovascular crónica,1,1,1,I6782,I,False,False,False
Enfermedad coronaria,1,1,1,I2510,I,False,False,False
Enfermedad de Alzheimer,1,1,1,G309,G,False,False,False
Enfermedad de Berger,1,1,1,N028,N,False,False,False
Enfermedad de Buerger,1,1,1,4431,4,False,False,False
Enfermedad de Cronh,1,1,1,K5080,K,False,False,False
Enfermedad de Kawasaki,1,1,1,M303,M,False,False,False
Enfermedad de Osgood-Schlatter,1,1,1,M9250,M,False,False,False
Enfermedad de Parkinson,1,1,1,G20,G,False,False,False
Enfermedad de Scheuermann,1,1,1,M4200,M,False,False,False
Enfermedad de Von Willebrand,1,1,1,2864,2,False,False,False
Enfermedad de Von Willebrand parto,1,1,1,64931,6,False,False,False
Enfermedad del nodo sinusal,1,1,1,I495,I,False,False,False
Enfermedad granulomatosa crónica,1,1,1,2881,2,False,False,False
Enfermedad inflamatori pélvica,1,1,1,N739,N,False,False,False
Enfermedad inflamatoria pélvica,1,1,1,N739,N,False,False,False
Enfermedad por reflujo gastroesofágico,1,1,1,K219,K,False,False,False
Enfermedad pulmonar obstructiva crónica,1,1,1,J449,J,False,False,False
Enfermedad pélvica inflamatoria,1,1,1,N739,N,False,False,False
Enfermedad renal crónica - Hipertensión arterial,1,1,1,I129,I,False,False,False
Enfermedad renal crónica 3,1,1,1,N183,N,False,False,False
Enfermedad renal crónica estadio 3,1,1,1,5853,5,False,False,False
Enfermedad renal crónica estadio IV,1,1,1,5854,5,False,False,False
Enfermedad renal crónica estadío II,1,1,1,5852,5,False,False,False
Enfermerdad diverticular,1,1,1,K5730,K,False,False,False
Enfisema,1,1,1,J439,J,False,False,False
Enfisema pulmonar,1,1,1,4928,4,False,False,False
Enfisema pulmonar centroacinar,1,1,1,J432,J,False,False,False
Engrosamiento endometrial,1,1,1,N858,N,False,False,False
Enol moderado,1,1,1,30501,3,False,False,False
Enol ocasional,1,1,1,30502,3,False,False,False
Enolismo crónico,1,1,1,F1020,F,False,False,False
Enolismo ocasional,1,1,1,30502,3,False,False,False
Enteroccocus faecalis,1,1,1,B952,B,False,False,False
Enterococcus faecium,1,1,1,B952,B,False,False,False
Enterococo,1,1,1,04104,0,False,False,False
Enterococo FAECALIS,1,1,1,B952,B,False,False,False
Enteropatía pierde-proteínas,1,1,1,5798,5,False,False,False
Enterovirus,1,1,1,07989,0,False,False,False
Entropion,1,1,1,37400,3,False,False,False
Eosinofilia,1,1,1,D721,D,False,False,False
Epidural,1,1,1,3E0R3BZ,3,False,False,False
Epigastralgi,1,1,1,78906,7,False,False,False
Epigastralgia,1,1,1,R1013,R,False,False,False
Epilepsa temporal,1,1,1,G40209,G,False,False,False
Epilepsia convulsiva,1,1,1,G40409,G,False,False,False
Epilepsia focal parto,1,1,1,O99354,O,False,False,False
Epilepsia mioclónica juvenil,1,1,1,G40B09,G,False,False,False
Epilepsia refractaria,1,1,1,G40909,G,False,False,False
Epilèpsia convulsiva generalitzada,1,1,1,34510,3,False,False,False
Epilèpsia focal,1,1,1,G40109,G,False,False,False
Episodios presincopales,1,1,1,R55,R,False,False,False
Epistaxis,1,1,1,R040,R,False,False,False
Equímosis,1,1,1,R233,R,False,False,False
Eritema del pañal,1,1,1,6910,6,False,False,False
Eritema multiforme,1,1,1,L518,L,False,False,False
Eritema nodoso part,1,1,1,L52,L,False,False,False
Erosion rodilla derecha,1,1,1,S80211A,S,False,False,False
Ertapemen,1,1,1,3E03329,3,False,False,False
Ertapenem,1,1,1,3E03329,3,False,False,False
Erupción cutánea,1,1,1,R21,R,False,False,False
Escabiosi,1,1,1,B86,B,False,False,False
Escafocefalia,1,1,1,7560,7,False,False,False
Escherichia Coli,1,1,1,B9620,B,False,False,False
Escherichia coli,1,1,1,B9620,B,False,False,False
Escherichia coli. *,1,1,1,B9620,B,False,False,False
Esclerosi tuberosa,1,1,1,Q851,Q,False,False,False
Esclerosis Múltiple,1,1,1,G35,G,False,False,False
Esclerosis sistémica,1,1,1,M349,M,False,False,False
Esclerosis válvula Aórtica,1,1,1,I358,I,False,False,False
Escoliosi,1,1,1,73730,7,False,False,False
Escoliosis congénita,1,1,1,Q675,Q,False,False,False
Escoliosis dorsal,1,1,1,M4184,M,False,False,False
Escoliosis dorso-lumbar,1,1,1,M4185,M,False,False,False
Escoliosis dorsolumbar,1,1,1,M4185,M,False,False,False
Esferocitosis Hereditaria,1,1,1,D580,D,False,False,False
Esofagitis,1,1,1,K209,K,False,False,False
Esofagitis eosinofílica,1,1,1,K200,K,False,False,False
Esofagitis per reflux,1,1,1,53011,5,False,False,False
Esofagitis por REFLUJO,1,1,1,53011,5,False,False,False
Esofagitis por reflujo,1,1,1,53011,5,False,False,False
Esofagitis péptica,1,1,1,K2090,K,False,False,False
Esofagogastroduodenoscòpia,1,1,1,4513,4,False,False,False
Esofagoscopia,1,1,1,4223,4,False,False,False
Espasmos esofágicos,1,1,1,K224,K,False,False,False
Espina Bifida,1,1,1,Q059,Q,False,False,False
Espina bifida,1,1,1,74190,7,False,False,False
Esplenomegalia cirrotica,1,1,1,D732,D,False,False,False
Esplenomegàlia,1,1,1,R161,R,False,False,False
Espondilitis,1,1,1,M4690,M,False,False,False
Espondilitis anquilopoyetica,1,1,1,M459,M,False,False,False
Espondilitis anquilosante,1,1,1,7200,7,False,False,False
Espondiloartropatía degenerativa,1,1,1,72190,7,False,False,False
EspondilolIstesis,1,1,1,7384,7,False,False,False
Espondilolisis L5-S1,1,1,1,M47897,M,False,False,False
Espondilolistesis L5-S1.-,1,1,1,M4317,M,False,False,False
Espondilosis,1,1,1,M479,M,False,False,False
Espondilosis dorsal,1,1,1,M47814,M,False,False,False
Espátulas,1,1,1,10D07Z8,1,False,False,False
Estafilococo,1,1,1,B958,B,False,False,False
Estafilorrafia,1,1,1,2762,2,False,False,False
Estancament ponderal,1,1,1,78341,7,False,False,False
Estancamiento pondoestatural 2,1,1,1,78343,7,False,False,False
Estapedectomía izquierda,1,1,1,09RA0JZ,0,False,False,False
Estat de traqueostomia,1,1,1,Z930,Z,False,False,False
Esteatohepatitis no alcohólica,1,1,1,K7581,K,False,False,False
Esteatosi hepatica,1,1,1,5718,5,False,False,False
Esteatosis,1,1,1,K760,K,False,False,False
Esteatosis hepatica,1,1,1,5718,5,False,False,False
Esteatosis hepàtica,1,1,1,5718,5,False,False,False
Esteatosis hepática,1,1,1,5718,5,False,False,False
Estenosi esofagica,1,1,1,5303,5,False,False,False
Estenosi laringe,1,1,1,47874,4,False,False,False
Estenosis Ao,1,1,1,I350,I,False,False,False
Estenosis Aortica,1,1,1,I350,I,False,False,False
Estenosis Aórtica,1,1,1,I350,I,False,False,False
Estenosis L4-L5,1,1,1,M48061,M,False,False,False
Estenosis aórtica,1,1,1,4241,4,False,False,False
Estenosis aórtica ligera,1,1,1,I350,I,False,False,False
Estenosis carotídea,1,1,1,I6529,I,False,False,False
Estenosis carotídea bilateral,1,1,1,I6523,I,False,False,False
Estenosis coana,1,1,1,Q300,Q,False,False,False
Estenosis de meato uretral,1,1,1,N359,N,False,False,False
Estenosis de uretra,1,1,1,N359,N,False,False,False
Estenosis del píloro,1,1,1,K311,K,False,False,False
Estenosis glotica,1,1,1,47874,4,False,False,False
Estenosis lumbar,1,1,1,M48061,M,False,False,False
Estenosis mitral reumatica,1,1,1,I050,I,False,False,False
Estenosis pulmonar,1,1,1,Q256,Q,False,False,False
Estenosis subglótica,1,1,1,47874,4,False,False,False
Estenosis uretral,1,1,1,N359,N,False,False,False
Esterilidad primaria,1,1,1,N979,N,False,False,False
Esterilidad secundaria,1,1,1,6289,6,False,False,False
Estimulación,1,1,1,3E033VJ,3,False,False,False
Estimulación oxitócica,1,1,1,3E033VJ,3,False,False,False
Estreptococo grupo B positivo,1,1,1,O99824,O,False,False,False
Estreñiment,1,1,1,56400,5,False,False,False
Estreñimiento cronico,1,1,1,K5900,K,False,False,False
Estreñimiento parto,1,1,1,K5900,K,False,False,False
Estreñimiento pertinaz,1,1,1,K5900,K,False,False,False
Estupor,1,1,1,R401,R,False,False,False
Etmoidotomia,1,1,1,099V4ZZ,0,False,False,False
Eventración,1,1,1,55321,5,False,False,False
Ex - Fumadora,1,1,1,V1582,V,False,False,False
Ex -fumadora,1,1,1,Z87891,Z,False,False,False
Ex Fumadora,1,1,1,Z87891,Z,False,False,False
Ex enolismo,1,1,1,F1021,F,False,False,False
Ex enólico,1,1,1,F1021,F,False,False,False
Ex fumador,1,1,1,Z87891,Z,False,False,False
Ex hábito enólico,1,1,1,30393,3,False,False,False
Ex prematur,1,1,1,V137,V,False,False,False
Ex prematuritat,1,1,1,V137,V,False,False,False
Ex tabaquismo,1,1,1,Z87891,Z,False,False,False
Ex- Fumadora,1,1,1,Z87891,Z,False,False,False
Ex-ADVP,1,1,1,F1121,F,False,False,False
Ex-Alcoholismo,1,1,1,F1021,F,False,False,False
Ex-Enolismo,1,1,1,F1021,F,False,False,False
Ex-Fumadora,1,1,1,Z87891,Z,False,False,False
Ex-bebedor,1,1,1,F1011,F,False,False,False
Ex-enol,1,1,1,F1021,F,False,False,False
Ex-enolismo,1,1,1,F1021,F,False,False,False
Ex-enólico,1,1,1,30393,3,False,False,False
Ex-fumador,1,1,1,V1582,V,False,False,False
Ex-fumadora,1,1,1,Z87891,Z,False,False,False
Ex-hábito enólico,1,1,1,F1011,F,False,False,False
Ex-tabaquismo,1,1,1,Z87891,Z,False,False,False
ExFumador,1,1,1,Z87891,Z,False,False,False
ExFumadora,1,1,1,Z87891,Z,False,False,False
Exbebedor,1,1,1,F1011,F,False,False,False
Exfumador,1,1,1,Z87891,Z,False,False,False
Exotropía,1,1,1,37810,3,False,False,False
Expansor mama derecha,1,1,1,0HHT0NZ,0,False,False,False
Expulsivo prolongado,1,1,1,O631,O,False,False,False
Extabaquismo,1,1,1,Z87891,Z,False,False,False
Extraccion manual de placenta,1,1,1,10D17Z9,1,False,False,False
Extracción de DIU,1,1,1,9771,9,False,False,False
Extracción de coágulos posparto,1,1,1,10D17ZZ,1,False,False,False
Extracción manual de placenta.,1,1,1,10D17Z9,1,False,False,False
Extrasístoles ventriculares,1,1,1,42769,4,False,False,False
Extreñimiento cronico,1,1,1,56400,5,False,False,False
Exéresis de ganglios centinela,1,1,1,4023,4,False,False,False
Exéresis labio inferior,1,1,1,0CB1XZZ,0,False,False,False
F31.4,1,1,1,F314,F,False,False,False
F32.1,1,1,1,F321,F,False,False,False
F44.7,1,1,1,F447,F,False,False,False
FA,1,1,1,I4891,I,False,False,False
FA Crónica,1,1,1,I482,I,False,False,False
FA PERMANENTE,1,1,1,I4821,I,False,False,False
FA crónica,1,1,1,I482,I,False,False,False
FA lenta,1,1,1,I4891,I,False,False,False
FA paroxistica,1,1,1,I480,I,False,False,False
FA permanente,1,1,1,I4821,I,False,False,False
FA rápida,1,1,1,I4891,I,False,False,False
FAC,1,1,1,I482,I,False,False,False
FACO + LIO OD,1,1,1,08RJ3JZ,0,False,False,False
FACO + LIO OI,1,1,1,08RK3JZ,0,False,False,False
FACO + LIO OI.,1,1,1,08RK3JZ,0,False,False,False
FACO + LIO en saco OD,1,1,1,08RJ3JZ,0,False,False,False
FACO + LIO oi,1,1,1,08RK3JZ,0,False,False,False
FACO od,1,1,1,08DJ3ZZ,0,False,False,False
FACO+LIO OD,1,1,1,08RJ3JZ,0,False,False,False
FACO+LIO OI (,1,1,1,08RK3JZ,0,False,False,False
FACO+LIO UD,1,1,1,08RJ3JZ,0,False,False,False
FACO+`LIO OI,1,1,1,08RK3JZ,0,False,False,False
FAD,1,1,1,90100,9,False,False,False
FAD mamarios bilaterales,1,1,1,D241,D,False,False,False
FALTA DE PROGRESION parto,1,1,1,O621,O,False,False,False
FAVi,1,1,1,03170ZD,0,False,False,False
FEBRE,1,1,1,78060,7,False,False,False
FECALOMA,1,1,1,K5641,K,False,False,False
FETO,1,1,1,Z370,Z,False,False,False
FETO MACROSOMICO,1,1,1,O3663X0,O,False,False,False
FGEG,1,1,1,O3663X0,O,False,False,False
FGEG part,1,1,1,O3663X0,O,False,False,False
FIBRILACIÓN AURICULAR,1,1,1,I4891,I,False,False,False
FIBRILACIÓN AURICULAR PAROXÍSTICA,1,1,1,I480,I,False,False,False
FIBRIL·LACIÓ AURICULAR,1,1,1,I4891,I,False,False,False
FIBROADENOMA,1,1,1,90100,9,False,False,False
FIBROLEIOMIOMA,1,1,1,88900,8,False,False,False
FIBROMA OVARIO DERECHO,1,1,1,D270,D,False,False,False
FIBROMA OVÁRICO IZQUIERDO,1,1,1,D271,D,False,False,False
FIBROMIALGIA,1,1,1,M797,M,False,False,False
FIBROMIÀLGIA,1,1,1,M797,M,False,False,False
FIBROSIS RETROPERITONEAL,1,1,1,N135,N,False,False,False
FID,1,1,1,R1031,R,False,False,False
FIEBRE PUERPERAL,1,1,1,O864,O,False,False,False
FIMOSIS,1,1,1,N471,N,False,False,False
FISSURA PALATINA,1,1,1,74900,7,False,False,False
FISURA ANAL,1,1,1,K602,K,False,False,False
FISURA PALATINA,1,1,1,74900,7,False,False,False
FIV,1,1,1,V2385,V,False,False,False
FOLICULAR OVARI,1,1,1,6200,6,False,False,False
FOLÍCULO HEMORRÁGICO DERECHO,1,1,1,N8301,N,False,False,False
FOP,1,1,1,Q211,Q,False,False,False
FORAMEN OVAL PERMEABLE,1,1,1,Q211,Q,False,False,False
FORCEPS,1,1,1,10D07Z3,1,False,False,False
FPIES,1,1,1,K5221,K,False,False,False
FPP,1,1,1,O621,O,False,False,False
FR CADERA DERECHA,1,1,1,S72001A,S,False,False,False
FRACASO RENAL AGUDO,1,1,1,N179,N,False,False,False
FRACTURA BIMALEOLAR TOBILLO Der,1,1,1,S82841A,S,False,False,False
FRACTURA CABEZA RADIAL DERECHO,1,1,1,S52121A,S,False,False,False
FRACTURA DE HUESOS PROPIOS NASALES,1,1,1,S022XXA,S,False,False,False
FRACTURA DE RADIO DISTAL DERECHO,1,1,1,S52501A,S,False,False,False
FRACTURA DE RADIO DISTAL IZQUIERDO,1,1,1,S52502A,S,False,False,False
FRACTURA DE TOBILLO DERECHO,1,1,1,S82891A,S,False,False,False
FRACTURA PERTROCANTEREA CADERA IZQUIERDA,1,1,1,S72102A,S,False,False,False
FRACTURA PERTROCANTEREA DERECHA,1,1,1,S72101A,S,False,False,False
FRACTURA PERTROCANTEREA FEMUR DERECHO,1,1,1,S72101A,S,False,False,False
FRACTURA PERTROCANTEREA FEMUR IZQUIERDO,1,1,1,S72102A,S,False,False,False
FRACTURA PERTROCANTÉREA DE FÉMUR DERECHO,1,1,1,S72101A,S,False,False,False
FRACTURA SUBCAPITAL FEMUR DERECHO,1,1,1,S72011A,S,False,False,False
FRACTURA SUBCAPITAL IZQUIERDA,1,1,1,S72092A,S,False,False,False
FRACTURA dIÁFISIS CUBITO IZQUIERDO,1,1,1,S52202A,S,False,False,False
FRENILLO PENEANO CORTO,1,1,1,N473,N,False,False,False
Factor V Leiden,1,1,1,D6851,D,False,False,False
Factor V de Leiden parto,1,1,1,O9912,O,False,False,False
Fallida renal aguda,1,1,1,N179,N,False,False,False
Faringitis de repetición,1,1,1,J312,J,False,False,False
Faringoscopia,1,1,1,2911,2,False,False,False
Fascitis plantar,1,1,1,M722,M,False,False,False
Fatiga crònica,1,1,1,R5382,R,False,False,False
Fatiga crónica,1,1,1,R5382,R,False,False,False
Febre rn,1,1,1,7784,7,False,False,False
Febril,1,1,1,R509,R,False,False,False
Febrícula intraparto,1,1,1,O752,O,False,False,False
Febrícula parto,1,1,1,65921,6,False,False,False
Ferropenia,1,1,1,E611,E,False,False,False
Ferroterapia,1,1,1,9929,9,False,False,False
Ferroteràpia endovenosa,1,1,1,9929,9,False,False,False
Feto Grande para edad gestacional,1,1,1,O3663X0,O,False,False,False
Feto PEG,1,1,1,65651,6,False,False,False
Feto grande para edad gestacional,1,1,1,O3663X0,O,False,False,False
Feto macrosomico,1,1,1,O3663X0,O,False,False,False
Fibril.lacio auricular,1,1,1,42731,4,False,False,False
Fibrilación,1,1,1,42731,4,False,False,False
Fibrilación auricular,1,1,1,42731,4,False,False,False
Fibrilación auricular crónica,1,1,1,I482,I,False,False,False
Fibrilación auricular paroxistica,1,1,1,I480,I,False,False,False
Fibrilación auricular paroxísitca,1,1,1,I480,I,False,False,False
Fibrilación auricular paroxística,1,1,1,I480,I,False,False,False
Fibrilación auricular paroxítica,1,1,1,I480,I,False,False,False
Fibrilación auricular permantente,1,1,1,I481,I,False,False,False
Fibrilación auricular rápida,1,1,1,I4891,I,False,False,False
Fibriloflutter auricular,1,1,1,42732,4,False,False,False
Fibril·lació auricular,1,1,1,42731,4,False,False,False
Fibril·lació auricular paroxismal,1,1,1,I480,I,False,False,False
Fibril·lació ventricular,1,1,1,42741,4,False,False,False
Fibroadenoma,1,1,1,90100,9,False,False,False
Fibroadenoma juvenil,1,1,1,90300,9,False,False,False
Fibroadenoma mama izqueirda,1,1,1,D242,D,False,False,False
Fibroadenoma mama izquierda,1,1,1,D242,D,False,False,False
Fibroadenomas,1,1,1,90100,9,False,False,False
Fibrobroncoscopia,1,1,1,3323,3,False,False,False
Fibrocolonoscopia,1,1,1,0DJD8ZZ,0,False,False,False
Fibrogastroscopia,1,1,1,0DJ68ZZ,0,False,False,False
Fibroleiomioma,1,1,1,88900,8,False,False,False
Fibroma,1,1,1,88100,8,False,False,False
Fibromialgia,1,1,1,7291,7,False,False,False
Fibromialgia part,1,1,1,O99891,O,False,False,False
Fibrosis quística pulmon,1,1,1,27702,2,False,False,False
Fibrosis quística pulmonar,1,1,1,27702,2,False,False,False
Fiebre,1,1,1,R509,R,False,False,False
Fiebre anteparto,1,1,1,65923,6,False,False,False
Fiebre en gestante,1,1,1,65923,6,False,False,False
Fiebre en puerperio,1,1,1,O864,O,False,False,False
Fiebre parto,1,1,1,O752,O,False,False,False
Fiebre posparto,1,1,1,O864,O,False,False,False
Fiebre post quirúrgica,1,1,1,78062,7,False,False,False
Fiebre postparto,1,1,1,O864,O,False,False,False
Fiebre qx,1,1,1,R5082,R,False,False,False
Fissura anal aguda,1,1,1,K600,K,False,False,False
Fissura palatina,1,1,1,74900,7,False,False,False
Fistula de LCR,1,1,1,G9609,G,False,False,False
Fistula postoperatoria persistent,1,1,1,9986,9,False,False,False
Fisura anal crónica,1,1,1,K601,K,False,False,False
"Fisura anal,",1,1,1,K602,K,False,False,False
Fisura palatina,1,1,1,74900,7,False,False,False
Flegmo dentari,1,1,1,5225,5,False,False,False
Flegmo submaxilar,1,1,1,6820,6,False,False,False
Flegmon periamigdalino,1,1,1,J36,J,False,False,False
Flegmó amigdala,1,1,1,475,4,False,False,False
Flemon,1,1,1,5225,5,False,False,False
Flemon dental,1,1,1,K047,K,False,False,False
Flemón dentario,1,1,1,5225,5,False,False,False
Flemón periamigdalino izquierdo,1,1,1,J36,J,False,False,False
Fluidoterapia,1,1,1,9918,9,False,False,False
Flutter auricular,1,1,1,I4892,I,False,False,False
Flutter auricular común paroxístico,1,1,1,I483,I,False,False,False
Flútter auricular,1,1,1,I4892,I,False,False,False
Foliculitis,1,1,1,7048,7,False,False,False
Folículo hemorrágico,1,1,1,6200,6,False,False,False
Fondo de ojo,1,1,1,08J1XZZ,0,False,False,False
Foramen oval,1,1,1,Q211,Q,False,False,False
Foramen oval permeable,1,1,1,Q211,Q,False,False,False
Foraminotomía,1,1,1,00NY0ZZ,0,False,False,False
Fracaso renal agudo obstructivo,1,1,1,N179,N,False,False,False
Fractura,1,1,1,V1551,V,False,False,False
Fractura basicervical cadera izquierda,1,1,1,S72042A,S,False,False,False
Fractura basicervical de fémur izquierdo,1,1,1,S72042A,S,False,False,False
Fractura de acetábulo izquierdo,1,1,1,S32402A,S,False,False,False
Fractura de cabeza de radio,1,1,1,81305,8,False,False,False
Fractura de radio distal izquierdo,1,1,1,S52592A,S,False,False,False
Fractura diafisaria de fémur,1,1,1,82101,8,False,False,False
Fractura diafisaria de humero izquierdo,1,1,1,S42302A,S,False,False,False
Fractura diafisaria de húmero izquierdo,1,1,1,S42302A,S,False,False,False
Fractura h,1,1,1,V1551,V,False,False,False
Fractura humero proximal,1,1,1,81200,8,False,False,False
Fractura isquiopubiana derecha,1,1,1,S32501A,S,False,False,False
Fractura patológica mandibular,1,1,1,73319,7,False,False,False
Fractura periprotesica cadera derecha,1,1,1,S72001A,S,False,False,False
Fractura pertrocantérea fémur derecho,1,1,1,S72101A,S,False,False,False
Fractura radi distal,1,1,1,81342,8,False,False,False
Fractura radio distal izquierdo,1,1,1,81342,8,False,False,False
Fractura subcapital de cadera izquierda,1,1,1,S72012A,S,False,False,False
Fractura subcapital de fémur izquierdo,1,1,1,S72012A,S,False,False,False
Fractura subcapital fémur izquierdo,1,1,1,S72012A,S,False,False,False
Fractura supracondilea de húmero derecho,1,1,1,S42411A,S,False,False,False
Fractura supracondilea femur derecho,1,1,1,S72451A,S,False,False,False
Fractura supracondilea humeral izquierda,1,1,1,S42412A,S,False,False,False
Fractura tobillo derecho,1,1,1,S82891A,S,False,False,False
Fractura tobillo izquierdo,1,1,1,S82892A,S,False,False,False
Fracturas vertebrales,1,1,1,73313,7,False,False,False
Frenillo sublingual,1,1,1,Q381,Q,False,False,False
Friedrich,1,1,1,8622,8,False,False,False
Fuma,1,1,1,3051,3,False,False,False
Fumador,1,1,1,F17210,F,False,False,False
Fumador pasivo,1,1,1,Z7722,Z,False,False,False
Fumadora,1,1,1,3051,3,False,False,False
Fumadora 2t,1,1,1,O99332,O,False,False,False
Fumadora 3T,1,1,1,O99333,O,False,False,False
Fumadora 3t,1,1,1,F17210,F,False,False,False
Fumadora PART,1,1,1,F17210,F,False,False,False
Fumadora antepart,1,1,1,64903,6,False,False,False
Fumadora anteparto,1,1,1,64903,6,False,False,False
Fumadora puerperio,1,1,1,O99335,O,False,False,False
Fumadora rn,1,1,1,P048,P,False,False,False
Fusión labios mayores,1,1,1,N9089,N,False,False,False
Fx,1,1,1,V1551,V,False,False,False
Fx 1/3 medio clavícula DER,1,1,1,S42021A,S,False,False,False
Fx de huesos propios de la nariz,1,1,1,S022XXA,S,False,False,False
Fx h,1,1,1,V1551,V,False,False,False
Fx rótula,1,1,1,8220,8,False,False,False
FÍSTULA MAMA,1,1,1,N610,N,False,False,False
FÍSTULA RECTOVAGINAL,1,1,1,N823,N,False,False,False
FÓRCEPS,1,1,1,10D07Z3,1,False,False,False
Fístula anal,1,1,1,K603,K,False,False,False
Fístula de LCR postquirúrgica,1,1,1,G9609,G,False,False,False
Fórceps episio,1,1,1,721,7,False,False,False
Fórceps fallido,1,1,1,O665,O,False,False,False
G40.119,1,1,1,G40119,G,False,False,False
G40.301,1,1,1,G40301,G,False,False,False
G40.309,1,1,1,G40309,G,False,False,False
G40.311,1,1,1,G40311,G,False,False,False
G40.319,1,1,1,G40319,G,False,False,False
G40.411,1,1,1,G40411,G,False,False,False
G40.909,1,1,1,G40909,G,False,False,False
G43.909,1,1,1,G43909,G,False,False,False
G47.35,1,1,1,G4735,G,False,False,False
GAMMAPATÍA MONOCLONAL,1,1,1,97651,9,False,False,False
GASTRECTOMÍA,1,1,1,Z903,Z,False,False,False
GASTRITIS CRÓNICA,1,1,1,K2950,K,False,False,False
GASTRITIS CRÓNICA ATRÓFICA,1,1,1,K2940,K,False,False,False
GASTROSCOPIA,1,1,1,0DJ68ZZ,0,False,False,False
GEA,1,1,1,5589,5,False,False,False
GEG,1,1,1,O3663X0,O,False,False,False
GEMELAR BICORIAL BIAMNIÓTICA,1,1,1,O30043,O,False,False,False
GESTACIÓN ECTÓPICA DERECHA,1,1,1,O00101,O,False,False,False
GESTACIÓN ECTÓPICA IZQUIERDA,1,1,1,O00102,O,False,False,False
GESTACIÓN GEMELAR BICORIAL-BIAMNIOTICA,1,1,1,O30043,O,False,False,False
GESTACIÓN NO EVOLUTIVA,1,1,1,63490,6,False,False,False
GESTACIÓN TUBÁRICA IZQUIERDA,1,1,1,O00102,O,False,False,False
GEU izquierdo,1,1,1,O00102,O,False,False,False
GEU sangrado,1,1,1,6391,6,False,False,False
GEU tubarico derecha,1,1,1,O00101,O,False,False,False
GEU tubarico izdo,1,1,1,O00102,O,False,False,False
GEU tubarico izquierdo,1,1,1,O00102,O,False,False,False
GEU tubárico izquierdo,1,1,1,O00102,O,False,False,False
GLAUCOMa,1,1,1,H409,H,False,False,False
GLIOBLASTOMA MULTIFORME,1,1,1,94403,9,False,False,False
GLOBO VESICAL,1,1,1,R339,R,False,False,False
GONARTROSIS IZQUIERDA,1,1,1,M1712,M,False,False,False
GRAN EXTRACCIÓN,1,1,1,10D07Z8,1,False,False,False
GRANULOMA PIOGÉNICO,1,1,1,L980,L,False,False,False
GRANULOMATOSIS DE WEGENER,1,1,1,M3130,M,False,False,False
GRUP: B +,1,1,1,Z6720,Z,False,False,False
GRUP: O +,1,1,1,Z6740,Z,False,False,False
GRUPO SANGUINEO B,1,1,1,Z6720,Z,False,False,False
GRUPO SANGUINEO MATERNO 0 rh positivo,1,1,1,Z6740,Z,False,False,False
GRUPO SANGUINEO MATERNO A positivo,1,1,1,Z6710,Z,False,False,False
GRUPO SANGUÍNEO: O POSITIVO,1,1,1,Z6740,Z,False,False,False
GRupo 0+,1,1,1,Z6740,Z,False,False,False
GS 0 negativo,1,1,1,Z6741,Z,False,False,False
GS 0 positivo,1,1,1,Z6740,Z,False,False,False
GS 0+,1,1,1,Z6740,Z,False,False,False
GS 0+.,1,1,1,Z6740,Z,False,False,False
GS : O +,1,1,1,Z6740,Z,False,False,False
GS A (+),1,1,1,Z6710,Z,False,False,False
GS A (+) positivo,1,1,1,Z6710,Z,False,False,False
GS A Negatiu,1,1,1,Z6711,Z,False,False,False
GS A RH +,1,1,1,Z6710,Z,False,False,False
GS A negativo,1,1,1,Z6711,Z,False,False,False
GS A positivo,1,1,1,Z6710,Z,False,False,False
GS A+,1,1,1,Z6710,Z,False,False,False
GS AB +,1,1,1,Z6730,Z,False,False,False
GS AB+,1,1,1,Z6730,Z,False,False,False
GS B (+),1,1,1,Z6720,Z,False,False,False
GS B +,1,1,1,Z6720,Z,False,False,False
GS B RH +,1,1,1,Z6720,Z,False,False,False
GS B+,1,1,1,Z6720,Z,False,False,False
GS B+ (,1,1,1,Z6720,Z,False,False,False
GS O +,1,1,1,Z6740,Z,False,False,False
GS O RH +,1,1,1,Z6740,Z,False,False,False
GS O RH: posit,1,1,1,Z6740,Z,False,False,False
GS O RH:positivo,1,1,1,Z6740,Z,False,False,False
GS O Rh (+),1,1,1,Z6740,Z,False,False,False
GS O Rh positivo,1,1,1,Z6740,Z,False,False,False
GS O positivo,1,1,1,Z6740,Z,False,False,False
GS O+,1,1,1,Z6740,Z,False,False,False
GS Rh: A positivo,1,1,1,Z6710,Z,False,False,False
GS materno A+,1,1,1,Z6711,Z,False,False,False
GS. O+.,1,1,1,Z6740,Z,False,False,False
GS: 0 +,1,1,1,Z6740,Z,False,False,False
GS: 0 Rh negativo,1,1,1,Z6741,Z,False,False,False
GS: 0 Rh positivo,1,1,1,Z6740,Z,False,False,False
GS: 0+.,1,1,1,Z6740,Z,False,False,False
GS: A +,1,1,1,Z6710,Z,False,False,False
GS: A + (,1,1,1,Z6710,Z,False,False,False
GS: A POSITIVO,1,1,1,Z6710,Z,False,False,False
GS: A negativo,1,1,1,Z6711,Z,False,False,False
GS: A positivo,1,1,1,Z6710,Z,False,False,False
GS: A+.,1,1,1,Z6710,Z,False,False,False
GS: AB+,1,1,1,Z6730,Z,False,False,False
GS: B +,1,1,1,Z6720,Z,False,False,False
GS: B Rh +.,1,1,1,Z6720,Z,False,False,False
GS: B+,1,1,1,Z6720,Z,False,False,False
GS: B+.,1,1,1,Z6720,Z,False,False,False
"GS: B, Rh: +.",1,1,1,Z6720,Z,False,False,False
GS: O + (,1,1,1,Z6740,Z,False,False,False
GS: O POSITIVO,1,1,1,Z6740,Z,False,False,False
GS: O Rh +,1,1,1,Z6740,Z,False,False,False
GS: O Rh + (,1,1,1,Z6740,Z,False,False,False
GS: O positiu,1,1,1,Z6740,Z,False,False,False
GS: O positivo,1,1,1,Z6740,Z,False,False,False
GS: O+,1,1,1,Z6740,Z,False,False,False
GS: O+ (,1,1,1,Z6740,Z,False,False,False
GS: O+.,1,1,1,Z6740,Z,False,False,False
GS:0+,1,1,1,Z6740,Z,False,False,False
GS:A Positivo,1,1,1,Z6710,Z,False,False,False
GS:A+,1,1,1,Z6710,Z,False,False,False
GSRH : O +,1,1,1,Z6740,Z,False,False,False
GSRH O +,1,1,1,Z6740,Z,False,False,False
"GSRH O +,",1,1,1,Z6740,Z,False,False,False
GSRH O positiva,1,1,1,Z6740,Z,False,False,False
GSRH O positivo,1,1,1,Z6740,Z,False,False,False
GSRH: A positivo,1,1,1,Z6710,Z,False,False,False
GSRH: O +,1,1,1,Z6740,Z,False,False,False
GSRH: O negativo,1,1,1,Z6741,Z,False,False,False
GSRH: O positivo,1,1,1,Z6740,Z,False,False,False
GSRH: O+,1,1,1,Z6740,Z,False,False,False
GSRH: O+ (,1,1,1,Z6740,Z,False,False,False
GSRH:A positivo,1,1,1,Z6710,Z,False,False,False
GSRH:O POSITIVO,1,1,1,Z6740,Z,False,False,False
GSRH:O+,1,1,1,Z6740,Z,False,False,False
GSRh : O positivo,1,1,1,Z6740,Z,False,False,False
GSRh O +,1,1,1,Z6740,Z,False,False,False
GSRh. O positivo,1,1,1,Z6740,Z,False,False,False
GSRh: . O +,1,1,1,Z6740,Z,False,False,False
GSRh: A positiu,1,1,1,Z6710,Z,False,False,False
GSRh: A positivo,1,1,1,Z6710,Z,False,False,False
GSRh: O +,1,1,1,Z6740,Z,False,False,False
GSRh: O + (,1,1,1,Z6740,Z,False,False,False
GSRh: O Positivo,1,1,1,Z6740,Z,False,False,False
GSRh: O negativo,1,1,1,Z6741,Z,False,False,False
GSRh: O positivo,1,1,1,Z6740,Z,False,False,False
GSRh: O+,1,1,1,Z6740,Z,False,False,False
GSRh: O+(,1,1,1,Z6740,Z,False,False,False
GSRh: O+.,1,1,1,Z6740,Z,False,False,False
GSRh: o+ .,1,1,1,Z6740,Z,False,False,False
GSRh:O positivo,1,1,1,Z6740,Z,False,False,False
GSrh: O positivo,1,1,1,Z6740,Z,False,False,False
GVP,1,1,1,O480,O,False,False,False
Galactosèmia,1,1,1,2711,2,False,False,False
Gamaglobulina anti D,1,1,1,9911,9,False,False,False
Gammaglobulina anti D,1,1,1,65611,6,False,False,False
Gammaglobulinas,1,1,1,30233S1,3,False,False,False
Gammagrafia pulmonar,1,1,1,CB121ZZ,C,False,False,False
Gammagrafía ósea,1,1,1,9214,9,False,False,False
Gammapatia Monoclonal,1,1,1,D472,D,False,False,False
Gammapatia monoclonal,1,1,1,2731,2,False,False,False
Ganglio centinela,1,1,1,4011,4,False,False,False
Gardenella,1,1,1,04189,0,False,False,False
Gardenella vaginalis,1,1,1,04189,0,False,False,False
Gardnerella Vaginalis,1,1,1,B9689,B,False,False,False
Gardnerella vaginalis,1,1,1,04189,0,False,False,False
Gastrectomia,1,1,1,Z903,Z,False,False,False
Gastrectomía,1,1,1,Z903,Z,False,False,False
Gastrectomía vertical laparoscópica,1,1,1,4382,4,False,False,False
Gastritis atrófica,1,1,1,K2940,K,False,False,False
Gastritis crònica,1,1,1,K2950,K,False,False,False
Gastritis crónica,1,1,1,53510,5,False,False,False
Gastritis crónica antral,1,1,1,K2950,K,False,False,False
Gastritis crónica atrofica,1,1,1,K2940,K,False,False,False
Gastritis crónica atrófica,1,1,1,K2940,K,False,False,False
Gastritis crónica parto,1,1,1,K2950,K,False,False,False
Gastritis eosinófilica,1,1,1,K5281,K,False,False,False
Gastritis part,1,1,1,64891,6,False,False,False
Gastroenteritis,1,1,1,5589,5,False,False,False
Gastroenteritis aguda,1,1,1,K529,K,False,False,False
Gastroenteritis aguda por Salmonella entérica,1,1,1,A020,A,False,False,False
Gastrografin,1,1,1,3E0G7KZ,3,False,False,False
Gastroparesia,1,1,1,5363,5,False,False,False
Gastropatía,1,1,1,K3189,K,False,False,False
Gea,1,1,1,5589,5,False,False,False
Gea adenovirus,1,1,1,00862,0,False,False,False
Gemelar BC/BA,1,1,1,O30043,O,False,False,False
Gemelar Bicorial-Biamniótico,1,1,1,O30043,O,False,False,False
Gemelar bicorial biamniotica,1,1,1,O30043,O,False,False,False
Gemelar bicorial/biamniótica,1,1,1,O30043,O,False,False,False
Gen Protrombina part,1,1,1,O9912,O,False,False,False
Gentamicina,1,1,1,9921,9,False,False,False
Gestacion Gemelar Bicorial Biamniotica,1,1,1,O30043,O,False,False,False
Gestacion cronologicamente prolongada,1,1,1,O480,O,False,False,False
Gestacion extrauterina,1,1,1,O0090,O,False,False,False
Gestacion gemelar anteparto,1,1,1,65103,6,False,False,False
Gestacion gemelar monocorial biamniótica,1,1,1,O30033,O,False,False,False
Gestacion pretermino,1,1,1,64421,6,False,False,False
Gestacion prolongada,1,1,1,O480,O,False,False,False
Gestación Cronológicamente Prolongada,1,1,1,64511,6,False,False,False
Gestación anembrionada,1,1,1,O029,O,False,False,False
Gestación bicorial biamniótica,1,1,1,O30043,O,False,False,False
Gestación bicorial-biamniótica,1,1,1,O30043,O,False,False,False
Gestación cronologicamente prolongada,1,1,1,O480,O,False,False,False
Gestación cronológicamente prolongada,1,1,1,O480,O,False,False,False
Gestación ectópica (tubárica) izquierda,1,1,1,O00102,O,False,False,False
Gestación ectópica derecha,1,1,1,O00101,O,False,False,False
Gestación ectópica izquierda,1,1,1,O00102,O,False,False,False
Gestación ectópica tubárica derecha,1,1,1,O00101,O,False,False,False
Gestación ectópica tubárica izquierda,1,1,1,O00102,O,False,False,False
Gestación gemelar bicorial/biamniótica,1,1,1,O30043,O,False,False,False
Gestación gemelar part,1,1,1,65101,6,False,False,False
"Gestación gemelar, BC/BA",1,1,1,O30043,O,False,False,False
Gestación no controlada,1,1,1,O0930,O,False,False,False
Gestación prolongada,1,1,1,O480,O,False,False,False
Gestación sin controlar,1,1,1,O0933,O,False,False,False
Gestante de 36 semanas,1,1,1,64421,6,False,False,False
Gestante de 40 SG,1,1,1,Z3A40,Z,False,False,False
Gestante de 40+,1,1,1,O480,O,False,False,False
Gestante de 41 +1 semanas,1,1,1,Z3A41,Z,False,False,False
Glaucoma,1,1,1,H409,H,False,False,False
Glaucoma OD,1,1,1,H409,H,False,False,False
Glucemia basal alterada,1,1,1,R7301,R,False,False,False
Glucogenosis,1,1,1,2710,2,False,False,False
Goll,1,1,1,2409,2,False,False,False
Goll multinodular,1,1,1,2411,2,False,False,False
Gonalgia derecha,1,1,1,M25561,M,False,False,False
Gonalgias,1,1,1,M25569,M,False,False,False
Gonartrosis bilateral,1,1,1,M170,M,False,False,False
Gonartrosis de rodilla,1,1,1,M179,M,False,False,False
Gonastrosis,1,1,1,M1710,M,False,False,False
Gonastrosis bilateral,1,1,1,M170,M,False,False,False
Gran extracción,1,1,1,10D07Z8,1,False,False,False
Granuloma hepatico,1,1,1,K753,K,False,False,False
Granuloma hepática,1,1,1,K753,K,False,False,False
Granuloma hepático,1,1,1,K753,K,False,False,False
Granuloma pulmonar,1,1,1,J984,J,False,False,False
Granulomas esplénicos,1,1,1,28959,2,False,False,False
Granulomas hepaticos,1,1,1,K753,K,False,False,False
Granulomatosis de Wegener,1,1,1,4464,4,False,False,False
Graves Basedow,1,1,1,E0500,E,False,False,False
Graves-Basedow,1,1,1,E0500,E,False,False,False
Grip,1,1,1,4871,4,False,False,False
Grip A,1,1,1,J101,J,False,False,False
Gripe A positivo,1,1,1,J101,J,False,False,False
Grup Sanguini: 0+,1,1,1,Z6740,Z,False,False,False
Grupo 0 Positivo,1,1,1,Z6740,Z,False,False,False
Grupo 0 RH +,1,1,1,Z6741,Z,False,False,False
Grupo 0 Rh POSITIVO,1,1,1,Z6740,Z,False,False,False
Grupo 0 Rh positivo,1,1,1,Z6740,Z,False,False,False
Grupo 0 negativo,1,1,1,Z6741,Z,False,False,False
Grupo 0 positivo,1,1,1,Z6740,Z,False,False,False
Grupo 0+,1,1,1,Z6740,Z,False,False,False
Grupo 0+.,1,1,1,Z6740,Z,False,False,False
Grupo A,1,1,1,Z6710,Z,False,False,False
Grupo A NEGATIVO,1,1,1,Z6711,Z,False,False,False
Grupo A Positivo,1,1,1,Z6710,Z,False,False,False
Grupo A Rh +,1,1,1,Z6710,Z,False,False,False
Grupo A Rh+,1,1,1,Z6710,Z,False,False,False
Grupo A negativo,1,1,1,Z6711,Z,False,False,False
Grupo A positivo,1,1,1,Z6710,Z,False,False,False
Grupo A+,1,1,1,Z6710,Z,False,False,False
Grupo B Rh negativo,1,1,1,Z6721,Z,False,False,False
Grupo B Rh positivo,1,1,1,Z6720,Z,False,False,False
Grupo B+,1,1,1,Z6720,Z,False,False,False
Grupo O +,1,1,1,Z6740,Z,False,False,False
"Grupo O +,",1,1,1,Z6740,Z,False,False,False
Grupo O+,1,1,1,Z6740,Z,False,False,False
Grupo Sanguíneo : A +,1,1,1,Z6710,Z,False,False,False
Grupo Sanguíneo Materno: 0,1,1,1,Z6740,Z,False,False,False
Grupo Sanguíneo Materno: 0 NEGATIVO,1,1,1,Z6741,Z,False,False,False
Grupo Sanguíneo Materno: A,1,1,1,Z6710,Z,False,False,False
Grupo Sanguíneo Materno: A NEGATIVO,1,1,1,Z6711,Z,False,False,False
Grupo Sanguíneo Materno: AB,1,1,1,Z6730,Z,False,False,False
Grupo Sanguíneo Materno: AB NEGATIVO,1,1,1,Z6731,Z,False,False,False
Grupo Sanguíneo Materno: AB POSITIVO,1,1,1,Z6730,Z,False,False,False
Grupo materno A positivo,1,1,1,Z6710,Z,False,False,False
Grupo materno: A positivo,1,1,1,Z6710,Z,False,False,False
Grupo rh: A+,1,1,1,Z6710,Z,False,False,False
Grupo sang materno: 0 positivo,1,1,1,Z6740,Z,False,False,False
Grupo sanguineo B positivo,1,1,1,Z6720,Z,False,False,False
Grupo sanguineo O+..,1,1,1,Z6740,Z,False,False,False
Grupo sanguineo materno 0 positivo,1,1,1,Z6740,Z,False,False,False
Grupo sanguineo materno 0 rh positivo,1,1,1,Z6740,Z,False,False,False
Grupo sanguineo materno A positivo,1,1,1,Z6710,Z,False,False,False
Grupo sanguineo materno A rh positivo,1,1,1,Z6710,Z,False,False,False
Grupo sanguineo materno A+,1,1,1,Z6710,Z,False,False,False
Grupo sanguineo materno AB +,1,1,1,Z6730,Z,False,False,False
Grupo sanguineo materno O Rh positivo,1,1,1,Z6740,Z,False,False,False
"Grupo sanguineo materno, A+",1,1,1,Z6710,Z,False,False,False
Grupo sanguineo materno: A Rh positivo,1,1,1,Z6710,Z,False,False,False
Grupo sanguineo materno: A positivo,1,1,1,Z6710,Z,False,False,False
Grupo sanguineo: A Rh; positivo,1,1,1,Z6710,Z,False,False,False
Grupo sanguineo: A rh positivo,1,1,1,Z6710,Z,False,False,False
Grupo sanguineo: A+,1,1,1,Z6710,Z,False,False,False
Grupo sanguineo: AB Rh: positivo,1,1,1,Z6730,Z,False,False,False
Grupo sanguineo: B+,1,1,1,Z6720,Z,False,False,False
Grupo sanguíneo 0 RH Positivo,1,1,1,Z6740,Z,False,False,False
Grupo sanguíneo 0+,1,1,1,Z6740,Z,False,False,False
"Grupo sanguíneo 0, Rh: Negativo",1,1,1,Z6741,Z,False,False,False
"Grupo sanguíneo 0, Rh: POSITIVO",1,1,1,Z6740,Z,False,False,False
Grupo sanguíneo :AB+,1,1,1,Z6730,Z,False,False,False
Grupo sanguíneo A POSITIVO,1,1,1,Z6710,Z,False,False,False
Grupo sanguíneo A+,1,1,1,Z6710,Z,False,False,False
Grupo sanguíneo AB +,1,1,1,Z6730,Z,False,False,False
Grupo sanguíneo B Rh positivo,1,1,1,Z6720,Z,False,False,False
Grupo sanguíneo B+,1,1,1,Z6720,Z,False,False,False
Grupo sanguíneo O Rh positivo,1,1,1,Z6740,Z,False,False,False
Grupo sanguíneo materno 0 rh positivo,1,1,1,Z6740,Z,False,False,False
Grupo sanguíneo materno 0+,1,1,1,Z6740,Z,False,False,False
Grupo sanguíneo materno A positivo,1,1,1,Z6710,Z,False,False,False
Grupo sanguíneo materno A rh positivo,1,1,1,Z6710,Z,False,False,False
Grupo sanguíneo materno A+,1,1,1,Z6710,Z,False,False,False
Grupo sanguíneo materno B negativo,1,1,1,Z6721,Z,False,False,False
Grupo sanguíneo materno B positivo,1,1,1,Z6720,Z,False,False,False
"Grupo sanguíneo materno: 0 , Rh: Negativo",1,1,1,Z6741,Z,False,False,False
"Grupo sanguíneo materno: 0 , Rh: Positivo",1,1,1,Z6740,Z,False,False,False
Grupo sanguíneo materno: 0 Positivo,1,1,1,Z6740,Z,False,False,False
Grupo sanguíneo materno: 0 Rh positivo,1,1,1,Z6740,Z,False,False,False
Grupo sanguíneo materno: 0 Rh: positivo,1,1,1,Z6740,Z,False,False,False
"Grupo sanguíneo materno: 0, Rh: Positivo",1,1,1,Z6740,Z,False,False,False
Grupo sanguíneo materno: A +,1,1,1,Z6710,Z,False,False,False
"Grupo sanguíneo materno: A , Rh: Negativo",1,1,1,Z6711,Z,False,False,False
Grupo sanguíneo materno: A Rh negativo,1,1,1,Z6711,Z,False,False,False
"Grupo sanguíneo materno: A, Rh: +",1,1,1,Z6710,Z,False,False,False
Grupo sanguíneo materno: B positivo,1,1,1,Z6720,Z,False,False,False
Grupo sanguíneo materno: O Rh positivo,1,1,1,Z6740,Z,False,False,False
"Grupo sanguíneo materno:0 , Rh:+",1,1,1,Z6740,Z,False,False,False
"Grupo sanguíneo, A Rh positivo",1,1,1,Z6710,Z,False,False,False
Grupo sanguíneo. 0+,1,1,1,Z6740,Z,False,False,False
Grupo sanguíneo: 0,1,1,1,Z6740,Z,False,False,False
Grupo sanguíneo: 0 Negativo,1,1,1,Z6741,Z,False,False,False
Grupo sanguíneo: 0 RH +,1,1,1,Z6740,Z,False,False,False
Grupo sanguíneo: 0 Rh +,1,1,1,Z6740,Z,False,False,False
Grupo sanguíneo: 0 Rh negativo,1,1,1,Z6741,Z,False,False,False
Grupo sanguíneo: 0 Rh positivo,1,1,1,Z6740,Z,False,False,False
Grupo sanguíneo: 0 negativo,1,1,1,Z6741,Z,False,False,False
Grupo sanguíneo: 0 rh positivo,1,1,1,Z6740,Z,False,False,False
Grupo sanguíneo: 0+,1,1,1,Z6740,Z,False,False,False
Grupo sanguíneo: 0+.,1,1,1,Z6740,Z,False,False,False
"Grupo sanguíneo: 0, Rh: +",1,1,1,Z6740,Z,False,False,False
Grupo sanguíneo: A (+),1,1,1,Z6710,Z,False,False,False
Grupo sanguíneo: A + -,1,1,1,Z6710,Z,False,False,False
"Grupo sanguíneo: A +,",1,1,1,Z6710,Z,False,False,False
Grupo sanguíneo: A +.,1,1,1,Z6710,Z,False,False,False
Grupo sanguíneo: A Positivo,1,1,1,Z6710,Z,False,False,False
Grupo sanguíneo: A Rh negativo,1,1,1,Z6711,Z,False,False,False
Grupo sanguíneo: A Rh positivo,1,1,1,Z6710,Z,False,False,False
Grupo sanguíneo: A Rh: +,1,1,1,Z6710,Z,False,False,False
Grupo sanguíneo: A negativo,1,1,1,Z6711,Z,False,False,False
Grupo sanguíneo: A positivo,1,1,1,Z6710,Z,False,False,False
Grupo sanguíneo: A rh positivo,1,1,1,Z6710,Z,False,False,False
Grupo sanguíneo: A+,1,1,1,Z6710,Z,False,False,False
Grupo sanguíneo: A+ (,1,1,1,Z6710,Z,False,False,False
Grupo sanguíneo: A+.,1,1,1,Z6710,Z,False,False,False
"Grupo sanguíneo: A, +",1,1,1,Z6710,Z,False,False,False
"Grupo sanguíneo: A, Rh: positivo",1,1,1,Z6710,Z,False,False,False
Grupo sanguíneo: AB Negativo,1,1,1,Z6731,Z,False,False,False
Grupo sanguíneo: AB+,1,1,1,Z6730,Z,False,False,False
Grupo sanguíneo: B +,1,1,1,Z6720,Z,False,False,False
Grupo sanguíneo: B Negativo,1,1,1,Z6721,Z,False,False,False
Grupo sanguíneo: B POSITIVO,1,1,1,Z6720,Z,False,False,False
Grupo sanguíneo: B negativo,1,1,1,Z6721,Z,False,False,False
Grupo sanguíneo: B negtivo,1,1,1,Z6721,Z,False,False,False
Grupo sanguíneo: B+,1,1,1,Z6720,Z,False,False,False
"Grupo sanguíneo: B, Rh: NEGATIVO",1,1,1,Z6721,Z,False,False,False
"Grupo sanguíneo: B, Rh; positivo",1,1,1,Z6720,Z,False,False,False
Grupo sanguíneo: O (+),1,1,1,Z6740,Z,False,False,False
Grupo sanguíneo: O +,1,1,1,Z6740,Z,False,False,False
Grupo sanguíneo: O +.,1,1,1,Z6740,Z,False,False,False
Grupo sanguíneo: O POSITIVO,1,1,1,Z6740,Z,False,False,False
Grupo sanguíneo: O Rh negativo,1,1,1,Z6741,Z,False,False,False
Grupo sanguíneo: O Rh positivo,1,1,1,Z6740,Z,False,False,False
Grupo sanguíneo: O Rh: POSITIVO,1,1,1,Z6740,Z,False,False,False
Grupo sanguíneo: O Rh:positivo,1,1,1,Z6740,Z,False,False,False
Grupo sanguíneo: O negativo,1,1,1,Z6741,Z,False,False,False
Grupo sanguíneo: O positivo,1,1,1,Z6740,Z,False,False,False
Grupo sanguíneo: O rh positivo,1,1,1,Z6740,Z,False,False,False
Grupo sanguíneo: O+,1,1,1,Z6740,Z,False,False,False
"Grupo sanguíneo: O, +",1,1,1,Z6740,Z,False,False,False
"Grupo sanguíneo: O, Rh: +",1,1,1,Z6740,Z,False,False,False
"Grupo sanguíneo: O, Rh: negativo",1,1,1,Z6741,Z,False,False,False
Grupo sanguíneo: o Rh +,1,1,1,Z6740,Z,False,False,False
Grupo sanguíneo: o+,1,1,1,Z6740,Z,False,False,False
Grupo sanguíneo:0 Rh positivo,1,1,1,Z6740,Z,False,False,False
Grupo sanguíneo:0+,1,1,1,Z6740,Z,False,False,False
Grupo sanguíneo:A+,1,1,1,Z6710,Z,False,False,False
Grupo y RH: A positivo,1,1,1,Z6710,Z,False,False,False
Grupo y Rh materno A positivo,1,1,1,Z6710,Z,False,False,False
Grupo y Rh: A positivo,1,1,1,Z6710,Z,False,False,False
Grupo y Rh: O +,1,1,1,Z6740,Z,False,False,False
Grupo y Rh: O positivo,1,1,1,Z6740,Z,False,False,False
Grupo y Rh: O+,1,1,1,Z6740,Z,False,False,False
Grupo: 0 Positivo,1,1,1,Z6740,Z,False,False,False
Grupo: 0 Rh positivo,1,1,1,Z6740,Z,False,False,False
Grupo: 0 positivo,1,1,1,Z6740,Z,False,False,False
Grupo: 0+,1,1,1,Z6740,Z,False,False,False
Grupo: 0+.,1,1,1,Z6740,Z,False,False,False
Grupo: A Rh negativo,1,1,1,Z6711,Z,False,False,False
Grupo: A Rh: negativo,1,1,1,Z6711,Z,False,False,False
Grupo: B Rh positivo,1,1,1,Z6720,Z,False,False,False
Grupo:0 Positivo,1,1,1,Z6740,Z,False,False,False
Grupo:B+,1,1,1,Z6720,Z,False,False,False
GsRH: A positivo,1,1,1,Z6710,Z,False,False,False
GsRH: O +,1,1,1,Z6740,Z,False,False,False
"GsRH: O +,",1,1,1,Z6740,Z,False,False,False
GsRH: O positivo (,1,1,1,Z6740,Z,False,False,False
GsRH: O+,1,1,1,Z6740,Z,False,False,False
GsRh A positivo,1,1,1,Z6710,Z,False,False,False
GsRh O+,1,1,1,Z6740,Z,False,False,False
GsRh: A positivo,1,1,1,Z6710,Z,False,False,False
GsRh: O negativo,1,1,1,Z6741,Z,False,False,False
GsRh: O+,1,1,1,Z6740,Z,False,False,False
GsrH: A positiu,1,1,1,Z6710,Z,False,False,False
GsrH: A positivo,1,1,1,Z6710,Z,False,False,False
GsrH: O positivo,1,1,1,Z6740,Z,False,False,False
Guillen Barre,1,1,1,G610,G,False,False,False
H TVP,1,1,1,V1251,V,False,False,False
H Zóster,1,1,1,0539,0,False,False,False
H pylori,1,1,1,04186,0,False,False,False
H.Pylori,1,1,1,04186,0,False,False,False
H.Pylori (++).,1,1,1,04186,0,False,False,False
H04.321,1,1,1,H04321,H,False,False,False
H25.13,1,1,1,H2513,H,False,False,False
H25.9,1,1,1,H259,H,False,False,False
H33.002,1,1,1,H33002,H,False,False,False
H33.031,1,1,1,H33031,H,False,False,False
H40.151,1,1,1,H40151,H,False,False,False
H47.11,1,1,1,H4711,H,False,False,False
H49.20,1,1,1,H4920,H,False,False,False
H60.311,1,1,1,H60311,H,False,False,False
H61.031,1,1,1,H61031,H,False,False,False
H65.191,1,1,1,H65191,H,False,False,False
H66.001,1,1,1,H66001,H,False,False,False
HA Ca recto,1,1,1,V1006,V,False,False,False
HALLUX VALGUS PIE IZQUIERDO,1,1,1,M2012,M,False,False,False
HALLUX VALGUS izquierdo,1,1,1,M2012,M,False,False,False
HARTMANN,1,1,1,0D1N0Z4,0,False,False,False
HBA,1,1,1,4262,4,False,False,False
HBAI,1,1,1,4262,4,False,False,False
HBP intervenida,1,1,1,V4577,V,False,False,False
HBPM,1,1,1,Z7901,Z,False,False,False
HD,1,1,1,Z992,Z,False,False,False
HEMANGIOMAS HEPÁTICOS,1,1,1,D1803,D,False,False,False
HEMATIES,1,1,1,30233N1,3,False,False,False
HEMATOMA EPISIOTOMIA,1,1,1,O902,O,False,False,False
HEMATURIA MACROSCÓPICA,1,1,1,R310,R,False,False,False
HEMICOLECTOMÍA,1,1,1,Z9049,Z,False,False,False
HEMOPERITONEO,1,1,1,K661,K,False,False,False
HEMORRAGIA POST PARTO. -,1,1,1,O721,O,False,False,False
HEMORRAGIA POSTPARTO,1,1,1,O721,O,False,False,False
HEMORROIDE,1,1,1,K649,K,False,False,False
HEPATOBLASTOMA,1,1,1,1550,1,False,False,False
HERIDA ENCIA,1,1,1,87362,8,False,False,False
HERNIA DISCAL L3-L4,1,1,1,M5126,M,False,False,False
"HERNIA DISCAL L4-L5,",1,1,1,M5126,M,False,False,False
HERNIA DISCAL L5-S1,1,1,1,M5127,M,False,False,False
HERNIA EPIGÁSTRICA,1,1,1,K439,K,False,False,False
HERNIA HIATAL,1,1,1,5533,5,False,False,False
HERNIA INGUINAL BILATERAL,1,1,1,K4020,K,False,False,False
HERNIA INGUINAL DERECHA,1,1,1,K4090,K,False,False,False
HERNIA INGUINAL IZQUIERDA,1,1,1,K4090,K,False,False,False
HERNIA UMBILICAL malla,1,1,1,0WUF0JZ,0,False,False,False
"HERNIA UMBILICAL,",1,1,1,K429,K,False,False,False
HERNIOPLASTIA INGUINAL BILATERAL malla,1,1,1,0YUA0JZ,0,False,False,False
HERNIOPLASTIA INGUINAL DERECHA,1,1,1,0YU50JZ,0,False,False,False
HERNIOPLASTIA INGUINAL Derecha con malla,1,1,1,0YU50JZ,0,False,False,False
HERNIOPLASTIA INGUINAL IZQUIERDA,1,1,1,0YU60JZ,0,False,False,False
HERNIORRAFIA UMBILICAL,1,1,1,0WUF4JZ,0,False,False,False
HID recidivada,1,1,1,K4091,K,False,False,False
HIDRONEFROSIS LITIASIS,1,1,1,N132,N,False,False,False
HIDRONEFROSIS congenita,1,1,1,Q6211,Q,False,False,False
HIDROSADENITIS inguinal,1,1,1,L732,L,False,False,False
HIDROSALPINX IZQUIERDO,1,1,1,N7011,N,False,False,False
HIJO DE MADRE DIABETICA,1,1,1,P701,P,False,False,False
HIPERCOLESTEROLEMIA,1,1,1,E7800,E,False,False,False
HIPERCOLESTEROLÈMIA,1,1,1,E7800,E,False,False,False
HIPERCOLESTEROLÈMIA PURA,1,1,1,E7800,E,False,False,False
HIPEREMESIS GRAVIDICA,1,1,1,O210,O,False,False,False
HIPEREMESIS GRAVÍDICA,1,1,1,O210,O,False,False,False
HIPEREOSINOFILIA,1,1,1,2883,2,False,False,False
HIPERGLUCEMIA,1,1,1,R739,R,False,False,False
HIPERLIPIDÈMIA,1,1,1,E785,E,False,False,False
HIPERNATREMIA,1,1,1,E870,E,False,False,False
HIPERPARATIROIDISMO SECUNDARIO,1,1,1,E211,E,False,False,False
HIPERPARATIROIDIsMO PRIMARIO,1,1,1,E210,E,False,False,False
HIPERPLASIA SUPRARRENAL CONGÉNITA,1,1,1,E250,E,False,False,False
HIPERTENSION ESENCIAL,1,1,1,I10,I,False,False,False
HIPERTENSIÓ irc,1,1,1,40390,4,False,False,False
HIPERTENSIÓN ESENCIAL,1,1,1,I10,I,False,False,False
HIPERTENSIÓN PORTAL,1,1,1,K766,K,False,False,False
HIPERTIROIDISMO AUTOINMUNE,1,1,1,E0590,E,False,False,False
HIPERTROFIA NO ESPECIFICADA DE VULVA,1,1,1,N9060,N,False,False,False
HIPERTROFIA UTERO,1,1,1,6212,6,False,False,False
HIPERURICÈMIA,1,1,1,E790,E,False,False,False
HIPOACUSIA BILATERAL,1,1,1,H9193,H,False,False,False
HIPOESTESIA,1,1,1,7820,7,False,False,False
HIPOGLICEMIA,1,1,1,E162,E,False,False,False
HIPOGLUCEMIA NEONATAL,1,1,1,P704,P,False,False,False
HIPOGLUCEMIA NEONATAL PRECOZ,1,1,1,P704,P,False,False,False
HIPOPLASICO cae,1,1,1,74402,7,False,False,False
HIPOSPADIAS SUBCORONAL,1,1,1,Q540,Q,False,False,False
HIPOTIR PARTO,1,1,1,O99284,O,False,False,False
HIPOTIROIDISMO,1,1,1,E039,E,False,False,False
HIPOTIROIDISMO POR LITIO,1,1,1,T43595S,T,False,False,False
HIPOTIROIDISMO part,1,1,1,O99284,O,False,False,False
HIPOTIROÏDISME,1,1,1,2449,2,False,False,False
HISTERECTOMIA LAPAROSCOPICA,1,1,1,0UT94ZZ,0,False,False,False
HISTERECTOMIA TOTAL,1,1,1,0UT90ZZ,0,False,False,False
HISTERECTOMIA VIA VAGINAL,1,1,1,0UT97ZZ,0,False,False,False
HISTERECTOMÍA,1,1,1,0UT90ZZ,0,False,False,False
HISTERECTOMÍA ABDOMINAL,1,1,1,0UT90ZZ,0,False,False,False
HISTERECTOMÍA LAPAROSCOPIA,1,1,1,0UT94ZZ,0,False,False,False
HISTERECTOMÍA SUBTOTAL,1,1,1,0UT90ZL,0,False,False,False
HISTERECTOMÍA TOTAL LAPAROSCÓPICA,1,1,1,0UT94ZZ,0,False,False,False
HISTERECTOMÍA TOTAL SIMPLE,1,1,1,0UT90ZZ,0,False,False,False
HISTERECTOMÍA TOTAL lap,1,1,1,0UT94ZZ,0,False,False,False
HISTERECTOMÍA TOTAL laparoscopica,1,1,1,0UT94ZZ,0,False,False,False
HISTERECTOMÍA laPAROSCÓPICA,1,1,1,0UT94ZZ,0,False,False,False
HISTERECTOMÍA total abd,1,1,1,0UTC0ZZ,0,False,False,False
HISTEROSCÓPICA QUIRÚRGICA,1,1,1,0UB98ZZ,0,False,False,False
HISTORIA CA MAMA,1,1,1,V103,V,False,False,False
HISTORIA infecciones de orina,1,1,1,V1302,V,False,False,False
HITERECTOMIA,1,1,1,Z90710,Z,False,False,False
HIV,1,1,1,Z21,Z,False,False,False
HIV part,1,1,1,Z21,Z,False,False,False
HIV parto,1,1,1,Z21,Z,False,False,False
HIerro,1,1,1,9929,9,False,False,False
HIpotiroidismo,1,1,1,E039,E,False,False,False
HLP,1,1,1,E785,E,False,False,False
HOSP,1,1,1,E8497,E,False,False,False
HOSp,1,1,1,E8497,E,False,False,False
HPB,1,1,1,60020,6,False,False,False
HPV,1,1,1,B977,B,False,False,False
HT pulmonar,1,1,1,I2720,I,False,False,False
HTA Enfermedad renal crónica estadio IIIA,1,1,1,I129,I,False,False,False
HTA Pulmonar,1,1,1,I2720,I,False,False,False
HTA anteparto,1,1,1,64203,6,False,False,False
HTA en gestante,1,1,1,64231,6,False,False,False
HTA gestacional,1,1,1,O133,O,False,False,False
HTA gestacional anteparto,1,1,1,64233,6,False,False,False
HTA gestacional part,1,1,1,O134,O,False,False,False
HTA iRC 5 icc,1,1,1,I509,I,False,False,False
HTA irc 2,1,1,1,I129,I,False,False,False
HTA irc 3b,1,1,1,N1832,N,False,False,False
HTA madre rn,1,1,1,P000,P,False,False,False
HTAIRC,1,1,1,40390,4,False,False,False
HTAP,1,1,1,I2720,I,False,False,False
HTP moderada,1,1,1,I2720,I,False,False,False
Ha dejado de fumar,1,1,1,Z87891,Z,False,False,False
Hallux valgus 3,1,1,1,0QBP3ZZ,0,False,False,False
Hallux valgus derecho,1,1,1,M2011,M,False,False,False
Hallux valgus izquierdo 3,1,1,1,0Q8P3ZZ,0,False,False,False
Hallux valgus pie izquierdo,1,1,1,M2012,M,False,False,False
Hashimoto part,1,1,1,E063,E,False,False,False
Hemangioma Hepatico,1,1,1,D1803,D,False,False,False
Hemangioma hepatico,1,1,1,22804,2,False,False,False
Hemangiomas hepáticos,1,1,1,D1803,D,False,False,False
Hemartrosi genoll,1,1,1,71916,7,False,False,False
Hematoma postIQ,1,1,1,99812,9,False,False,False
Hematoma postquirurgic,1,1,1,99812,9,False,False,False
Hematoma sobreinfectado,1,1,1,99812,9,False,False,False
Hematoquecia,1,1,1,K921,K,False,False,False
Hematosalpinx,1,1,1,N836,N,False,False,False
Hematuria,1,1,1,R319,R,False,False,False
Hematèmesi,1,1,1,K920,K,False,False,False
Hematúria,1,1,1,R319,R,False,False,False
Hematúria macroscòpica,1,1,1,59971,5,False,False,False
Hemianòpsia esquerra,1,1,1,H53452,H,False,False,False
Hemibloqueo anterior,1,1,1,4262,4,False,False,False
Hemibloqueo anterior de rama izquierda,1,1,1,I444,I,False,False,False
Hemicolectomia derecha,1,1,1,Z9049,Z,False,False,False
Hemicolectomía,1,1,1,Z9049,Z,False,False,False
Hemicolectomía derecha,1,1,1,Z9049,Z,False,False,False
Hemicolectomía izquierda,1,1,1,Z9049,Z,False,False,False
Hemiparesia izquierda,1,1,1,G8194,G,False,False,False
Hemiplejia,1,1,1,34290,3,False,False,False
Hemitiroidectomia parto,1,1,1,64811,6,False,False,False
Hemitiroidectomía izquierdo,1,1,1,062,0,False,False,False
Hemivértebra,1,1,1,Q7649,Q,False,False,False
Hemocromatosis,1,1,1,E83119,E,False,False,False
Hemocultivo,1,1,1,7907,7,False,False,False
Hemodialisis,1,1,1,Z992,Z,False,False,False
Hemofília A grave,1,1,1,D66,D,False,False,False
Hemoglobinopatía,1,1,1,D582,D,False,False,False
Hemoperitoneo,1,1,1,K661,K,False,False,False
Hemoperitoneo postquirúrgico,1,1,1,99811,9,False,False,False
Hemoptisis,1,1,1,R042,R,False,False,False
Hemorragia Postparto,1,1,1,O721,O,False,False,False
Hemorragia digestiva baja,1,1,1,5789,5,False,False,False
Hemorragia posparto,1,1,1,O721,O,False,False,False
Hemorragia post parto,1,1,1,O721,O,False,False,False
Hemorragia post-parto,1,1,1,O721,O,False,False,False
Hemorragia puerperal,1,1,1,O721,O,False,False,False
Hemorragía postparto,1,1,1,O721,O,False,False,False
Hemorriodes,1,1,1,K649,K,False,False,False
Hemorroide pp,1,1,1,O872,O,False,False,False
Hemorroides externas,1,1,1,4553,4,False,False,False
Hemorroides grado IV,1,1,1,K643,K,False,False,False
Hemorroides int,1,1,1,K648,K,False,False,False
Hemorroides pp,1,1,1,O872,O,False,False,False
Hemorroides puerperal,1,1,1,O872,O,False,False,False
Hemorrragia posparto,1,1,1,O721,O,False,False,False
Hepatitis B,1,1,1,Z2251,Z,False,False,False
Hepatitis B cronica,1,1,1,B181,B,False,False,False
Hepatitis B crónica,1,1,1,B181,B,False,False,False
Hepatitis B part,1,1,1,O9842,O,False,False,False
Hepatitis B.,1,1,1,B181,B,False,False,False
Hepatitis C part,1,1,1,B182,B,False,False,False
Hepatitis aguda,1,1,1,5733,5,False,False,False
Hepatitis autoinmune,1,1,1,57142,5,False,False,False
Hepatitis c,1,1,1,07054,0,False,False,False
Hepatoblastoma,1,1,1,1550,1,False,False,False
Hepatomegalia,1,1,1,R160,R,False,False,False
Hepatopatía,1,1,1,K769,K,False,False,False
Hepatopatía alcohólica,1,1,1,5713,5,False,False,False
Hepatopatía congestiva,1,1,1,K761,K,False,False,False
Hepatopatía crónica,1,1,1,K769,K,False,False,False
Hepatopatía enólica,1,1,1,K709,K,False,False,False
Herida labio inferior,1,1,1,87343,8,False,False,False
Hermana Ca de mama,1,1,1,Z803,Z,False,False,False
Hermana Ca mama,1,1,1,Z803,Z,False,False,False
Hermana ca de mama,1,1,1,V163,V,False,False,False
Hermana ca mama,1,1,1,Z803,Z,False,False,False
Hermana: Cancer de ovario,1,1,1,Z8041,Z,False,False,False
Hermana: cáncer de mama,1,1,1,Z803,Z,False,False,False
Hernia Hiato parto,1,1,1,O9962,O,False,False,False
Hernia Inguinal Derecha,1,1,1,K4090,K,False,False,False
Hernia L5-S1,1,1,1,M5127,M,False,False,False
Hernia cervical,1,1,1,M5020,M,False,False,False
Hernia de Hiato,1,1,1,5533,5,False,False,False
Hernia de Hiato.,1,1,1,K449,K,False,False,False
Hernia de Hiato. -,1,1,1,K449,K,False,False,False
Hernia de hiato. -,1,1,1,K449,K,False,False,False
Hernia de hiatus,1,1,1,K449,K,False,False,False
Hernia diafragmatica,1,1,1,K449,K,False,False,False
Hernia diafragmática,1,1,1,5533,5,False,False,False
Hernia diafragmática congénita,1,1,1,Q790,Q,False,False,False
Hernia discal,1,1,1,M519,M,False,False,False
Hernia discal C4-C5,1,1,1,M50221,M,False,False,False
Hernia discal L3-L4,1,1,1,M5126,M,False,False,False
Hernia discal cervical parto,1,1,1,O9989,O,False,False,False
Hernia discal lumbar,1,1,1,M5126,M,False,False,False
Hernia d´hiatus,1,1,1,5533,5,False,False,False
Hernia epigastrica,1,1,1,K439,K,False,False,False
Hernia epigástrica,1,1,1,K439,K,False,False,False
Hernia hiatal,1,1,1,5533,5,False,False,False
Hernia hiato part,1,1,1,O9962,O,False,False,False
Hernia incisional,1,1,1,55321,5,False,False,False
Hernia incisional incarcerada,1,1,1,K430,K,False,False,False
Hernia inguinal derecha,1,1,1,0YU50JZ,0,False,False,False
Hernia inguinal derecha directa,1,1,1,5303,5,False,False,False
Hernia inguinal izquierda incarcerada,1,1,1,55010,5,False,False,False
Hernia inguinalderecha,1,1,1,K4020,K,False,False,False
Hernia lumbar,1,1,1,M5126,M,False,False,False
Hernia umbilical lap,1,1,1,5342,5,False,False,False
Hernia umbilical parto,1,1,1,O9962,O,False,False,False
Hernias discales,1,1,1,M519,M,False,False,False
Hernias discales LUMBAR,1,1,1,M5126,M,False,False,False
Hernioplastia Lichtenstein,1,1,1,0YU50KZ,0,False,False,False
Hernioplastia inguinal derecha con malla,1,1,1,0YU50JZ,0,False,False,False
Hernioplastia inguinal izquierda,1,1,1,0YQ60ZZ,0,False,False,False
Herniorrafia inguinal derecha,1,1,1,5300,5,False,False,False
Herniorrafia inguinal izquierda,1,1,1,5300,5,False,False,False
Herniorrafia umbilical,1,1,1,0WQF0ZZ,0,False,False,False
Herniorrafia umbilical lap,1,1,1,5342,5,False,False,False
Herpes Zoster parto,1,1,1,O9832,O,False,False,False
Herpes corneal,1,1,1,B0052,B,False,False,False
Herpes genital part,1,1,1,O9832,O,False,False,False
Herpes oftálmico,1,1,1,B0050,B,False,False,False
Herpes zoster,1,1,1,B029,B,False,False,False
Hidrocefalia,1,1,1,3314,3,False,False,False
Hidrocefalia congénita,1,1,1,Q038,Q,False,False,False
Hidronefrosi congenita,1,1,1,75329,7,False,False,False
Hidronefrosis,1,1,1,N1330,N,False,False,False
Hidronefrosis congenita,1,1,1,75329,7,False,False,False
Hidronefrosis congénita,1,1,1,75329,7,False,False,False
Hidronefrosis fetal parto,1,1,1,65581,6,False,False,False
Hidronefrosis obstructiva,1,1,1,591,5,False,False,False
Hidrosalpinx,1,1,1,6141,6,False,False,False
Hidrosalpinx bilateral,1,1,1,N7011,N,False,False,False
Hidrosalpinx izquierdo,1,1,1,N7011,N,False,False,False
Hierro,1,1,1,9929,9,False,False,False
Hierro endovenoso,1,1,1,9929,9,False,False,False
Hierroterapia,1,1,1,9929,9,False,False,False
Hija de madre VIH,1,1,1,Z206,Z,False,False,False
Hiper-PTH secundaria,1,1,1,E211,E,False,False,False
Hiperactividad bronquial,1,1,1,51919,5,False,False,False
Hiperactividad del detrusor,1,1,1,N3281,N,False,False,False
HiperaldosteronismO secundario,1,1,1,25514,2,False,False,False
Hiperaldosteronismo,1,1,1,E269,E,False,False,False
Hiperbilirrubinemia,1,1,1,E806,E,False,False,False
Hipercalemia,1,1,1,E875,E,False,False,False
Hipercolesterolema,1,1,1,E7800,E,False,False,False
Hipercolesterolemia familiar,1,1,1,E7801,E,False,False,False
Hipercolesterolemia leve,1,1,1,E7800,E,False,False,False
Hipercolesterolemia pura,1,1,1,E7800,E,False,False,False
Hipercolesterolèmia,1,1,1,E7800,E,False,False,False
Hipercolesterolèmia parto,1,1,1,2720,2,False,False,False
Hipercolesteromia,1,1,1,E7800,E,False,False,False
Hipercolsterolemia,1,1,1,E7800,E,False,False,False
Hiperemesis gravidica,1,1,1,O210,O,False,False,False
Hiperferritinemia,1,1,1,E8319,E,False,False,False
Hiperfibrinolisis,1,1,1,D65,D,False,False,False
Hipergammaglobulinemia policlonal,1,1,1,D890,D,False,False,False
Hiperglicemia dm,1,1,1,25090,2,False,False,False
Hiperglicemias,1,1,1,R739,R,False,False,False
Hiperglucemias,1,1,1,R739,R,False,False,False
Hiperhidratación,1,1,1,9918,9,False,False,False
Hiperhidrosis palmo-plantar,1,1,1,L74512,L,False,False,False
Hiperhidrosis palmoplantar,1,1,1,70521,7,False,False,False
Hiperinsulinismo congénito,1,1,1,2511,2,False,False,False
Hiperlipemia,1,1,1,E785,E,False,False,False
Hiperlipemia mixta,1,1,1,E782,E,False,False,False
Hiperlipidèmia,1,1,1,E785,E,False,False,False
Hiperlipoproteinemia tipo IIb,1,1,1,E782,E,False,False,False
Hiperlordosis lumbar,1,1,1,M4056,M,False,False,False
Hipermenorrea,1,1,1,N920,N,False,False,False
Hipermenorrees,1,1,1,6262,6,False,False,False
Hipernatremia rn,1,1,1,P741,P,False,False,False
Hiperolesterolemia,1,1,1,E7800,E,False,False,False
Hiperoxaluria,1,1,1,E7253,E,False,False,False
Hiperparatirodismo,1,1,1,E213,E,False,False,False
Hiperparatiroidismo parto,1,1,1,E213,E,False,False,False
Hiperparatiroidismo secundario a ERC,1,1,1,N2581,N,False,False,False
Hiperparatiroidismo secundario a déficit de vit D,1,1,1,E211,E,False,False,False
Hiperparatiroidismo secundario a hipovitaminosis D,1,1,1,E211,E,False,False,False
Hiperparatiroidismo secundario renal,1,1,1,N2581,N,False,False,False
Hiperparatiroïdisme,1,1,1,E213,E,False,False,False
Hiperparatiroïdismo,1,1,1,25201,2,False,False,False
Hiperplasia Benigna de Próstata,1,1,1,60020,6,False,False,False
Hiperplasia Benigna de próstata,1,1,1,60000,6,False,False,False
Hiperplasia adenoamigdalar,1,1,1,47410,4,False,False,False
Hiperplasia benigna de prostata,1,1,1,N400,N,False,False,False
Hiperplasia benigna próstata,1,1,1,60020,6,False,False,False
Hiperplasia beningna de prostata,1,1,1,60000,6,False,False,False
Hiperplasia de prostata amb obstruccio urinaria,1,1,1,N401,N,False,False,False
Hiperplasia prostatica benigna,1,1,1,N400,N,False,False,False
Hiperplasia simple sin atipia,1,1,1,N8501,N,False,False,False
Hiperplasia suprarenal congénita,1,1,1,E250,E,False,False,False
Hiperplasia suprarrenal congenita,1,1,1,E250,E,False,False,False
Hiperplasia suprarrenal congénita,1,1,1,E250,E,False,False,False
Hiperpotasemia,1,1,1,2767,2,False,False,False
Hiperprolactinemia part,1,1,1,E221,E,False,False,False
Hiperprolactinemia parto,1,1,1,E221,E,False,False,False
Hiperreactividad bronquial,1,1,1,J9809,J,False,False,False
Hiperreactividad broquial,1,1,1,J9809,J,False,False,False
Hiperreactivitat bronquial,1,1,1,51919,5,False,False,False
Hiperrreactividad bronquial,1,1,1,51919,5,False,False,False
Hipertension,1,1,1,I10,I,False,False,False
Hipertension materna,1,1,1,O133,O,False,False,False
Hipertensió arterial irc,1,1,1,40390,4,False,False,False
Hipertensió pulmonar,1,1,1,I2720,I,False,False,False
Hipertensión,1,1,1,I10,I,False,False,False
Hipertensión Arterial,1,1,1,4019,4,False,False,False
Hipertensión Enfermedad renal crónica,1,1,1,I129,I,False,False,False
Hipertensión Insufiencia renal crónica estadio 3,1,1,1,I129,I,False,False,False
Hipertensión arterial Insuficiencia renal crónica,1,1,1,I129,I,False,False,False
Hipertensión arterial esencial,1,1,1,I10,I,False,False,False
Hipertensión arterial gestacion parto,1,1,1,64231,6,False,False,False
Hipertensión arterial irc,1,1,1,40390,4,False,False,False
Hipertensión arterial irc 5,1,1,1,40391,4,False,False,False
Hipertensión intracraneal benigna,1,1,1,3482,3,False,False,False
Hipertensión irc,1,1,1,N189,N,False,False,False
Hipertensión ocular,1,1,1,36504,3,False,False,False
Hipertensión portal,1,1,1,K766,K,False,False,False
Hipertensión puerperal,1,1,1,O165,O,False,False,False
Hipertensión pulmonar moderada,1,1,1,I2720,I,False,False,False
Hipertensión pulmonar rn,1,1,1,P293,P,False,False,False
Hipertensión pulmonar severa,1,1,1,4168,4,False,False,False
Hipertensión secundaria,1,1,1,40599,4,False,False,False
Hipertiroidismo anteparto,1,1,1,64813,6,False,False,False
Hipertiroidismo primario,1,1,1,E0590,E,False,False,False
Hipertransaminemia,1,1,1,R7401,R,False,False,False
Hipertrigliceridemia parto,1,1,1,O99284,O,False,False,False
Hipertrigliciridemia,1,1,1,E781,E,False,False,False
Hipertrofia aDENOIDE,1,1,1,47412,4,False,False,False
Hipertrofia adenoamigdalar,1,1,1,47410,4,False,False,False
Hipertrofia adenoidea,1,1,1,J352,J,False,False,False
Hipertrofia adenoidea e hipertrofia amigdalar,1,1,1,47410,4,False,False,False
Hipertrofia adenoides,1,1,1,J352,J,False,False,False
Hipertrofia amigdala,1,1,1,47411,4,False,False,False
Hipertrofia amigdalar adenoidea,1,1,1,47410,4,False,False,False
Hipertrofia amigdales,1,1,1,47411,4,False,False,False
Hipertrofia de cornete,1,1,1,J343,J,False,False,False
Hipertrofia de cornetes,1,1,1,J343,J,False,False,False
Hipertrofia prostática,1,1,1,N400,N,False,False,False
Hipertrofia turbinal,1,1,1,J343,J,False,False,False
Hipertrofia ventricular,1,1,1,I517,I,False,False,False
Hipertròfia adenoidea,1,1,1,47412,4,False,False,False
Hipertròfia cornets nasals,1,1,1,4780,4,False,False,False
Hiperuricemia,1,1,1,7906,7,False,False,False
Hiperuricemia asintomática,1,1,1,E790,E,False,False,False
Hiperuricémia,1,1,1,7906,7,False,False,False
Hipervitaminosis D,1,1,1,2784,2,False,False,False
Hipetensión arterial,1,1,1,I10,I,False,False,False
Hipo,1,1,1,R066,R,False,False,False
Hipoacudia neurosensorial bilateral,1,1,1,H903,H,False,False,False
Hipoacusia IZQUIERDA,1,1,1,H9192,H,False,False,False
Hipoacusia OI,1,1,1,H9192,H,False,False,False
Hipoacusia bilateral congénita,1,1,1,H903,H,False,False,False
Hipoacusia derecha,1,1,1,H9191,H,False,False,False
Hipoacusia mixta,1,1,1,38922,3,False,False,False
Hipoacusia neurosensorial,1,1,1,38910,3,False,False,False
Hipoacusia neurosensorial bilateral,1,1,1,H903,H,False,False,False
Hipoacusia severa,1,1,1,H9190,H,False,False,False
Hipoacúsia,1,1,1,H9190,H,False,False,False
Hipoalbuminemia,1,1,1,E8809,E,False,False,False
Hipocalcemia rn,1,1,1,P711,P,False,False,False
Hipocúsia,1,1,1,3899,3,False,False,False
Hipogammaglobulinemia,1,1,1,27900,2,False,False,False
Hipogammaglobulinèmia no familiar,1,1,1,D801,D,False,False,False
Hipoglicemia dm,1,1,1,25080,2,False,False,False
Hipoglucemia,1,1,1,E162,E,False,False,False
Hipoglucemia cetósica,1,1,1,E162,E,False,False,False
Hipoglucemias,1,1,1,2512,2,False,False,False
Hipoglucemias en dm,1,1,1,25080,2,False,False,False
Hipoglucèmia,1,1,1,E162,E,False,False,False
Hiponatremia rn,1,1,1,P744,P,False,False,False
Hipoparatiroidismo parto,1,1,1,E890,E,False,False,False
Hipopotasemia rn,1,1,1,P744,P,False,False,False
Hipoproteinemia,1,1,1,2738,2,False,False,False
Hiportiroidismo parto,1,1,1,2449,2,False,False,False
Hipospadias,1,1,1,Q549,Q,False,False,False
Hipospadias distal,1,1,1,Q542,Q,False,False,False
Hipospàdies,1,1,1,75261,7,False,False,False
Hipotension ortostática,1,1,1,I951,I,False,False,False
Hipotioidismo,1,1,1,E039,E,False,False,False
Hipotirodisimo PARTO,1,1,1,E039,E,False,False,False
Hipotirodismo,1,1,1,E039,E,False,False,False
Hipotirodismo anteparto,1,1,1,64813,6,False,False,False
Hipotirodismo central,1,1,1,E039,E,False,False,False
HipotiroidiSMO PART,1,1,1,O99284,O,False,False,False
Hipotiroididmo part,1,1,1,O99284,O,False,False,False
Hipotiroidisimo part,1,1,1,O99284,O,False,False,False
Hipotiroidisimo parto,1,1,1,E039,E,False,False,False
Hipotiroidisme,1,1,1,E039,E,False,False,False
Hipotiroidisme part,1,1,1,E039,E,False,False,False
Hipotiroidismo 1t,1,1,1,E039,E,False,False,False
Hipotiroidismo 2t,1,1,1,O99282,O,False,False,False
Hipotiroidismo Congénito,1,1,1,243,2,False,False,False
Hipotiroidismo Parto,1,1,1,O99284,O,False,False,False
Hipotiroidismo Tiroidectomía PARTO,1,1,1,E890,E,False,False,False
Hipotiroidismo congénito,1,1,1,E031,E,False,False,False
Hipotiroidismo gestacional,1,1,1,O99284,O,False,False,False
Hipotiroidismo getacional,1,1,1,O99284,O,False,False,False
Hipotiroidismo madre rn,1,1,1,P0089,P,False,False,False
Hipotiroidismo por tiroidectomia,1,1,1,E890,E,False,False,False
Hipotiroidismo postquirurgico,1,1,1,E890,E,False,False,False
Hipotiroidismo postquirúrgico,1,1,1,E890,E,False,False,False
Hipotiroidismo pregestacional,1,1,1,O99284,O,False,False,False
Hipotiroidismo primario autoinmune,1,1,1,E063,E,False,False,False
Hipotiroidismo quirúrgicas parto,1,1,1,O99284,O,False,False,False
Hipotiroidismo quirúrgico parto,1,1,1,O99284,O,False,False,False
Hipotiroidismo qx,1,1,1,E890,E,False,False,False
Hipotiroidismo tras tiroidectomía,1,1,1,E890,E,False,False,False
Hipotiroidsmo part,1,1,1,E039,E,False,False,False
Hipotiroidsmo parto,1,1,1,O99284,O,False,False,False
Hipotiroisdismo,1,1,1,2449,2,False,False,False
Hipotiroisimo parto,1,1,1,O99284,O,False,False,False
Hipotiroïdisme congènit,1,1,1,E031,E,False,False,False
Hipotonía rn,1,1,1,P942,P,False,False,False
Hipotoridismo,1,1,1,E039,E,False,False,False
Hipotoroidismo,1,1,1,E039,E,False,False,False
Hirschsprung,1,1,1,Q431,Q,False,False,False
Histerectomia Total,1,1,1,0UT90ZZ,0,False,False,False
Histerectomia laparoscopia,1,1,1,0UT94ZZ,0,False,False,False
Histerectomia laparoscópica,1,1,1,6841,6,False,False,False
Histerectomia subtotal,1,1,1,6839,6,False,False,False
Histerectomía Vaginal,1,1,1,0UT97ZZ,0,False,False,False
Histerectomía radical lap,1,1,1,6861,6,False,False,False
Histerectomía total LAP,1,1,1,6841,6,False,False,False
Histerectomía total lap,1,1,1,0UT94ZZ,0,False,False,False
Histerectomía total simple via vaginal,1,1,1,0UT97ZZ,0,False,False,False
Histerocele grado III,1,1,1,N813,N,False,False,False
Histeroscopia,1,1,1,0UJD8ZZ,0,False,False,False
Histeroscopia diagnostica,1,1,1,0UJD8ZZ,0,False,False,False
Histeroscopia quirúrgica,1,1,1,0UB98ZZ,0,False,False,False
Histeroscopía Quirúrgica,1,1,1,0UB98ZZ,0,False,False,False
Historia ca Vesical,1,1,1,Z8551,Z,False,False,False
Historia ca mama,1,1,1,Z853,Z,False,False,False
Historia de ACV,1,1,1,Z8673,Z,False,False,False
Historia de ACVA,1,1,1,Z8673,Z,False,False,False
Historia de Ablación cardíaca,1,1,1,Z8679,Z,False,False,False
Historia de Adenocarcinoma de próstata,1,1,1,Z8546,Z,False,False,False
Historia de Astrocitoma,1,1,1,Z85841,Z,False,False,False
Historia de CARCINOMA BASOCELULAR EN MEJILLA IZQUIERDA,1,1,1,Z85828,Z,False,False,False
Historia de COVID,1,1,1,Z8616,Z,False,False,False
Historia de Ca espinocelular,1,1,1,Z85828,Z,False,False,False
Historia de Cancer de mama,1,1,1,Z853,Z,False,False,False
Historia de Carcinoma de cèl·lules basals de pell,1,1,1,Z85828,Z,False,False,False
Historia de Carcinoma de mama derecha,1,1,1,Z853,Z,False,False,False
Historia de Cáncer de mama,1,1,1,Z853,Z,False,False,False
Historia de Cáncer de vejiga,1,1,1,Z8551,Z,False,False,False
Historia de Cólicos renales,1,1,1,Z87442,Z,False,False,False
Historia de Cólicos renales de repetición,1,1,1,Z87442,Z,False,False,False
Historia de FRACTURA,1,1,1,Z8781,Z,False,False,False
Historia de FX,1,1,1,Z8781,Z,False,False,False
Historia de Fumadora,1,1,1,Z87891,Z,False,False,False
Historia de Fx,1,1,1,Z8781,Z,False,False,False
Historia de Hemitiroidectomia,1,1,1,Z8639,Z,False,False,False
Historia de IAM,1,1,1,I252,I,False,False,False
Historia de Infarto cerebral,1,1,1,Z8673,Z,False,False,False
Historia de Infarto lacunar,1,1,1,Z8673,Z,False,False,False
Historia de LITIASIS RENAL,1,1,1,Z87442,Z,False,False,False
Historia de Linfoma,1,1,1,Z8572,Z,False,False,False
Historia de Litiasis renal,1,1,1,Z87442,Z,False,False,False
Historia de Maltractament,1,1,1,Z91419,Z,False,False,False
Historia de Mastectomía bilateral,1,1,1,Z9013,Z,False,False,False
Historia de Meniscectomia,1,1,1,Z8739,Z,False,False,False
Historia de Meniscectomía,1,1,1,Z8739,Z,False,False,False
Historia de Neo de mama,1,1,1,Z853,Z,False,False,False
Historia de Neoplasia de mama,1,1,1,Z853,Z,False,False,False
Historia de Neoplasia maligna de colon,1,1,1,Z85038,Z,False,False,False
Historia de Neumonía,1,1,1,Z8701,Z,False,False,False
Historia de Politrauma,1,1,1,Z87828,Z,False,False,False
Historia de Qt,1,1,1,Z9221,Z,False,False,False
Historia de Qtto,1,1,1,Z9221,Z,False,False,False
Historia de Quemadura,1,1,1,Z87828,Z,False,False,False
Historia de Quimioterapia,1,1,1,Z9221,Z,False,False,False
Historia de RADIOTERAPIA,1,1,1,Z923,Z,False,False,False
Historia de Radioterapia,1,1,1,Z923,Z,False,False,False
Historia de Rtto,1,1,1,Z923,Z,False,False,False
Historia de SARS CoV 2,1,1,1,Z8616,Z,False,False,False
Historia de SARS cov2,1,1,1,Z8616,Z,False,False,False
Historia de SARS-COV-2,1,1,1,Z8616,Z,False,False,False
Historia de SARS-COV2,1,1,1,Z8616,Z,False,False,False
Historia de SARS-CoV-2,1,1,1,Z8616,Z,False,False,False
Historia de SARS-Cov-2 (,1,1,1,Z8616,Z,False,False,False
Historia de SARSCOV2,1,1,1,Z8616,Z,False,False,False
Historia de Stent,1,1,1,Z955,Z,False,False,False
Historia de TAQUICARDIA,1,1,1,Z8679,Z,False,False,False
Historia de TBC,1,1,1,Z8611,Z,False,False,False
Historia de TEP,1,1,1,Z86711,Z,False,False,False
Historia de TROMBOSIS,1,1,1,Z86718,Z,False,False,False
Historia de TVP,1,1,1,Z86718,Z,False,False,False
Historia de Tabaquismo,1,1,1,Z87891,Z,False,False,False
Historia de Tiroidectomia,1,1,1,Z8639,Z,False,False,False
Historia de Tiroidectomía,1,1,1,Z8639,Z,False,False,False
Historia de Tromboflebitis,1,1,1,Z8672,Z,False,False,False
Historia de Tuberculosis,1,1,1,Z8611,Z,False,False,False
Historia de Tuberculosis pulmonar,1,1,1,Z8611,Z,False,False,False
Historia de Ulcus sangrante,1,1,1,Z8711,Z,False,False,False
Historia de acv,1,1,1,Z8673,Z,False,False,False
Historia de cancer de mama,1,1,1,Z853,Z,False,False,False
Historia de carcinoma de mama,1,1,1,Z853,Z,False,False,False
Historia de cáncer de mama izquierda,1,1,1,Z853,Z,False,False,False
Historia de cáncer de recto,1,1,1,Z85048,Z,False,False,False
Historia de cáncer de vejiga,1,1,1,Z8551,Z,False,False,False
Historia de cólicos renales,1,1,1,Z87442,Z,False,False,False
Historia de fractura,1,1,1,Z8781,Z,False,False,False
Historia de frctura,1,1,1,Z8781,Z,False,False,False
Historia de fumadora,1,1,1,Z87891,Z,False,False,False
Historia de fx,1,1,1,Z8781,Z,False,False,False
Historia de hemoptisis,1,1,1,Z8709,Z,False,False,False
Historia de linfoma,1,1,1,Z8572,Z,False,False,False
Historia de litiasis renal,1,1,1,Z87442,Z,False,False,False
Historia de meningioma,1,1,1,Z86011,Z,False,False,False
Historia de meningitis,1,1,1,Z8661,Z,False,False,False
Historia de neo de mama,1,1,1,Z853,Z,False,False,False
Historia de neoplasia de mama,1,1,1,Z853,Z,False,False,False
Historia de neumonías,1,1,1,Z8701,Z,False,False,False
Historia de quemaduras,1,1,1,Z87828,Z,False,False,False
Historia de quimioterapia,1,1,1,Z9221,Z,False,False,False
Historia de resección intestinal +,1,1,1,Z9049,Z,False,False,False
Historia de teratoma,1,1,1,Z86018,Z,False,False,False
Historia de tifus,1,1,1,Z8619,Z,False,False,False
Historia de trombosis,1,1,1,Z86718,Z,False,False,False
Historia de tuberculosa,1,1,1,Z8611,Z,False,False,False
Historia de tuberculosis,1,1,1,Z8611,Z,False,False,False
Historia de tuberculosis pulmonar,1,1,1,Z8611,Z,False,False,False
Historia de tumor de Wilms,1,1,1,Z85528,Z,False,False,False
Historia neo colon,1,1,1,Z85038,Z,False,False,False
Historia neo tiroides,1,1,1,Z85850,Z,False,False,False
Historia neoplasia pene,1,1,1,Z8549,Z,False,False,False
Historia neoplasia tiroide,1,1,1,Z85850,Z,False,False,False
Historia parto prematuridad,1,1,1,O09213,O,False,False,False
Historia tuberculosa,1,1,1,Z8611,Z,False,False,False
HoLEP,1,1,1,0VB08ZZ,0,False,False,False
Hombro doloroso,1,1,1,72610,7,False,False,False
Hospital,1,1,1,E8497,E,False,False,False
Hpv,1,1,1,0794,0,False,False,False
HÈRNIA HIATAL,1,1,1,K449,K,False,False,False
Hábito enólico:ocasional,1,1,1,30502,3,False,False,False
Hèrnia diafragmàtica,1,1,1,K449,K,False,False,False
Hèrnia diafragmàtica congènita,1,1,1,Q790,Q,False,False,False
Hèrnia hiatal,1,1,1,5533,5,False,False,False
Hèrnia incisional,1,1,1,K432,K,False,False,False
"Hèrnia incisional, amb obstrucció",1,1,1,K430,K,False,False,False
Hèrnia inguinal bilateral,1,1,1,K4020,K,False,False,False
Hígado esteatósico,1,1,1,K760,K,False,False,False
Hígado graso,1,1,1,K760,K,False,False,False
I venosa periférica,1,1,1,I872,I,False,False,False
I20.9,1,1,1,I209,I,False,False,False
I21.4,1,1,1,I214,I,False,False,False
I27.20,1,1,1,I2720,I,False,False,False
I27.83,1,1,1,I2783,I,False,False,False
I50.30,1,1,1,I5030,I,False,False,False
I50.814,1,1,1,I50814,I,False,False,False
I83.812,1,1,1,I83812,I,False,False,False
IAM historia,1,1,1,412,4,False,False,False
IAM inferior,1,1,1,41041,4,False,False,False
IC,1,1,1,4280,4,False,False,False
IC de predominio derecho,1,1,1,I50810,I,False,False,False
ICC,1,1,1,I509,I,False,False,False
III plano OIDA,1,1,1,O631,O,False,False,False
III plano OIDP,1,1,1,O631,O,False,False,False
III plano OIIP,1,1,1,O631,O,False,False,False
III plano OP,1,1,1,O631,O,False,False,False
ILE por T21,1,1,1,65513,6,False,False,False
ILE por Trisomia,1,1,1,O351XX0,O,False,False,False
ILE por hidrops fetal,1,1,1,65583,6,False,False,False
ILE por t21,1,1,1,O351XX0,O,False,False,False
ILE) por Trisomía 21,1,1,1,O351XX0,O,False,False,False
ILE) por trisomía 21,1,1,1,Z332,Z,False,False,False
ILEO PARALÍTICO,1,1,1,K560,K,False,False,False
ILPP pie izquierdo,1,1,1,0HRNX74,0,False,False,False
ILPP pierna derecha,1,1,1,0HRKX74,0,False,False,False
ILPP pierna izquierda,1,1,1,0HRLX74,0,False,False,False
IM it,1,1,1,I081,I,False,False,False
IM moderada,1,1,1,I340,I,False,False,False
IMC &gt;40,1,1,1,V8541,V,False,False,False
IMC &gt;40) -,1,1,1,Z6841,Z,False,False,False
IMC 28,1,1,1,Z6828,Z,False,False,False
IMC 31,1,1,1,Z6831,Z,False,False,False
IMC 31.,1,1,1,Z6831,Z,False,False,False
IMC 32,1,1,1,V8532,V,False,False,False
IMC 35,1,1,1,V8535,V,False,False,False
IMC 37,1,1,1,Z6837,Z,False,False,False
IMC 39,1,1,1,Z6839,Z,False,False,False
IMC 41.-,1,1,1,V8541,V,False,False,False
IMC 42,1,1,1,Z6841,Z,False,False,False
IMC 43,1,1,1,Z6841,Z,False,False,False
IMC 43'7,1,1,1,Z6841,Z,False,False,False
IMC 44,1,1,1,V8541,V,False,False,False
IMC 45,1,1,1,V8542,V,False,False,False
IMC 47,1,1,1,V8542,V,False,False,False
IMC 50,1,1,1,V8543,V,False,False,False
IMC 51,1,1,1,Z6843,Z,False,False,False
IMC 58,1,1,1,Z6843,Z,False,False,False
IMC: 31,1,1,1,Z6831,Z,False,False,False
IMC: 32,1,1,1,Z6832,Z,False,False,False
IMC: 33,1,1,1,Z6833,Z,False,False,False
IMC: 34,1,1,1,Z6834,Z,False,False,False
IMC: 35,1,1,1,Z6835,Z,False,False,False
IMC: 38,1,1,1,Z6838,Z,False,False,False
IMC: 38.,1,1,1,Z6838,Z,False,False,False
IMC: 44,1,1,1,Z6841,Z,False,False,False
IMC:35,1,1,1,Z6835,Z,False,False,False
IMC:38,1,1,1,Z6838,Z,False,False,False
IMC:46,1,1,1,V8542,V,False,False,False
IMC:48,1,1,1,V8542,V,False,False,False
IMc 39,1,1,1,V8539,V,False,False,False
INCONTINENCIA URINARIA,1,1,1,R32,R,False,False,False
INCONTINENCIA URINARIA DE ESFUERZO,1,1,1,N393,N,False,False,False
INCONTINENCIA URINARIA MIXTA,1,1,1,N3946,N,False,False,False
INCONTINENCIA URINARIA POST-PR,1,1,1,N393,N,False,False,False
INDUCCION,1,1,1,3E033VJ,3,False,False,False
INFECCIÓN DEL TRACTO URINARIO,1,1,1,N390,N,False,False,False
INFECCIÓN HERIDA QUIRÚRGICA,1,1,1,99859,9,False,False,False
INFECCIÓN RESPIRATORIA,1,1,1,J988,J,False,False,False
INR,1,1,1,79092,7,False,False,False
INR elevado,1,1,1,R791,R,False,False,False
INSOMNI,1,1,1,G4700,G,False,False,False
INSTILACIÓN DE mmc,1,1,1,3E0K805,3,False,False,False
INSUFICIENCIA CARDIACA,1,1,1,I509,I,False,False,False
INSUFICIENCIA CARDÍACA,1,1,1,4280,4,False,False,False
INSUFICIENCIA RENAL AGUDA,1,1,1,N179,N,False,False,False
INSUFICIENCIA RENAL CRONICA REAGUDIZADA,1,1,1,5849,5,False,False,False
INSUFICIENCIA RENAL CRÓNICA AGUDIZADA,1,1,1,N179,N,False,False,False
INSUFICIENCIA RESPIRATORIA CRONICA agud,1,1,1,51884,5,False,False,False
INSUFICIENCIA RESPIRATORIA CRÓNICA AGUDIZADA,1,1,1,J9620,J,False,False,False
INSUFICIENCIA VENOSA CRÓNICA,1,1,1,I872,I,False,False,False
INSUFICIÈNCIA VENOSA (PERIFÈRICA,1,1,1,45981,4,False,False,False
INSULINA,1,1,1,3E013VG,3,False,False,False
INSURE,1,1,1,0BH17EZ,0,False,False,False
INTOLERANCIA DIGESTIVA rn,1,1,1,P928,P,False,False,False
IQ hernia discal,1,1,1,V1359,V,False,False,False
IQ menisco,1,1,1,V1359,V,False,False,False
IR Crónica,1,1,1,N189,N,False,False,False
IRA,1,1,1,5849,5,False,False,False
IRA 2,1,1,1,51881,5,False,False,False
IRC 4,1,1,1,N184,N,False,False,False
IRC estadio IV,1,1,1,N184,N,False,False,False
IRc,1,1,1,5859,5,False,False,False
IT,1,1,1,I071,I,False,False,False
IT moderada,1,1,1,3970,3,False,False,False
ITU,1,1,1,N390,N,False,False,False
ITU Klebsiella,1,1,1,B961,B,False,False,False
ITU de repeticion,1,1,1,Z87440,Z,False,False,False
ITU de repetición,1,1,1,Z87440,Z,False,False,False
ITU de repitición,1,1,1,Z87440,Z,False,False,False
ITU e.coli,1,1,1,N390,N,False,False,False
ITU en puerperio,1,1,1,O8629,O,False,False,False
ITU rn,1,1,1,P393,P,False,False,False
ITU sonda vesical,1,1,1,T83511A,T,False,False,False
ITU's de repetición,1,1,1,Z87440,Z,False,False,False
ITUS DE REPETICIÓN,1,1,1,Z87440,Z,False,False,False
ITUS de repetición,1,1,1,Z87440,Z,False,False,False
ITUS de repetición parto,1,1,1,O26833,O,False,False,False
ITUS derepetición,1,1,1,Z87440,Z,False,False,False
ITUS repetición,1,1,1,V1302,V,False,False,False
ITUs de repeticion,1,1,1,Z87440,Z,False,False,False
ITUs de repetició,1,1,1,Z87440,Z,False,False,False
ITUs de repetición,1,1,1,Z87440,Z,False,False,False
ITUs de repeticón,1,1,1,Z87440,Z,False,False,False
ITUs frecuentes,1,1,1,V1302,V,False,False,False
ITUs repeticion,1,1,1,Z87440,Z,False,False,False
IUM,1,1,1,78833,7,False,False,False
IVC,1,1,1,I872,I,False,False,False
Ibuprofeno,1,1,1,T39315A,T,False,False,False
Ictericia rn,1,1,1,P599,P,False,False,False
Ictus isquémico h,1,1,1,V1254,V,False,False,False
Ileitis,1,1,1,5589,5,False,False,False
Ileo adinámico,1,1,1,5601,5,False,False,False
Ileo paralítico,1,1,1,5601,5,False,False,False
Ileo paralítico qx,1,1,1,99749,9,False,False,False
Impactacion fecal,1,1,1,K5641,K,False,False,False
Impactació fecal,1,1,1,K5641,K,False,False,False
Implante LIO od,1,1,1,08RJ3JZ,0,False,False,False
Implante coclear,1,1,1,Z9621,Z,False,False,False
Implante de prótesis mama,1,1,1,8553,8,False,False,False
Implante peritoneo,1,1,1,C786,C,False,False,False
Incidentaloma suprarrenal izquierdo,1,1,1,D3502,D,False,False,False
Incompatibilidad RH,1,1,1,O360130,O,False,False,False
Incompatibilidad Rh,1,1,1,O360130,O,False,False,False
Incompetencia cervical,1,1,1,N883,N,False,False,False
Incompetencia cervical 2t,1,1,1,O3432,O,False,False,False
Incontinencia,1,1,1,R159,R,False,False,False
Incontinencia Urinaria de Esfuerzo,1,1,1,N393,N,False,False,False
Incontinencia de orina,1,1,1,R32,R,False,False,False
Incontinencia fecal,1,1,1,78760,7,False,False,False
Incontinencia fecal y urinaria,1,1,1,R32,R,False,False,False
Incontinencia urinaria de urgencia,1,1,1,N3941,N,False,False,False
Incontinencia urinaria mixta,1,1,1,78833,7,False,False,False
Incontinència d'esforç femenina,1,1,1,6256,6,False,False,False
Incontinència urinària,1,1,1,78830,7,False,False,False
Indometacina rectal,1,1,1,3E0H73Z,3,False,False,False
Induccion,1,1,1,3E033VJ,3,False,False,False
Induccion medica,1,1,1,3E033VJ,3,False,False,False
Induccion médica,1,1,1,3E033VJ,3,False,False,False
Inducción,1,1,1,3E033VJ,3,False,False,False
Inducción médica,1,1,1,3E033VJ,3,False,False,False
Indución,1,1,1,3E033VJ,3,False,False,False
Inestabilitat uretral,1,1,1,59983,5,False,False,False
Infart cerebral no especificat,1,1,1,I639,I,False,False,False
Infart de miocardi sense elevació del segment ST,1,1,1,I214,I,False,False,False
Infarto agudo de miocardio,1,1,1,41091,4,False,False,False
Infarto lacunar crónico,1,1,1,I6782,I,False,False,False
Infeccio respiratoria,1,1,1,5198,5,False,False,False
Infeccio respiratoria vies baixes,1,1,1,5198,5,False,False,False
Infecciones de orina de repetición,1,1,1,Z87440,Z,False,False,False
Infecciones urinarias repetición,1,1,1,V1302,V,False,False,False
Infecció del tracte urinari,1,1,1,N390,N,False,False,False
Infecció ferida quirúrgica,1,1,1,99859,9,False,False,False
Infecció vírica,1,1,1,B349,B,False,False,False
Infección de herida quirúrgica,1,1,1,99859,9,False,False,False
Infección de la herida quirúrgica,1,1,1,T8140XA,T,False,False,False
Infección de orina,1,1,1,N390,N,False,False,False
Infección de vías respiratorias bajas,1,1,1,J22,J,False,False,False
Infección de vías urinarias,1,1,1,5990,5,False,False,False
Infección del tracto urinario,1,1,1,N390,N,False,False,False
Infección odontógena,1,1,1,5224,5,False,False,False
Infección por VHC,1,1,1,07054,0,False,False,False
Infección por VRS,1,1,1,B974,B,False,False,False
Infección urinaria,1,1,1,5990,5,False,False,False
Infeciones del tracto urinario ) de repetición,1,1,1,Z87440,Z,False,False,False
Infertilidad primaria,1,1,1,N979,N,False,False,False
Infliximab,1,1,1,3E0330M,3,False,False,False
Ingesta de cáustico,1,1,1,9839,9,False,False,False
Ingreso social,1,1,1,Z763,Z,False,False,False
Inhibicion de la lactancia,1,1,1,O925,O,False,False,False
Inhibición de la lactancia,1,1,1,O925,O,False,False,False
Inhibición de lactancia,1,1,1,O925,O,False,False,False
Injecció intravítrea,1,1,1,3E0C3GC,3,False,False,False
Inmunodeficiència Combinada,1,1,1,2792,2,False,False,False
Inserción DIU,1,1,1,Z30430,Z,False,False,False
Inserción velamentosa de cordón,1,1,1,O43123,O,False,False,False
Institucionalizada en Residencia,1,1,1,Z593,Z,False,False,False
Insuf mitral,1,1,1,4240,4,False,False,False
Insuficencia venosa crónica,1,1,1,I872,I,False,False,False
Insuficienca respiratoria crónica agud,1,1,1,51884,5,False,False,False
Insuficiencia Mitral parto,1,1,1,I340,I,False,False,False
Insuficiencia Respiratoria crónica hipercápnica,1,1,1,J9612,J,False,False,False
Insuficiencia Suprarrenal,1,1,1,E2740,E,False,False,False
Insuficiencia Venosa,1,1,1,I872,I,False,False,False
Insuficiencia Venosa Crónica,1,1,1,I872,I,False,False,False
Insuficiencia cardiaca,1,1,1,I509,I,False,False,False
Insuficiencia cardiaca izquierda,1,1,1,4281,4,False,False,False
Insuficiencia cardio-respiratoria,1,1,1,51881,5,False,False,False
Insuficiencia cardíaca: cardiopatía hipertensiva,1,1,1,4280,4,False,False,False
Insuficiencia cardíca,1,1,1,4280,4,False,False,False
Insuficiencia mitral moderada,1,1,1,4240,4,False,False,False
Insuficiencia mitral parto,1,1,1,O9942,O,False,False,False
Insuficiencia mitral severa,1,1,1,I340,I,False,False,False
Insuficiencia mitral y aórtica,1,1,1,I080,I,False,False,False
Insuficiencia mitral y tricuspídea,1,1,1,I081,I,False,False,False
Insuficiencia renal aguda,1,1,1,5849,5,False,False,False
Insuficiencia renal aguda obstructiva,1,1,1,N179,N,False,False,False
Insuficiencia renal cronica,1,1,1,5859,5,False,False,False
Insuficiencia renal crónica,1,1,1,N189,N,False,False,False
Insuficiencia renal crónica reagudizada,1,1,1,5849,5,False,False,False
Insuficiencia renal rn,1,1,1,N179,N,False,False,False
Insuficiencia respiratoria aguda,1,1,1,51881,5,False,False,False
Insuficiencia respiratoria aguda rn,1,1,1,P285,P,False,False,False
Insuficiencia respiratoria crónica,1,1,1,J9610,J,False,False,False
Insuficiencia respiratoria crónica agudizada,1,1,1,51884,5,False,False,False
Insuficiencia respiratoria hipercápnica crónica,1,1,1,51883,5,False,False,False
Insuficiencia respiratoria hipoxémica aguda,1,1,1,J9601,J,False,False,False
Insuficiencia suprarrenal,1,1,1,E2740,E,False,False,False
Insuficiencia valvula pulmonar,1,1,1,I378,I,False,False,False
Insuficiencia venosa cronica,1,1,1,45981,4,False,False,False
Insuficiencia venosa crónica,1,1,1,45981,4,False,False,False
Insuficiencia venosa eeii,1,1,1,I872,I,False,False,False
Insuficiencia venosa part,1,1,1,O9942,O,False,False,False
Insuficiencia venosa periferica,1,1,1,I872,I,False,False,False
Insuficiencia venosa perifèrica,1,1,1,45981,4,False,False,False
Insuficiencia venosa superficial,1,1,1,I872,I,False,False,False
Insuficiencia válvula aórtica,1,1,1,I080,I,False,False,False
Insuficienica tricuspidea,1,1,1,3970,3,False,False,False
Insuficiència aòrtica,1,1,1,I351,I,False,False,False
Insuficiència cardíaca,1,1,1,I509,I,False,False,False
Insuficiència cardíaca congestiva,1,1,1,4280,4,False,False,False
Insuficiència cardíaca diastòlica aguda,1,1,1,42833,4,False,False,False
Insuficiència cardíaca dreta,1,1,1,I50810,I,False,False,False
Insuficiència mitral reumàtica,1,1,1,I051,I,False,False,False
Insuficiència renal cronica,1,1,1,5859,5,False,False,False
Insuficiència renal crònica,1,1,1,5859,5,False,False,False
Insuficiència renal crònica moderada,1,1,1,5853,5,False,False,False
Insuficiència respiratòria cronica aguda,1,1,1,51884,5,False,False,False
Insuficiència respiratòria crònica aguditzada,1,1,1,51884,5,False,False,False
Insuficiència respiratòria crònica agudo,1,1,1,51884,5,False,False,False
Insufiencia renal crónica,1,1,1,5859,5,False,False,False
Insufuciencia mitral y aórtica,1,1,1,3963,3,False,False,False
Insulina,1,1,1,Z794,Z,False,False,False
Insulinoterapia,1,1,1,3E013VG,3,False,False,False
Insulinoteràpia,1,1,1,9917,9,False,False,False
Interrupción legal del embarazo,1,1,1,63590,6,False,False,False
Intertrigo,1,1,1,L304,L,False,False,False
Intertrigo candidiasico,1,1,1,B372,B,False,False,False
Intervención de meniscos,1,1,1,V1359,V,False,False,False
Intervenida de neoplasia de recto,1,1,1,V1006,V,False,False,False
Intervinguda d'hèrnia discal,1,1,1,V1359,V,False,False,False
Intolerancia Hidratos carbono parto,1,1,1,O9962,O,False,False,False
Intolerancia a la Fructosa,1,1,1,E7419,E,False,False,False
Intolerancia a la Lactosa,1,1,1,E739,E,False,False,False
Intolerancia a la Lactosa parto,1,1,1,E739,E,False,False,False
Intolerancia a la lactosa,1,1,1,E739,E,False,False,False
Intolerancia a los hidratos de carbono parto,1,1,1,O9962,O,False,False,False
Intolerancia digestiva rn,1,1,1,P928,P,False,False,False
Intolerante a la Lactosa parto,1,1,1,E739,E,False,False,False
Intolerante a lactosa parto,1,1,1,E7439,E,False,False,False
Intoxicacio amb benzodiazepines,1,1,1,9694,9,False,False,False
Intoxicación etílica,1,1,1,F10120,F,False,False,False
Intubación orotraqueal,1,1,1,0BH17EZ,0,False,False,False
Intussuscepció,1,1,1,K561,K,False,False,False
Invaginació intestinal,1,1,1,5600,5,False,False,False
Invaginación intestinal,1,1,1,K561,K,False,False,False
Irritabilidad,1,1,1,R454,R,False,False,False
Irritabilitat,1,1,1,R454,R,False,False,False
Isquemia crónica grado IV,1,1,1,44024,4,False,False,False
J00,1,1,1,J00,J,False,False,False
J06.9,1,1,1,J069,J,False,False,False
J12.1,1,1,1,J121,J,False,False,False
J12.2,1,1,1,J122,J,False,False,False
J21.0,1,1,1,J210,J,False,False,False
J22,1,1,1,J22,J,False,False,False
J69.0,1,1,1,J690,J,False,False,False
J96.00,1,1,1,J9600,J,False,False,False
J96.01,1,1,1,J9601,J,False,False,False
K.pneumoniae,1,1,1,B961,B,False,False,False
K08.89,1,1,1,K0889,K,False,False,False
K35.33,1,1,1,K3533,K,False,False,False
K40.20,1,1,1,K4020,K,False,False,False
K40.31,1,1,1,K4031,K,False,False,False
K40.90,1,1,1,K4090,K,False,False,False
K43.0,1,1,1,K430,K,False,False,False
K52.3,1,1,1,K523,K,False,False,False
K56.690,1,1,1,K56690,K,False,False,False
K57.00,1,1,1,K5700,K,False,False,False
K57.32,1,1,1,K5732,K,False,False,False
K59.09,1,1,1,K5909,K,False,False,False
K76.6,1,1,1,K766,K,False,False,False
K85.10,1,1,1,K8510,K,False,False,False
K91.840,1,1,1,K91840,K,False,False,False
KJIELLAND,1,1,1,10S07ZZ,1,False,False,False
Kawasaki,1,1,1,M303,M,False,False,False
Kiwi,1,1,1,10D07Z6,1,False,False,False
Kjielland,1,1,1,10S07ZZ,1,False,False,False
Klebsiella,1,1,1,B961,B,False,False,False
Klebsiella pneumoniae,1,1,1,0413,0,False,False,False
Klebsiella pneumoniea,1,1,1,B961,B,False,False,False
Klebsiellapneumoniae,1,1,1,0413,0,False,False,False
L00,1,1,1,L00,L,False,False,False
L01.03,1,1,1,L0103,L,False,False,False
L12.0,1,1,1,L120,L,False,False,False
LA teñido,1,1,1,O770,O,False,False,False
LACERACION EN LABIO,1,1,1,0UQMXZZ,0,False,False,False
LACTANCIA ARTIFICIAL,1,1,1,O925,O,False,False,False
LAMINECTOMÍA,1,1,1,0QB00ZZ,0,False,False,False
LAMINECTOMÍA L3,1,1,1,01NB0ZZ,0,False,False,False
LAPAROSCOPIA,1,1,1,0WJG4ZZ,0,False,False,False
LAPAROSCOPIA EXPLORADORA,1,1,1,0WJG4ZZ,0,False,False,False
LARINGOSCOPIA,1,1,1,3142,3,False,False,False
LAVADO CAVIDAD ABDOMINAL,1,1,1,0W9G0ZZ,0,False,False,False
LAVADO PERITONEAL,1,1,1,3E1M38Z,3,False,False,False
LAVADO PERITONEO,1,1,1,3E1M38Z,3,False,False,False
LAVADO pERITONEO,1,1,1,3E1M38Z,3,False,False,False
LAVADO vesical CONTINUO,1,1,1,3E1K78Z,3,False,False,False
LAparoscopia,1,1,1,5421,5,False,False,False
LC anteparto,1,1,1,64973,6,False,False,False
LCA RODILLA DERECHA,1,1,1,M23611,M,False,False,False
LEGRADO,1,1,1,0UDB7ZZ,0,False,False,False
LEGRADO Aborto,1,1,1,10D17ZZ,1,False,False,False
LEGRADO ENDOCERVICAL,1,1,1,0UDB7ZZ,0,False,False,False
LEGRADO EVACUADOR,1,1,1,10D17ZZ,1,False,False,False
LEGRADO EVACUADOR ASPIRATIVO,1,1,1,10D17ZZ,1,False,False,False
LEGRADO EVACUADOR OBSTETRICO,1,1,1,10D17ZZ,1,False,False,False
LEGRADO EVACUADOR OBSTÉTRICO,1,1,1,10D17ZZ,1,False,False,False
LEGRADO OBSTETRICO,1,1,1,10D17ZZ,1,False,False,False
LEGRADO OBSTETRICO EVACUADOR,1,1,1,10D17ZZ,1,False,False,False
LEGRADO OBSTÉTRICO EVACUADOR,1,1,1,10D17ZZ,1,False,False,False
LEGRADO PUERPERAL,1,1,1,10D17ZZ,1,False,False,False
LEGRADO UTERINO EVACUADOR,1,1,1,10D17ZZ,1,False,False,False
LEGRADO obst,1,1,1,10D17ZZ,1,False,False,False
LEIOMIOMA UTERINO,1,1,1,D259,D,False,False,False
LEIOMIOMA UTERINO INTRAMURAL,1,1,1,D251,D,False,False,False
LEIOMIOMAS,1,1,1,88900,8,False,False,False
LEIOMIOSARCOMA UTERINO,1,1,1,C55,C,False,False,False
LES con afectación articular,1,1,1,7137,7,False,False,False
LES parto,1,1,1,O9989,O,False,False,False
LEUCEMIA LINFOBLASTICA AGUDA,1,1,1,20400,2,False,False,False
LFN PÉLVICA,1,1,1,07TC0ZZ,0,False,False,False
LFN pélvica,1,1,1,07TC0ZZ,0,False,False,False
LIMFOMA,1,1,1,C8590,C,False,False,False
LINFADENECTOMIA AXILAR DERECHA,1,1,1,07T50ZZ,0,False,False,False
LINFADENECTOMIA AXILAR IZQUIERDA,1,1,1,07T60ZZ,0,False,False,False
LINFADENECTOMIA PARAAÓRTICA.,1,1,1,07TD0ZZ,0,False,False,False
LINFADENECTOMIA PELVICA,1,1,1,07TC0ZZ,0,False,False,False
LINFADENECTOMIA PaRA-AÓRTICA,1,1,1,07TD0ZZ,0,False,False,False
LINFADENECTOMIA PÉLVICA BILATERAL,1,1,1,07TC0ZZ,0,False,False,False
LINFADENECTOMIA PÉLVICA BILATERAL LAPAROSCÓPICA,1,1,1,07TC4ZZ,0,False,False,False
LINFADENECTOMÍA AXILAR IZQUIERDA,1,1,1,07T60ZZ,0,False,False,False
LINFADENECTOMÍA AXILAR izq,1,1,1,07T60ZZ,0,False,False,False
LINFADENECTOMÍA PARAAÓRTICA,1,1,1,07TD0ZZ,0,False,False,False
LINFADENECTOMÍA PARAAÓRTICA LAPAROSCÓPICA,1,1,1,07TD4ZZ,0,False,False,False
LINFADENECTOMÍA PELVICA,1,1,1,07TC0ZZ,0,False,False,False
LINFADENECTOMÍA pARA-AÓRTICA,1,1,1,07TD0ZZ,0,False,False,False
LINFADENITIS GRANULOMATOSA NECROTIZATE,1,1,1,2891,2,False,False,False
LINFOMA NO HODGKIN FOLICULAR,1,1,1,96903,9,False,False,False
LIPOMA,1,1,1,88500,8,False,False,False
LIQUEN,1,1,1,L280,L,False,False,False
LIQUIDO TEÑIDO,1,1,1,O770,O,False,False,False
LITIASI CALICILAR,1,1,1,N200,N,False,False,False
LITIASIS BILIAR,1,1,1,57420,5,False,False,False
LITIASIS RENAL BILATERAL,1,1,1,N200,N,False,False,False
LITIASIS RENAL IZQUIERDA,1,1,1,N200,N,False,False,False
LITIASIS RENAL izquierda,1,1,1,0TF44ZZ,0,False,False,False
LITIASIS URETERAL,1,1,1,N201,N,False,False,False
LITIASIS URETERAL iZQUIERDA,1,1,1,0TF78ZZ,0,False,False,False
LITIASIS VESICALES,1,1,1,N210,N,False,False,False
LITiasis ureter izquierdo,1,1,1,0TC78ZZ,0,False,False,False
LLA,1,1,1,20400,2,False,False,False
LLC -B,1,1,1,98233,9,False,False,False
LLOC,1,1,1,Y929,Y,False,False,False
LOBECTOMIA,1,1,1,Z902,Z,False,False,False
LOE ESPLÉNICA,1,1,1,D7389,D,False,False,False
LTb,1,1,1,0UL70ZZ,0,False,False,False
LTb lap,1,1,1,0UL74ZZ,0,False,False,False
LUES latente,1,1,1,0971,0,False,False,False
LUMBAGO AMB CIÀTICA,1,1,1,M5440,M,False,False,False
LUMBALGIA CRÓNICA,1,1,1,M545,M,False,False,False
LUMBOARTROSIS,1,1,1,M47816,M,False,False,False
LUXACIÓN PTC DERECHA,1,1,1,T84020A,T,False,False,False
Laceraciones de I grado,1,1,1,O700,O,False,False,False
Laceració renal,1,1,1,86602,8,False,False,False
Laceración en labio,1,1,1,0UQMXZZ,0,False,False,False
Laceración en labios,1,1,1,0UQMXZZ,0,False,False,False
Laceración parauretral,1,1,1,O7182,O,False,False,False
Laceración periuretral,1,1,1,0TQD7ZZ,0,False,False,False
Lactancia Artificial,1,1,1,O925,O,False,False,False
Laminectomía,1,1,1,0QB00ZZ,0,False,False,False
Laminectomía lumbar,1,1,1,00NY0ZZ,0,False,False,False
Laparoscopia,1,1,1,5421,5,False,False,False
Laparoscopia exploradora,1,1,1,5421,5,False,False,False
Laparoscópia diagnóstica,1,1,1,5421,5,False,False,False
Laringectomía total,1,1,1,303,3,False,False,False
Laringitis,1,1,1,J040,J,False,False,False
Laringoscopia,1,1,1,3142,3,False,False,False
Laringotraquebronquitis,1,1,1,J209,J,False,False,False
Laringotraqueoscopia,1,1,1,3142,3,False,False,False
Lavado broncoalveolar,1,1,1,3324,3,False,False,False
Lavado vesical,1,1,1,3E1K78Z,3,False,False,False
Lavado vesical contínuo,1,1,1,3E1K78Z,3,False,False,False
Lavados peritoneal,1,1,1,5425,5,False,False,False
Lavados vesicales,1,1,1,3E1K78Z,3,False,False,False
Legrado Avortament,1,1,1,10D17ZZ,1,False,False,False
Legrado Obstétrico,1,1,1,10D17ZZ,1,False,False,False
Legrado aborto,1,1,1,10D17ZZ,1,False,False,False
Legrado evacuador obstetrico,1,1,1,10D17ZZ,1,False,False,False
Legrado evacuador obstétrico,1,1,1,10D17ZZ,1,False,False,False
Legrado obst,1,1,1,6902,6,False,False,False
Legrado obstetrico evacuador,1,1,1,10D17ZZ,1,False,False,False
Legrado por aspiración,1,1,1,10D17ZZ,1,False,False,False
Legrado puerperal,1,1,1,10D17ZZ,1,False,False,False
Legrado. Aborto,1,1,1,10D17ZZ,1,False,False,False
Leiomioma submucoso,1,1,1,D250,D,False,False,False
Leiomioma subseroso,1,1,1,D252,D,False,False,False
Leiomiomas intramurales,1,1,1,D251,D,False,False,False
Leiomiomas uterino,1,1,1,D259,D,False,False,False
Leiomiosarcoma uterino,1,1,1,179,1,False,False,False
Leishmaniosi visceral,1,1,1,B550,B,False,False,False
Lesio menisc,1,1,1,M23009,M,False,False,False
Lesion de Bankart,1,1,1,M24419,M,False,False,False
Lesiones cutáneas,1,1,1,7099,7,False,False,False
Lesión gástrica,1,1,1,5379,5,False,False,False
Lesión vesical accidental,1,1,1,9982,9,False,False,False
Leucemia Linfática Crónica,1,1,1,C9110,C,False,False,False
Leucemia aguda mieloblàstica,1,1,1,20500,2,False,False,False
Leucemia limfoblastica,1,1,1,20400,2,False,False,False
Leucemia limfoblastica aguda,1,1,1,20400,2,False,False,False
Leucemia mieloide aguda en remision,1,1,1,20501,2,False,False,False
Leucemia mielomonocítica crónica,1,1,1,20510,2,False,False,False
Leucocituria,1,1,1,7917,7,False,False,False
Leucoencefalopatía,1,1,1,G9349,G,False,False,False
Leucopatía isquémica,1,1,1,I6782,I,False,False,False
Leucopenia,1,1,1,D72819,D,False,False,False
Leucopenia rn,1,1,1,P615,P,False,False,False
Ligadura tubarica,1,1,1,Z9851,Z,False,False,False
Ligadura tubarica bilateral,1,1,1,Z9851,Z,False,False,False
Ligadura tubárica: Bilateral,1,1,1,0UL70ZZ,0,False,False,False
Limfadenectomia pèlvica,1,1,1,4053,4,False,False,False
Limfocele,1,1,1,4578,4,False,False,False
Limfoedema,1,1,1,4571,4,False,False,False
Limfoma T anaplàsic,1,1,1,20060,2,False,False,False
Limfopenia,1,1,1,D72810,D,False,False,False
Limpieza de la quemadura,1,1,1,3E10X8Z,3,False,False,False
Linfadenectomia,1,1,1,4051,4,False,False,False
Linfadenectomia AORTOCAVA,1,1,1,07TD0ZZ,0,False,False,False
Linfadenectomia aortica,1,1,1,4052,4,False,False,False
Linfadenectomia axilar derecha,1,1,1,4051,4,False,False,False
Linfadenectomia axilar derecho,1,1,1,07T50ZZ,0,False,False,False
Linfadenectomia axilar dreta,1,1,1,07T50ZZ,0,False,False,False
Linfadenectomia axilar izq,1,1,1,07T60ZZ,0,False,False,False
Linfadenectomia axilar izqu,1,1,1,07T60ZZ,0,False,False,False
Linfadenectomia axilar izquierda,1,1,1,07T60ZZ,0,False,False,False
Linfadenectomia aórtica,1,1,1,4052,4,False,False,False
Linfadenectomia paraaórtica,1,1,1,4052,4,False,False,False
Linfadenectomia paraortica,1,1,1,4052,4,False,False,False
Linfadenectomia pélvica,1,1,1,4053,4,False,False,False
Linfadenectomia pélvicas,1,1,1,4053,4,False,False,False
Linfadenectomía axilar (derecha,1,1,1,07T50ZZ,0,False,False,False
Linfadenectomía axilar derecha,1,1,1,4051,4,False,False,False
Linfadenectomía axilar izq,1,1,1,07T60ZZ,0,False,False,False
Linfadenectomía iliaca,1,1,1,4053,4,False,False,False
Linfadenectomía para-aórtica,1,1,1,07TD0ZZ,0,False,False,False
Linfadenectomía paraórtica,1,1,1,07BD4ZZ,0,False,False,False
Linfadenectomía pelvica,1,1,1,4053,4,False,False,False
Linfadenectomía pèlvica,1,1,1,4053,4,False,False,False
Linfadenectomía pélvica,1,1,1,4053,4,False,False,False
Linfangioma,1,1,1,D181,D,False,False,False
Linfedema congénito multisegmentario,1,1,1,7570,7,False,False,False
Linfocitosis,1,1,1,D72820,D,False,False,False
Linfoma Burkit,1,1,1,20020,2,False,False,False
Linfoma No Hodgkin,1,1,1,95913,9,False,False,False
Linfoma del manto,1,1,1,96733,9,False,False,False
Linfoma difuso de células grandes B,1,1,1,96803,9,False,False,False
Linfoma folicular grado 1,1,1,1,C8200,C,False,False,False
Linfoma historia,1,1,1,Z8572,Z,False,False,False
Lipoma intramuscular,1,1,1,88560,8,False,False,False
Lipomatosis,1,1,1,E882,E,False,False,False
Liquen,1,1,1,L280,L,False,False,False
Liquen escleroatrófico,1,1,1,L900,L,False,False,False
Liquido teñido,1,1,1,O770,O,False,False,False
Lisencefalia,1,1,1,Q043,Q,False,False,False
Litiasis parotidea,1,1,1,5275,5,False,False,False
Litiasis renal,1,1,1,N200,N,False,False,False
Litiasis renal derecha,1,1,1,N200,N,False,False,False
Litiasis renal.,1,1,1,N200,N,False,False,False
Litiasis renales derechas,1,1,1,N200,N,False,False,False
Litiasis renales izquierdas,1,1,1,N200,N,False,False,False
Litiasis submaxilar izquierda,1,1,1,K115,K,False,False,False
Livedo reticularis,1,1,1,R231,R,False,False,False
Llenado intraoperatorio,1,1,1,8551,8,False,False,False
Ltb,1,1,1,V252,V,False,False,False
Ludopatía,1,1,1,31231,3,False,False,False
Lumbago,1,1,1,7242,7,False,False,False
Lumbalgias con ciatalgia,1,1,1,M5440,M,False,False,False
Lumbociatica,1,1,1,7243,7,False,False,False
Lumbocitalgia,1,1,1,7243,7,False,False,False
Lumbociática,1,1,1,M5440,M,False,False,False
Lupus discoide,1,1,1,L930,L,False,False,False
Líquido cefaloraquídeo,1,1,1,009U3ZX,0,False,False,False
M1 (ÓSEA,1,1,1,C7951,C,False,False,False
M1 cerebral,1,1,1,1983,1,False,False,False
M1 cerebrales,1,1,1,1983,1,False,False,False
M1 hepática,1,1,1,C787,C,False,False,False
M1 pulmonares,1,1,1,1970,1,False,False,False
M1 suprarrenal,1,1,1,1987,1,False,False,False
M1 óseas,1,1,1,1985,1,False,False,False
M24.411,1,1,1,M24411,M,False,False,False
M41.44,1,1,1,M4144,M,False,False,False
MALLORY-WEISS,1,1,1,5307,5,False,False,False
MALPOSICION FETAL,1,1,1,O329XX0,O,False,False,False
MALROTACIÓN INTESTINAL,1,1,1,Q433,Q,False,False,False
MARCAPASOS,1,1,1,Z950,Z,False,False,False
MARSA,1,1,1,04112,0,False,False,False
MASTECTOMIA,1,1,1,V4571,V,False,False,False
MASTECTOMIA BILATERAL,1,1,1,0HTV0ZZ,0,False,False,False
MASTECTOMIA DERECHA,1,1,1,0HTT0ZZ,0,False,False,False
MASTECTOMIA IZQUIERDA,1,1,1,0HTU0ZZ,0,False,False,False
MASTECTOMIA MAMA DERECHA,1,1,1,0HTT0ZZ,0,False,False,False
MASTECTOMIA derecha,1,1,1,0HTT0ZZ,0,False,False,False
MASTECTOMÍA BILATERAL,1,1,1,0HTV0ZZ,0,False,False,False
MASTECTOMÍA DERECHA,1,1,1,0HTT0ZZ,0,False,False,False
MASTECTOMÍA bilateral,1,1,1,0HTV0ZZ,0,False,False,False
MASTECTOMÍA derecha,1,1,1,Z9011,Z,False,False,False
MASTECTOMÍA subcutanea BILATERAL,1,1,1,0HBV0ZZ,0,False,False,False
MASTITIS MAMA IZQUIERDA,1,1,1,N610,N,False,False,False
MASTOPATÍA FIBROQUÍSTICA derecha,1,1,1,N6011,N,False,False,False
MASTOPATÍA FIBROQUÍSTICA izq,1,1,1,N6012,N,False,False,False
MASTOPEXIA IZQUIERDA,1,1,1,0HSU0ZZ,0,False,False,False
MC/BA.,1,1,1,O30033,O,False,False,False
MCBA,1,1,1,V9102,V,False,False,False
MCD,1,1,1,I420,I,False,False,False
MEN-1,1,1,1,E3121,E,False,False,False
MENINGIOMA,1,1,1,95300,9,False,False,False
MENISCECTOMIA izquierda,1,1,1,0SBD4ZZ,0,False,False,False
MENISCOPATIA INTerna izquierda,1,1,1,M23332,M,False,False,False
MENSTRUACION EXCESIVA,1,1,1,N920,N,False,False,False
METRORRAGIA,1,1,1,N921,N,False,False,False
METRORRAGIA ANEMIZANTE,1,1,1,N921,N,False,False,False
METRORRAGIA POSTMENOPAUSICA,1,1,1,N950,N,False,False,False
METRORRAGIA POSTMENOPÁUSICA,1,1,1,N950,N,False,False,False
METÁSTASIS SUPRARRENAL derecha,1,1,1,C7971,C,False,False,False
METÁSTASIS ganglio axilar,1,1,1,1963,1,False,False,False
MICROVEJIGA,1,1,1,N3289,N,False,False,False
MIGRAÑA,1,1,1,G43909,G,False,False,False
MIOCARDIOPATÍA HIPERTRÓFICA NO OBSTRUTIVA,1,1,1,I422,I,False,False,False
MIOMA INTRaMURAL,1,1,1,2181,2,False,False,False
MIOMA UTERINO,1,1,1,D259,D,False,False,False
MIOMATOSO,1,1,1,2189,2,False,False,False
MIOMECTOMIA,1,1,1,0UB90ZZ,0,False,False,False
MIOMECTOMIA HISTEROSCÓPICA,1,1,1,0UB98ZZ,0,False,False,False
MIOMECTOMÍA,1,1,1,0UB90ZZ,0,False,False,False
MIOMECTOMÍA HISTEROSCÓPICA,1,1,1,0UB98ZZ,0,False,False,False
MIOMECTOMÍA LAPAROSCÓPICA,1,1,1,0UB94ZZ,0,False,False,False
MIOMECTOMÍA histeroscopica,1,1,1,0UB98ZZ,0,False,False,False
MIOMa,1,1,1,D259,D,False,False,False
MIOPIA MAGNA,1,1,1,H4420,H,False,False,False
MIOPIA parto,1,1,1,64891,6,False,False,False
MIOPÍA,1,1,1,H5210,H,False,False,False
MIocardiopatía dilatada isquémica,1,1,1,I420,I,False,False,False
MIomas,1,1,1,88950,8,False,False,False
MIomas part,1,1,1,O3413,O,False,False,False
MMC,1,1,1,3E0K805,3,False,False,False
MMC PostOPERATORIA,1,1,1,3E0K805,3,False,False,False
MMC postoperatoria,1,1,1,3E0K805,3,False,False,False
MOLA HIDATIFORME COMPLETA,1,1,1,O010,O,False,False,False
MP,1,1,1,Z950,Z,False,False,False
MSSA,1,1,1,B9561,B,False,False,False
MTX AXILAR,1,1,1,1963,1,False,False,False
MTX GANGLIO AXILAR,1,1,1,1963,1,False,False,False
MTX GANGLIO PELVICO,1,1,1,1966,1,False,False,False
MUJER,1,1,1,Z370,Z,False,False,False
MULTIRESISTENTE,1,1,1,Z1624,Z,False,False,False
MYCOPLASMA PNEUMONIAE,1,1,1,B960,B,False,False,False
MaRSA,1,1,1,B9562,B,False,False,False
Macroadenoma de hipófisis,1,1,1,D352,D,False,False,False
Macrocitosis,1,1,1,D7589,D,False,False,False
Macroglosia congenita,1,1,1,75015,7,False,False,False
Macrosoma,1,1,1,O3663X0,O,False,False,False
Macrosoma parto,1,1,1,O3663X0,O,False,False,False
Macrosomia fetal,1,1,1,O3663X0,O,False,False,False
Macrosomía parto,1,1,1,O3663X0,O,False,False,False
Madden Izquierdo,1,1,1,0HTU0ZZ,0,False,False,False
Madden der,1,1,1,07T50ZZ,0,False,False,False
Madden izquierda,1,1,1,0HTU0ZZ,0,False,False,False
Madre Ca de ovario,1,1,1,Z8041,Z,False,False,False
Madre Ca mama,1,1,1,Z803,Z,False,False,False
Madre con neoplasia gástrica,1,1,1,Z800,Z,False,False,False
Madre: Ca de ovario,1,1,1,Z8041,Z,False,False,False
Maduración cervical,1,1,1,3E0P7GC,3,False,False,False
Malabsorción intestinal,1,1,1,5799,5,False,False,False
Maladaptacion pulmonar,1,1,1,P221,P,False,False,False
Maladaptacion pulmonar rn,1,1,1,P221,P,False,False,False
Maladaptación pulmonar,1,1,1,P221,P,False,False,False
Maladaptación pulmonar rn,1,1,1,P221,P,False,False,False
Malaltia inflamatòria pélvica,1,1,1,6149,6,False,False,False
Malaltia renal crònica,1,1,1,N189,N,False,False,False
Malformación arteriovenosa cerebral,1,1,1,Q282,Q,False,False,False
Malformación feto,1,1,1,65581,6,False,False,False
Mallory Weiss,1,1,1,5307,5,False,False,False
Mallory-Weiss,1,1,1,K226,K,False,False,False
Malnutrición protéica,1,1,1,E46,E,False,False,False
Maltrato físico,1,1,1,T7611XA,T,False,False,False
Mama derecha,1,1,1,0HBT0ZZ,0,False,False,False
Mamoplastia de aumento,1,1,1,V4382,V,False,False,False
Manometría,1,1,1,4A0B78Z,4,False,False,False
Mareo,1,1,1,R42,R,False,False,False
Masa,1,1,1,80001,8,False,False,False
Masa suprarrenal izquierda,1,1,1,E278,E,False,False,False
Mastectomia Radical Modificada,1,1,1,8543,8,False,False,False
Mastectomia simple,1,1,1,8541,8,False,False,False
Mastectomia tipo Madden mama derecha,1,1,1,07T50ZZ,0,False,False,False
Mastectomia total izquierda,1,1,1,0HTU0ZZ,0,False,False,False
Mastectomía,1,1,1,V4571,V,False,False,False
Mastectomía bilateral,1,1,1,0HTV0ZZ,0,False,False,False
Mastectomía izquierda,1,1,1,Z9012,Z,False,False,False
Mastectomía mama der,1,1,1,0HTT0ZZ,0,False,False,False
Mastectomía mama derecha,1,1,1,0HTT0ZZ,0,False,False,False
Mastectomía simple,1,1,1,8541,8,False,False,False
Mastitis aguda puerperal,1,1,1,O9122,O,False,False,False
Mastoidectomía abierta,1,1,1,2049,2,False,False,False
Mastopatía fibroquística,1,1,1,N6019,N,False,False,False
Mastopexia izq,1,1,1,0HSU0ZZ,0,False,False,False
Mastoplastia de aumento,1,1,1,Z9882,Z,False,False,False
Mc Bride,1,1,1,0MQT0ZZ,0,False,False,False
Mc Bride 2,1,1,1,0QBP0ZZ,0,False,False,False
Mc Call,1,1,1,0UQF7ZZ,0,False,False,False
Mc Roberts,1,1,1,10S07ZZ,1,False,False,False
Mc-Roberts,1,1,1,10S07ZZ,1,False,False,False
Meduloblastoma,1,1,1,1916,1,False,False,False
Megaurèter congènit,1,1,1,75322,7,False,False,False
Melanoma maligno historia,1,1,1,V1082,V,False,False,False
Melanoma vaginal,1,1,1,1840,1,False,False,False
Mellitus,1,1,1,E119,E,False,False,False
Membranas desgarradas,1,1,1,O731,O,False,False,False
Meniere,1,1,1,H8109,H,False,False,False
Meningioma,1,1,1,D320,D,False,False,False
Meningioma intervenido,1,1,1,V1241,V,False,False,False
Meningismo,1,1,1,7816,7,False,False,False
Meningitis en la infancia,1,1,1,Z8661,Z,False,False,False
Meningitis historia,1,1,1,V1242,V,False,False,False
Meniscectomia,1,1,1,V1359,V,False,False,False
Meniscectomia derecha,1,1,1,0SBC4ZZ,0,False,False,False
Meniscectomia dreta,1,1,1,0SBC4ZZ,0,False,False,False
Meniscectomía izquierda,1,1,1,0SBD4ZZ,0,False,False,False
Meniscopatia,1,1,1,M23309,M,False,False,False
Meniscopatia interna GENOLL dret,1,1,1,0SBC4ZZ,0,False,False,False
Meralgia parestésica,1,1,1,G5710,G,False,False,False
Meropenem,1,1,1,3E03329,3,False,False,False
Metaplasia gástrica,1,1,1,K3189,K,False,False,False
Metapneumovirus,1,1,1,B9781,B,False,False,False
Metatarsalgia pie derecho,1,1,1,M7741,M,False,False,False
Metatarsalgia pie izquierdo,1,1,1,M7742,M,False,False,False
Methergin IM,1,1,1,3E023GC,3,False,False,False
Methergin im,1,1,1,3E023GC,3,False,False,False
Methergín im,1,1,1,3E023GC,3,False,False,False
Metoclopramida,1,1,1,3E033GC,3,False,False,False
Metrorragia 3er trimestre,1,1,1,O4693,O,False,False,False
Metrorragia abundante,1,1,1,6266,6,False,False,False
Metrorragia anteparto,1,1,1,64193,6,False,False,False
Metrorragia menopausa,1,1,1,6270,6,False,False,False
Metrorragia parto,1,1,1,O679,O,False,False,False
Metrorragia posmenopáusica,1,1,1,N950,N,False,False,False
Metrorragia postmenopausica,1,1,1,N950,N,False,False,False
Metrorragia postmenopaúsica,1,1,1,N950,N,False,False,False
Metrorragia postmenopáusica,1,1,1,N950,N,False,False,False
Metrorragia puerperal,1,1,1,O722,O,False,False,False
Metrorragias postmenopáusicas,1,1,1,N950,N,False,False,False
Metrorràgia,1,1,1,6266,6,False,False,False
Metástasis axilar,1,1,1,C773,C,False,False,False
Metástasis cutánea,1,1,1,C792,C,False,False,False
Metástasis pulmonar bilateral,1,1,1,C7801,C,False,False,False
Metástasis óseas,1,1,1,1985,1,False,False,False
Miastenia gravis,1,1,1,G7000,G,False,False,False
Micoplasma,1,1,1,04181,0,False,False,False
Micosis bucal,1,1,1,B370,B,False,False,False
Microcefalia,1,1,1,Q02,Q,False,False,False
Microcirugía laríngea,1,1,1,0CBS8ZZ,0,False,False,False
Microstomía,1,1,1,Q185,Q,False,False,False
Midazolam,1,1,1,3E033NZ,3,False,False,False
Mielopatía cervical,1,1,1,M4712,M,False,False,False
Migraña,1,1,1,G43909,G,False,False,False
Migraña PARTO,1,1,1,G43909,G,False,False,False
Migraña anteparto,1,1,1,64893,6,False,False,False
Migraña sin aura,1,1,1,G43009,G,False,False,False
Migrañas PARTO,1,1,1,G43909,G,False,False,False
Migrañas con aura,1,1,1,G43109,G,False,False,False
Migrañas part,1,1,1,G43909,G,False,False,False
Migrañas sin aura,1,1,1,G43009,G,False,False,False
Migrañas sin aura parto,1,1,1,G43009,G,False,False,False
Migrañosa,1,1,1,34690,3,False,False,False
Miocardiopatia dialatada,1,1,1,I420,I,False,False,False
Miocardiopatia dilatada,1,1,1,I420,I,False,False,False
Miocardiopatia hipertrofica obstructiva,1,1,1,42511,4,False,False,False
Miocardiopatía Hipertensiva icc,1,1,1,40291,4,False,False,False
Miocardiopatía dilatada,1,1,1,I420,I,False,False,False
Miocardiopatía hipertensiva icc,1,1,1,40291,4,False,False,False
Miocardiopatía hipertrófica,1,1,1,42518,4,False,False,False
Mioclonias,1,1,1,G253,G,False,False,False
Mioclonies,1,1,1,G253,G,False,False,False
Mioma IM,1,1,1,D251,D,False,False,False
Mioma intramural part,1,1,1,D251,D,False,False,False
Mioma intramural parto,1,1,1,D251,D,False,False,False
Mioma part,1,1,1,D259,D,False,False,False
Mioma posterior subseroso,1,1,1,2182,2,False,False,False
Mioma submucosa,1,1,1,D250,D,False,False,False
Mioma submucoso,1,1,1,D250,D,False,False,False
Mioma subseroso part,1,1,1,D252,D,False,False,False
Mioma subseroso parto,1,1,1,O3413,O,False,False,False
Mioma uteri,1,1,1,2189,2,False,False,False
Mioma uterino,1,1,1,D259,D,False,False,False
Mioma uterino submucoso,1,1,1,D250,D,False,False,False
Miomectomia histeroscópica,1,1,1,0UB98ZZ,0,False,False,False
Miomectomìa,1,1,1,6829,6,False,False,False
Miomectomía,1,1,1,0UB90ZZ,0,False,False,False
Miopatía esteroidea,1,1,1,3594,3,False,False,False
Miopatía mitocondrial,1,1,1,G713,G,False,False,False
Miopia magna part,1,1,1,O9989,O,False,False,False
Miopia magna parto,1,1,1,H4420,H,False,False,False
Miopia part,1,1,1,O9989,O,False,False,False
Miopía magna,1,1,1,H4420,H,False,False,False
Miopía magna parto,1,1,1,H4420,H,False,False,False
Miringoplastia,1,1,1,194,1,False,False,False
Miringotomia,1,1,1,2009,2,False,False,False
Misofar,1,1,1,3E0P7VZ,3,False,False,False
Misoprostol abort,1,1,1,10A07ZX,1,False,False,False
Misoprostol aborto,1,1,1,10A07ZX,1,False,False,False
Misoprostol rectal,1,1,1,3E0H7GC,3,False,False,False
Misoprostol rectal.,1,1,1,3E0H7GC,3,False,False,False
Mitomicina,1,1,1,3E0K805,3,False,False,False
Mola hidatiforme,1,1,1,630,6,False,False,False
Mola parcial,1,1,1,O011,O,False,False,False
Monitorizacion pulsioximetrica,1,1,1,4A12X4Z,4,False,False,False
Monitorización cardio-respiratoria,1,1,1,4A12X4Z,4,False,False,False
Monitorización fetal,1,1,1,4A1HXCZ,4,False,False,False
Monitorización pulsioximétrica,1,1,1,4A12X4Z,4,False,False,False
Monocorial Biamniótico,1,1,1,O30033,O,False,False,False
Monocorial biamniótica,1,1,1,O30033,O,False,False,False
Monocorial-Biamniótica,1,1,1,O30033,O,False,False,False
Mononucleosi,1,1,1,B2790,B,False,False,False
Monorrena congénita,1,1,1,Q600,Q,False,False,False
Monorreno de nacimiento,1,1,1,7530,7,False,False,False
Monorreno izquierdo congénito,1,1,1,Q600,Q,False,False,False
Morganella Morganii,1,1,1,B9689,B,False,False,False
Mpoc,1,1,1,J449,J,False,False,False
Mpoc descompensada,1,1,1,49121,4,False,False,False
Mtx,1,1,1,80006,8,False,False,False
Mucositis,1,1,1,52801,5,False,False,False
Mucositis qt,1,1,1,52801,5,False,False,False
Muerte fetal,1,1,1,O364XX0,O,False,False,False
Muerte fetal intraútero,1,1,1,O364XX0,O,False,False,False
Muguet oral,1,1,1,1120,1,False,False,False
Mujer,1,1,1,Z370,Z,False,False,False
Multiparidad anteparto,1,1,1,65943,6,False,False,False
Multípara,1,1,1,O0943,O,False,False,False
Mutación del Factor V de Leiden,1,1,1,D6851,D,False,False,False
Mutación gen protrombina anteparto,1,1,1,64933,6,False,False,False
Mutismo,1,1,1,R4701,R,False,False,False
N mama historia,1,1,1,V103,V,False,False,False
N00.0,1,1,1,N000,N,False,False,False
N04.8,1,1,1,N048,N,False,False,False
N12,1,1,1,N12,N,False,False,False
N17.9,1,1,1,N179,N,False,False,False
N23,1,1,1,N23,N,False,False,False
N25.81,1,1,1,N2581,N,False,False,False
N39.0,1,1,1,N390,N,False,False,False
N40.1,1,1,1,N401,N,False,False,False
N50.812,1,1,1,N50812,N,False,False,False
N83.201,1,1,1,N83201,N,False,False,False
NECROSIS DE CABEZA FEMORAL IZQUIERDA,1,1,1,M87052,M,False,False,False
NEFRECTOMÍA DERECHA,1,1,1,0TT00ZZ,0,False,False,False
NEFRECTOMÍA LAPAROSCÓPICA IZQUIERDA,1,1,1,0TT14ZZ,0,False,False,False
NEFROSTOMÍA,1,1,1,Z936,Z,False,False,False
NEOPLASIA DE COLON TRANSVERSO,1,1,1,C184,C,False,False,False
NEOPLASIA DE PRÓSTATA,1,1,1,C61,C,False,False,False
NEOPLASIA ENDOMETRIAL,1,1,1,C541,C,False,False,False
NEOPLASIA MALIGNA,1,1,1,80003,8,False,False,False
NEOPLASIA MALIGNA BILATERAL DE OVARIOS,1,1,1,C563,C,False,False,False
NEOPLASIA MALIGNA DE ENDOMETRIO,1,1,1,C541,C,False,False,False
NEOPLASIA MALIGNA DE MAMA IZQUIERDA,1,1,1,C50912,C,False,False,False
NEOPLASIA PROSTÁTICA,1,1,1,C61,C,False,False,False
NEOPLASIA RENAL DERECHA,1,1,1,C641,C,False,False,False
NEOPLASIA RENAL IZQUIERDA,1,1,1,C642,C,False,False,False
NEOPLASIA RENAL derecha,1,1,1,C641,C,False,False,False
NEOPLASIA TESTICULAR izquierdo,1,1,1,C6292,C,False,False,False
NEOPLASIA UROTELIAL,1,1,1,81203,8,False,False,False
NEOPLASIA VESICAL multiple,1,1,1,C678,C,False,False,False
NEOPLASIA vesical,1,1,1,C679,C,False,False,False
NEOPLASIA vesical multiple,1,1,1,C678,C,False,False,False
NEUMOTÓRAX rn,1,1,1,P251,P,False,False,False
NEURALGIA DE ARNOLD,1,1,1,M5481,M,False,False,False
NEURÀLGIA DEL TRIGEMIN,1,1,1,G500,G,False,False,False
NEVUS MELANOCITICO COMPUESTO,1,1,1,87200,8,False,False,False
NPP,1,1,1,O621,O,False,False,False
NST,1,1,1,O76,O,False,False,False
NST patológico,1,1,1,O76,O,False,False,False
NST patológico parto,1,1,1,65971,6,False,False,False
NST) sospechoso,1,1,1,O76,O,False,False,False
NUTRICION PARENTERAL,1,1,1,3E0336Z,3,False,False,False
Nalgas,1,1,1,10D07Z8,1,False,False,False
Nalgas gemelo,1,1,1,65261,6,False,False,False
Narcolepsia,1,1,1,G47419,G,False,False,False
Nebulizaciones,1,1,1,3E0F7GC,3,False,False,False
Necrosis Avascular de cadera izquierda,1,1,1,M87052,M,False,False,False
Nefrectomia,1,1,1,Z905,Z,False,False,False
Nefrectomia derecha,1,1,1,Z905,Z,False,False,False
Nefrectomía derecha,1,1,1,Z905,Z,False,False,False
Nefrectomía radical dreta laparoscópia,1,1,1,0GT34ZZ,0,False,False,False
Nefrectomía radical izquierda,1,1,1,Z905,Z,False,False,False
Nefrolitiasis,1,1,1,N200,N,False,False,False
Nefrolitiasis bilateral,1,1,1,N200,N,False,False,False
Nefropatia IgA,1,1,1,N032,N,False,False,False
Nefropatía Ig A,1,1,1,N028,N,False,False,False
Nefropatía diabetica,1,1,1,25040,2,False,False,False
Nefropatía diabética 2,1,1,1,25040,2,False,False,False
Nefropatía dm,1,1,1,25040,2,False,False,False
Nefrostomía,1,1,1,Z936,Z,False,False,False
Nefrostomía izquierda,1,1,1,Z936,Z,False,False,False
Nefroureterectomia,1,1,1,V4573,V,False,False,False
Neo de mama cii,1,1,1,1743,1,False,False,False
Neo de próstata,1,1,1,C61,C,False,False,False
Neo mama,1,1,1,1749,1,False,False,False
Neo pulmón lsd,1,1,1,1623,1,False,False,False
Neoplasia,1,1,1,80003,8,False,False,False
Neoplasia de mama,1,1,1,1749,1,False,False,False
Neoplasia de mama derecha,1,1,1,C50911,C,False,False,False
Neoplasia de mama izquierda,1,1,1,1749,1,False,False,False
Neoplasia de próstata,1,1,1,C61,C,False,False,False
Neoplasia de recto,1,1,1,C20,C,False,False,False
Neoplasia de recto intervenida,1,1,1,V4572,V,False,False,False
Neoplasia de tiroides,1,1,1,193,1,False,False,False
Neoplasia de vejiga,1,1,1,1889,1,False,False,False
Neoplasia endocrina múltiple,1,1,1,25801,2,False,False,False
Neoplasia endometrial intraepitelial ; EIN,1,1,1,N8502,N,False,False,False
Neoplasia endometrio,1,1,1,1820,1,False,False,False
Neoplasia maligna,1,1,1,80003,8,False,False,False
Neoplasia mama,1,1,1,1749,1,False,False,False
Neoplasia mamaria derecha,1,1,1,C50911,C,False,False,False
Neoplasia ovario,1,1,1,1830,1,False,False,False
Neoplasia ovárica,1,1,1,1830,1,False,False,False
Neoplasia supraglotis,1,1,1,1611,1,False,False,False
Neoplasia. de ovario,1,1,1,1830,1,False,False,False
Neoplàsia maligna de pròstata,1,1,1,C61,C,False,False,False
Neoplàsia maligna sòl de la boca,1,1,1,1449,1,False,False,False
"Neoplàsia maligna, ronyó esquerre",1,1,1,C642,C,False,False,False
Neumonectomía,1,1,1,V4576,V,False,False,False
Neumonia por gripe A,1,1,1,J1001,J,False,False,False
Neumonia rádica,1,1,1,5080,5,False,False,False
Neumonias de repetición,1,1,1,V1261,V,False,False,False
Neumopatía crónica,1,1,1,51889,5,False,False,False
Neumopatía intersticial,1,1,1,J849,J,False,False,False
Neuralgia del trigemino,1,1,1,3501,3,False,False,False
Neuralgia trigeminal,1,1,1,G500,G,False,False,False
Neurinoma de Morton,1,1,1,G5760,G,False,False,False
Neuritis optica,1,1,1,H469,H,False,False,False
Neuritis óptica,1,1,1,H469,H,False,False,False
Neuroblastoma,1,1,1,1940,1,False,False,False
Neurofibromatosis tipo 1,1,1,1,Q8501,Q,False,False,False
Neurofibromatosis tipo 1 (,1,1,1,Q8501,Q,False,False,False
Neuroma de Morton pie izq,1,1,1,G5762,G,False,False,False
Neuropatía VI Par,1,1,1,H4920,H,False,False,False
Neuropatía sensitivo-motora,1,1,1,G600,G,False,False,False
Neuràlgia de trigemin,1,1,1,G500,G,False,False,False
Neutropenia,1,1,1,D709,D,False,False,False
Neutropenia ciclica,1,1,1,28802,2,False,False,False
Neutropènia,1,1,1,28800,2,False,False,False
Neutropènia post quimioteràpia,1,1,1,28803,2,False,False,False
Nicotina,1,1,1,F17210,F,False,False,False
Nicturia,1,1,1,R351,R,False,False,False
Nissen laparoscopica,1,1,1,0DV44ZZ,0,False,False,False
No Progresión de Parto,1,1,1,O621,O,False,False,False
No desea lactancia materna,1,1,1,O925,O,False,False,False
No progresion de parto,1,1,1,O621,O,False,False,False
Nocardiosis pulmonar,1,1,1,0391,0,False,False,False
Nodulo tiroideo izquierdo,1,1,1,2410,2,False,False,False
Nolotil,1,1,1,E9355,E,False,False,False
Nudo verdadero,1,1,1,O692XX0,O,False,False,False
Nutricion parenteral,1,1,1,3E0336Z,3,False,False,False
Nutrición Parenteral,1,1,1,9915,9,False,False,False
NÒDUL TIROÏDAL,1,1,1,E041,E,False,False,False
NÓDULO TIROIDEO DERECHO,1,1,1,E041,E,False,False,False
Nàusees amb vòmits,1,1,1,R112,R,False,False,False
Nódulo cuerdas vocales,1,1,1,J382,J,False,False,False
Nódulo suprarrenal izquierdo,1,1,1,E278,E,False,False,False
Nódulo vocales,1,1,1,J382,J,False,False,False
Nódulos esplénicos,1,1,1,D7389,D,False,False,False
Nódulos tiroideos,1,1,1,2410,2,False,False,False
O +,1,1,1,Z6740,Z,False,False,False
O : NEGATIVO,1,1,1,Z6741,Z,False,False,False
O NEGATIVO,1,1,1,Z6741,Z,False,False,False
O POS,1,1,1,Z6740,Z,False,False,False
O POSITIVO,1,1,1,Z6740,Z,False,False,False
O Positivo,1,1,1,Z6740,Z,False,False,False
O Rh NEGATIVO,1,1,1,Z6741,Z,False,False,False
O Rh: +,1,1,1,Z6740,Z,False,False,False
O neg,1,1,1,Z6741,Z,False,False,False
O negativa,1,1,1,Z6741,Z,False,False,False
O negativo,1,1,1,Z6741,Z,False,False,False
O pos,1,1,1,Z6740,Z,False,False,False
O positiva,1,1,1,Z6740,Z,False,False,False
O positivo,1,1,1,Z6740,Z,False,False,False
O rh negativo,1,1,1,Z6741,Z,False,False,False
O+,1,1,1,Z6740,Z,False,False,False
O03.4,1,1,1,O034,O,False,False,False
O134,1,1,1,O134,O,False,False,False
O43.022,1,1,1,O43022,O,False,False,False
OBESIDAD MORBIDA,1,1,1,E6601,E,False,False,False
OBESIDAD MÓRBIDA,1,1,1,E6601,E,False,False,False
OBESITAT,1,1,1,E669,E,False,False,False
OCFA,1,1,1,J449,J,False,False,False
OH,1,1,1,30501,3,False,False,False
OH +,1,1,1,F1010,F,False,False,False
OH- ocasional,1,1,1,30502,3,False,False,False
OLIGOAMNIOS,1,1,1,O4103X0,O,False,False,False
OMENTECTOMIA,1,1,1,0DBU0ZZ,0,False,False,False
OMENTECTOMÍA,1,1,1,0DBU0ZZ,0,False,False,False
OOFORECTOMIA IZQUIERDA,1,1,1,0UT10ZZ,0,False,False,False
OOFORECTOMIA IZQUIERDA LAPAROSCÓPICA,1,1,1,0UT14ZZ,0,False,False,False
OOFORECTOMÍA BILATERAL,1,1,1,0UT20ZZ,0,False,False,False
OOFORECTOMÍA DERECHA LAPAROSCÓPICA,1,1,1,0UT04ZZ,0,False,False,False
OOFORECTOMÍA IZQUIERDA LAPAROSCÓPICA.,1,1,1,0UT14ZZ,0,False,False,False
ORGANO,1,1,1,E8786,E,False,False,False
OSAS,1,1,1,32723,3,False,False,False
OSTEOARTROSIS,1,1,1,M1990,M,False,False,False
OSTEOPOROSIS,1,1,1,M810,M,False,False,False
OSTEOPOROSIS FRACTURA lumbar,1,1,1,M8088XS,M,False,False,False
OSTEOPOROSIs,1,1,1,M810,M,False,False,False
OSTEOPÈNIA,1,1,1,M8580,M,False,False,False
OTITIS MEDIA CRÓNICA,1,1,1,H6690,H,False,False,False
OTRA,1,1,1,E8788,E,False,False,False
OXIGENO,1,1,1,3E0F7SF,3,False,False,False
OXIGENOTERAPIA,1,1,1,3E0F7SF,3,False,False,False
OXITOCINA,1,1,1,3E033VJ,3,False,False,False
OXÍGENO DOMICILIARIO,1,1,1,Z9981,Z,False,False,False
Obesa,1,1,1,E669,E,False,False,False
Obesidad Mórbida,1,1,1,E6601,E,False,False,False
Obesidad Mórbida parto,1,1,1,O99214,O,False,False,False
Obesidad PART,1,1,1,O99214,O,False,False,False
Obesidad exógena,1,1,1,E6609,E,False,False,False
Obesidad morbida,1,1,1,27801,2,False,False,False
Obesidad morbida part,1,1,1,E6601,E,False,False,False
Obesitad parto,1,1,1,O99214,O,False,False,False
Obesitat,1,1,1,E669,E,False,False,False
Obesitat ANTEPARTO,1,1,1,64913,6,False,False,False
Obesitat anteparto,1,1,1,64913,6,False,False,False
Obesitat part,1,1,1,O99214,O,False,False,False
Obesitat parto,1,1,1,64911,6,False,False,False
Obstrucció esofàgica,1,1,1,K222,K,False,False,False
Obstrucción Crónica al Flujo Aéreo,1,1,1,J449,J,False,False,False
"Oclusió i estenosi, artèria caròtide, bilateral",1,1,1,I6523,I,False,False,False
Oclusión intestinal,1,1,1,K56690,K,False,False,False
Ojo seco,1,1,1,H04129,H,False,False,False
Oligoamnios,1,1,1,O4103X0,O,False,False,False
Oligoamnios anteparto,1,1,1,65803,6,False,False,False
Om,1,1,1,27801,2,False,False,False
Omalgia derecha,1,1,1,M25511,M,False,False,False
Omentectomia,1,1,1,544,5,False,False,False
Omeprazol,1,1,1,3E033GC,3,False,False,False
Ooferectomía bilateral,1,1,1,Z90722,Z,False,False,False
Ooforectomia,1,1,1,V4577,V,False,False,False
Ooforectomia bilateral,1,1,1,Z90722,Z,False,False,False
Ooforectomía,1,1,1,V4577,V,False,False,False
Ooforectomía izquierda,1,1,1,0UT10ZZ,0,False,False,False
Orquidopexia bilateral,1,1,1,0VSC0ZZ,0,False,False,False
Orquidopexia derecha,1,1,1,0VS90ZZ,0,False,False,False
Orquiectomía derecha,1,1,1,Z9079,Z,False,False,False
Orquiectomía izquierda,1,1,1,0VTB0ZZ,0,False,False,False
Osteoartritis,1,1,1,M1990,M,False,False,False
Osteoartropatía degenerativa,1,1,1,M1289,M,False,False,False
Osteogenesis Imperfecta,1,1,1,75651,7,False,False,False
Osteogenesis imperfecta,1,1,1,Q780,Q,False,False,False
Osteogénesis imperfecta,1,1,1,Q780,Q,False,False,False
Osteopororsis,1,1,1,M810,M,False,False,False
Osteoporosi,1,1,1,M810,M,False,False,False
Osteoporosis,1,1,1,73300,7,False,False,False
Osteoprorosis,1,1,1,M810,M,False,False,False
Osteotomia tipo Weil derecha,1,1,1,0Q8N3ZZ,0,False,False,False
Osteotomía tibia izquierda,1,1,1,0Q8H0ZZ,0,False,False,False
Otitis Media Serosa,1,1,1,3814,3,False,False,False
Otitis Mitjana crónica colesteatomatosa,1,1,1,38532,3,False,False,False
Otitis Mitjana serosa,1,1,1,3814,3,False,False,False
Otitis media aguda,1,1,1,H6690,H,False,False,False
Otitis media crónica,1,1,1,3829,3,False,False,False
Otitis media crónica bilateral,1,1,1,H663X3,H,False,False,False
Otitis serosa crónica bilateral,1,1,1,H6523,H,False,False,False
Otoesclerosis,1,1,1,H8090,H,False,False,False
Otorrea crónica,1,1,1,38860,3,False,False,False
Otoscopia,1,1,1,1811,1,False,False,False
Otoscòpia,1,1,1,1811,1,False,False,False
Ovariectomía derecha,1,1,1,Z90721,Z,False,False,False
Ovario poliquistico,1,1,1,2564,2,False,False,False
Oxitocica,1,1,1,3E033VJ,3,False,False,False
Oxitocina,1,1,1,3E033VJ,3,False,False,False
Oxígeno,1,1,1,9396,9,False,False,False
Oxígenoterapia,1,1,1,3E0F7SF,3,False,False,False
P.mirabilis,1,1,1,B964,B,False,False,False
PAAF ganglio,1,1,1,4011,4,False,False,False
PAAF higado,1,1,1,5011,5,False,False,False
PAF,1,1,1,0JQC0ZZ,0,False,False,False
PAPILOMA INTRADUCTAL,1,1,1,85030,8,False,False,False
PARA 0000,1,1,1,65951,6,False,False,False
PARACENTESIS,1,1,1,0W9G3ZZ,0,False,False,False
PARKINSON,1,1,1,G20,G,False,False,False
PARTO,1,1,1,O80,O,False,False,False
PARTO 41,1,1,1,O480,O,False,False,False
PARTO EUTÓCICO A LAS 40,1,1,1,O480,O,False,False,False
PARTO prematuro,1,1,1,O6014X0,O,False,False,False
PARÁLISIS FACIAL PERIFÉRICA DERECHA,1,1,1,G510,G,False,False,False
PCR COVID-19 negativa,1,1,1,Z20822,Z,False,False,False
PCR SARS CoV-2: Negativa,1,1,1,Z20822,Z,False,False,False
PCR SARS CoV-2: negativo,1,1,1,Z20822,Z,False,False,False
PCR SARS CoV2: Negativa,1,1,1,Z20822,Z,False,False,False
PCR SARS CoV2: negativa,1,1,1,Z20822,Z,False,False,False
PCR SARS-CoV-2 negativa,1,1,1,Z20822,Z,False,False,False
PCR SARS-CoV-2: Negativo,1,1,1,Z20822,Z,False,False,False
PCR SARS-CoV2 negativo,1,1,1,Z20822,Z,False,False,False
PCR SARSCOV2 negativa,1,1,1,Z20822,Z,False,False,False
PCR covid: negativa,1,1,1,Z20822,Z,False,False,False
PCR elevada,1,1,1,R7982,R,False,False,False
PEEG rn,1,1,1,P081,P,False,False,False
PELVIS CONGELADA,1,1,1,N9489,N,False,False,False
PENICILINAS,1,1,1,V140,V,False,False,False
PERINEORRAFIA,1,1,1,0WQNXZZ,0,False,False,False
PERITONEALES,1,1,1,C786,C,False,False,False
PERITONECTOMÍA,1,1,1,0DBW0ZZ,0,False,False,False
PET TC,1,1,1,CW3NYZZ,C,False,False,False
PET-TAC,1,1,1,CW3NYZZ,C,False,False,False
PFC,1,1,1,30233L1,3,False,False,False
PGE2,1,1,1,3E0P7VZ,3,False,False,False
PIELOGRAFÍA RETRÓGRADA IZQUIERDA,1,1,1,BT1FZZZ,B,False,False,False
PIELOGRAFÍA RETRÓGRADAIZQUIERDA,1,1,1,BT1FYZZ,B,False,False,False
PIELONEFRITIS AGUDA IZQUIERDA,1,1,1,N10,N,False,False,False
PIRAZOLONAS,1,1,1,Z886,Z,False,False,False
PLACENTA PREVIA OCLUSIVA TOTAL,1,1,1,O4403,O,False,False,False
PLACENTA PREVIA hemorragia,1,1,1,O4413,O,False,False,False
PLACENTITIS,1,1,1,O411430,O,False,False,False
PLAQUETES,1,1,1,30233R1,3,False,False,False
PLAQUETOPENIA,1,1,1,D696,D,False,False,False
PLASTIA ANTERIOR,1,1,1,0JQC0ZZ,0,False,False,False
PLASTIA ANTERIOR FASCIAL,1,1,1,0JQC0ZZ,0,False,False,False
PNA,1,1,1,59010,5,False,False,False
PNA 2t,1,1,1,N10,N,False,False,False
PNA 3t,1,1,1,N10,N,False,False,False
PODALICA 2,1,1,1,O328XX2,O,False,False,False
POLICITEMIA rn,1,1,1,P611,P,False,False,False
POLIHIDRAMNIOS,1,1,1,O403XX0,O,False,False,False
POLIMIALGIA REUMÁTICA,1,1,1,M353,M,False,False,False
POLINEUROPATIA,1,1,1,G629,G,False,False,False
POLINEUROPATIA EN DIABETIS,1,1,1,3572,3,False,False,False
POLIPECTOMÍA HISTEROSCÓPICA,1,1,1,0UB98ZZ,0,False,False,False
POLIPECTOMÍA endometrial,1,1,1,0UB98ZZ,0,False,False,False
POLIPO DEL CUERPO UTERINO,1,1,1,N840,N,False,False,False
POLIPO ENDOMETRIAL,1,1,1,0UB98ZZ,0,False,False,False
POLIPO UTERINO,1,1,1,N840,N,False,False,False
POLIPO endometrio,1,1,1,0UB98ZZ,0,False,False,False
POLIPOSIS NASAL,1,1,1,J339,J,False,False,False
POLIPo endometrio,1,1,1,0UB98ZZ,0,False,False,False
POLIQUISTOSIS HEPATica,1,1,1,75162,7,False,False,False
POLIQUISTOSIS RENAL,1,1,1,75312,7,False,False,False
POLIpo endometrio,1,1,1,N840,N,False,False,False
POP,1,1,1,N814,N,False,False,False
POP total,1,1,1,N813,N,False,False,False
PORTADORA DE CPAP,1,1,1,Z9989,Z,False,False,False
PPC derecha,1,1,1,Z96641,Z,False,False,False
PREECLAMPSIA GRAVE,1,1,1,O1414,O,False,False,False
PREECLAMPSIA grave,1,1,1,O1414,O,False,False,False
PROBLEMA SOCIAL,1,1,1,V629,V,False,False,False
PROLAPSO DE CUPULA VAGINAL POSTHISTERECTOMIA,1,1,1,N993,N,False,False,False
PROLAPSO UTEROVAGINAL COMPLETO,1,1,1,N813,N,False,False,False
PROLAPSO utero,1,1,1,N814,N,False,False,False
PROPESS,1,1,1,3E0P7VZ,3,False,False,False
PROSTATECTOMÍA RADICAL LAPAROSCÓPICA,1,1,1,0VT04ZZ,0,False,False,False
PROSTATITIS CRONICA,1,1,1,N411,N,False,False,False
PROSTATITIS CRÓNICA,1,1,1,N411,N,False,False,False
PRÓTESIS BILATERAL,1,1,1,Z96653,Z,False,False,False
PRÓTESIS BIOLÓGICA,1,1,1,Z953,Z,False,False,False
PRÓTESIS DE AMBAS RODILLA,1,1,1,Z96653,Z,False,False,False
PRÓTESIS TOTAL DE CADERA DERECHA,1,1,1,Z96641,Z,False,False,False
PSEUDOHIPOPARATIROIDISMO,1,1,1,E201,E,False,False,False
PSEUDOMIXOMA PERITONEAL,1,1,1,C786,C,False,False,False
PTC bilateral,1,1,1,Z96643,Z,False,False,False
PTC derecha,1,1,1,V4364,V,False,False,False
PTC izqda,1,1,1,Z96642,Z,False,False,False
PTC izquierda,1,1,1,Z96642,Z,False,False,False
PTI anteparto,1,1,1,64933,6,False,False,False
PTI part,1,1,1,D693,D,False,False,False
PTR,1,1,1,V4365,V,False,False,False
PTR BILATERAL,1,1,1,Z96653,Z,False,False,False
PTR DERECHA,1,1,1,0SRC0J9,0,False,False,False
PTR IZDA,1,1,1,Z96652,Z,False,False,False
PTR bilateral,1,1,1,Z96653,Z,False,False,False
PTR dcha,1,1,1,0SRC0J9,0,False,False,False
PTR dcha cementada,1,1,1,0SRC0J9,0,False,False,False
PTR derecha,1,1,1,Z96651,Z,False,False,False
PTR izda,1,1,1,Z96652,Z,False,False,False
PULMONARES,1,1,1,C7800,C,False,False,False
Paciente institucionalizada,1,1,1,Z593,Z,False,False,False
Padres consanguineos,1,1,1,Z843,Z,False,False,False
Padres consanguíneos,1,1,1,Z843,Z,False,False,False
Padres cosanguineos,1,1,1,Z843,Z,False,False,False
Palpitaciones,1,1,1,7851,7,False,False,False
Palpitacions,1,1,1,R002,R,False,False,False
Pancreatitis,1,1,1,K8590,K,False,False,False
Pancreatitis aguda litiásica,1,1,1,K8510,K,False,False,False
Pancreatitis crònica,1,1,1,K861,K,False,False,False
Pangastritis crónica,1,1,1,K2950,K,False,False,False
Paniculitis mesentérica,1,1,1,K654,K,False,False,False
Papiloma Intraductal,1,1,1,85030,8,False,False,False
Papiloma Mama derecha,1,1,1,D241,D,False,False,False
Papiloma intracanalicular mama izquierda,1,1,1,D242,D,False,False,False
Papiloma intraductal,1,1,1,85030,8,False,False,False
Papiloma laringe,1,1,1,2121,2,False,False,False
Papiloma mama izquierda,1,1,1,D242,D,False,False,False
Paracentesis,1,1,1,0W9G3ZZ,0,False,False,False
Paralisis Facial,1,1,1,G510,G,False,False,False
Paraplejia,1,1,1,G8220,G,False,False,False
Paratiroidectomía superior izquierda,1,1,1,0689,0,False,False,False
Parestesias,1,1,1,R202,R,False,False,False
Parkinsonismo,1,1,1,G20,G,False,False,False
Parkinsonismo farmacológico,1,1,1,3321,3,False,False,False
Part,1,1,1,7359,7,False,False,False
Parto 41,1,1,1,O480,O,False,False,False
Parto DE NALGAS,1,1,1,7254,7,False,False,False
Parto de nalgas,1,1,1,7254,7,False,False,False
Parto estacionado,1,1,1,O621,O,False,False,False
Parto gemelar,1,1,1,65101,6,False,False,False
Parto precipitado,1,1,1,O623,O,False,False,False
Parvovirus B19,1,1,1,B343,B,False,False,False
Paràlisi cerebral no especificada,1,1,1,G809,G,False,False,False
Parálisis cuerda vocal izquierda,1,1,1,J3801,J,False,False,False
Parálisis cuerdas vocales,1,1,1,47833,4,False,False,False
Parálisis de Bell,1,1,1,G510,G,False,False,False
Parálisis diafragmática,1,1,1,J986,J,False,False,False
Parálisis facial izquierda periférica,1,1,1,G510,G,False,False,False
Patología artrodegenerativa,1,1,1,M1990,M,False,False,False
Pectum excavatum,1,1,1,Q676,Q,False,False,False
Pectus carinatum,1,1,1,Q677,Q,False,False,False
Pectus excavatum,1,1,1,Q676,Q,False,False,False
Pectus excavatum corregido,1,1,1,V1368,V,False,False,False
Pediculosi,1,1,1,B852,B,False,False,False
Pediculosis,1,1,1,B852,B,False,False,False
Pelvis congelada,1,1,1,N9489,N,False,False,False
Penicilinas,1,1,1,V140,V,False,False,False
Perforación timpánica,1,1,1,38420,3,False,False,False
Perforación timpánica derecha,1,1,1,38420,3,False,False,False
Periapendicitis,1,1,1,K37,K,False,False,False
Peridural,1,1,1,3E0R3BZ,3,False,False,False
Pesario,1,1,1,V528,V,False,False,False
Peu diabètic,1,1,1,25080,2,False,False,False
Peu diabètic 2,1,1,1,70715,7,False,False,False
Pielografía,1,1,1,BT1FYZZ,B,False,False,False
Pielonefritis aguda anteparto,1,1,1,59010,5,False,False,False
Pielonefritis aguda derecha,1,1,1,59010,5,False,False,False
Pielonefritis aguda por E Coli,1,1,1,B9620,B,False,False,False
Pielonefritis aguda por E. Coli,1,1,1,N10,N,False,False,False
Pielonefritis crónica,1,1,1,N119,N,False,False,False
Pieloplastia,1,1,1,5587,5,False,False,False
Piernas inquietas,1,1,1,G2581,G,False,False,False
Piloromiotomía extramucosa,1,1,1,433,4,False,False,False
Piometra,1,1,1,N710,N,False,False,False
Piperacilina,1,1,1,3E03329,3,False,False,False
Pirosis,1,1,1,7871,7,False,False,False
Pitiriasis rosada,1,1,1,L42,L,False,False,False
Placa de tórax,1,1,1,BW03ZZZ,B,False,False,False
Placenta previa,1,1,1,O4403,O,False,False,False
Placenta previa oclusiva total,1,1,1,O4403,O,False,False,False
Plagiocefalia,1,1,1,Q673,Q,False,False,False
Plapitaciones,1,1,1,7851,7,False,False,False
Plaquetopenia part,1,1,1,D696,D,False,False,False
Plasma,1,1,1,9907,9,False,False,False
Pneumonia necrotizante,1,1,1,5130,5,False,False,False
Pneumònia Pneumocòccica,1,1,1,J13,J,False,False,False
Pneumònia bacteriana no especificada,1,1,1,J159,J,False,False,False
Pneumònia causada per Streptococcus pneumoniae,1,1,1,J13,J,False,False,False
Pneumònies de repetició,1,1,1,Z8701,Z,False,False,False
Polhidramnios,1,1,1,O403XX0,O,False,False,False
Poliartralgias,1,1,1,M2550,M,False,False,False
Poliartropatía,1,1,1,M130,M,False,False,False
Poliartrosis,1,1,1,M159,M,False,False,False
Policitemia,1,1,1,D751,D,False,False,False
Policitemia rn,1,1,1,P611,P,False,False,False
Policontusión,1,1,1,T07XXXA,T,False,False,False
Polidactilia,1,1,1,Q699,Q,False,False,False
Polidipsia,1,1,1,7835,7,False,False,False
Polihidramni,1,1,1,O403XX0,O,False,False,False
Polihidramnis,1,1,1,O403XX0,O,False,False,False
Polimenorrea,1,1,1,N920,N,False,False,False
Polimialgia reumática,1,1,1,725,7,False,False,False
Polimicrogiria,1,1,1,7422,7,False,False,False
Polineuropatia,1,1,1,3569,3,False,False,False
Polineuropatía del paciente crítico,1,1,1,G6281,G,False,False,False
Polineuropatía diabética,1,1,1,E1142,E,False,False,False
Polineuropatía diabética 2,1,1,1,25060,2,False,False,False
Poliomielitis,1,1,1,138,1,False,False,False
Polipectomia endoscòpica,1,1,1,Z86010,Z,False,False,False
Polipectomias colónicas de repetición,1,1,1,V1272,V,False,False,False
Polipectomía endoscopica,1,1,1,V1272,V,False,False,False
Polipectomía histeroscópica,1,1,1,0UB98ZZ,0,False,False,False
Polipo endometrial,1,1,1,N840,N,False,False,False
Polipo fosa nasal,1,1,1,4710,4,False,False,False
Polipos colónicos resecados,1,1,1,V1272,V,False,False,False
Polipos endometriales,1,1,1,N840,N,False,False,False
Poliposis colonica,1,1,1,2113,2,False,False,False
Poliposis colónica,1,1,1,K635,K,False,False,False
Poliquistosis hepática,1,1,1,Q446,Q,False,False,False
Poliquistosis renal bilateral,1,1,1,Q613,Q,False,False,False
Politoxicomana,1,1,1,30491,3,False,False,False
Poliuria,1,1,1,78842,7,False,False,False
Port-a-Cath,1,1,1,8607,8,False,False,False
Portador de Klebsiella pneumoniae,1,1,1,Z2239,Z,False,False,False
Portador de derivación ventriculoperitoneal,1,1,1,Z982,Z,False,False,False
Portador de gastrostomia,1,1,1,Z931,Z,False,False,False
Portador de oxigenoterapia,1,1,1,V462,V,False,False,False
Portador marsa,1,1,1,Z22322,Z,False,False,False
Portadora DIU,1,1,1,Z975,Z,False,False,False
Portadora VHB,1,1,1,Z2251,Z,False,False,False
Portadora VHB madre rn,1,1,1,Z20828,Z,False,False,False
Portadora Vhb,1,1,1,Z2251,Z,False,False,False
Portadora de MCP,1,1,1,Z950,Z,False,False,False
Portadora de PEG,1,1,1,V441,V,False,False,False
Portadora de PTR bilateral,1,1,1,V4365,V,False,False,False
Portadora de audífono,1,1,1,Z974,Z,False,False,False
Portadora de colostomía,1,1,1,V443,V,False,False,False
Portadora de marcapasos,1,1,1,Z950,Z,False,False,False
Portadora de marcapasos DDD,1,1,1,Z950,Z,False,False,False
Portadora de stent,1,1,1,Z955,Z,False,False,False
Portadores de traqueostomía,1,1,1,Z930,Z,False,False,False
Postectomía,1,1,1,0VBTXZZ,0,False,False,False
PreDiabetes,1,1,1,79029,7,False,False,False
Preclampsia Grave,1,1,1,O1414,O,False,False,False
Preclampsia grave puerperal,1,1,1,O1415,O,False,False,False
Preclampsia leve,1,1,1,O1404,O,False,False,False
Prediabetes,1,1,1,R7303,R,False,False,False
Preeclampsia,1,1,1,O1494,O,False,False,False
Preeclampsia gravedad,1,1,1,O1414,O,False,False,False
Preeclampsia lleu,1,1,1,64241,6,False,False,False
Preeclampsia puerperal,1,1,1,O1405,O,False,False,False
Preeclamsia leve,1,1,1,O1404,O,False,False,False
Prematuridad 2000,1,1,1,P0718,P,False,False,False
Prematuridad 30,1,1,1,P0733,P,False,False,False
Prematuridad 31,1,1,1,P0734,P,False,False,False
Prematuridad 33,1,1,1,P0736,P,False,False,False
Prematuridad 750,1,1,1,P0703,P,False,False,False
Presbiacusia,1,1,1,H9110,H,False,False,False
Presbiacusia bilateral,1,1,1,H9113,H,False,False,False
Presbicia,1,1,1,H524,H,False,False,False
Presbiopia,1,1,1,H524,H,False,False,False
Presentación inestable,1,1,1,O320XX0,O,False,False,False
Presentación podálica,1,1,1,O328XX0,O,False,False,False
Pretérmino,1,1,1,64421,6,False,False,False
Primer dedo mano izquierda en resorte,1,1,1,M65312,M,False,False,False
Primigesta de 36.5 semanas,1,1,1,64421,6,False,False,False
Primigesta de 40,1,1,1,O480,O,False,False,False
Primigesta de 40+,1,1,1,O480,O,False,False,False
Primperan,1,1,1,3E033GC,3,False,False,False
Primípara,1,1,1,O09513,O,False,False,False
Probable virasis,1,1,1,B349,B,False,False,False
Problema social,1,1,1,V629,V,False,False,False
Problemas alimentacion,1,1,1,R633,R,False,False,False
Procidencia de mano.,1,1,1,O6989X0,O,False,False,False
Proctalgia,1,1,1,56942,5,False,False,False
Profilactica ovario,1,1,1,V5042,V,False,False,False
Prolactinoma,1,1,1,82710,8,False,False,False
Prolapse de cupula vaginal,1,1,1,6185,6,False,False,False
Prolapse uterovaginal,1,1,1,N814,N,False,False,False
Prolapso de cordón,1,1,1,O690XX0,O,False,False,False
Prolapso de cupula vaginal,1,1,1,N993,N,False,False,False
Prolapso genital 2,1,1,1,6184,6,False,False,False
Prolapso rectal,1,1,1,K623,K,False,False,False
Prolapso vesical,1,1,1,N819,N,False,False,False
Propess,1,1,1,3E0P7VZ,3,False,False,False
Propionibacterium acnes,1,1,1,B9689,B,False,False,False
Prostaglandinas,1,1,1,3E0P7VZ,3,False,False,False
Prostatectomia,1,1,1,Z9079,Z,False,False,False
Prostatectomía,1,1,1,V4577,V,False,False,False
Prostatismo,1,1,1,N400,N,False,False,False
Prostatitis aguda,1,1,1,N410,N,False,False,False
Prostatitis crónica,1,1,1,N411,N,False,False,False
Proteinosis Alveolar Pulmonar,1,1,1,5160,5,False,False,False
Protesis,1,1,1,8553,8,False,False,False
Protesis cadera derecha,1,1,1,Z96641,Z,False,False,False
Protesis de cadera,1,1,1,V4364,V,False,False,False
Protesis de cadera izquierda,1,1,1,Z96642,Z,False,False,False
Protesis de rodilla izd,1,1,1,Z96652,Z,False,False,False
Protesis mamarias,1,1,1,V4382,V,False,False,False
Protesis mamaries,1,1,1,V4382,V,False,False,False
Protesis rodilla bilateral,1,1,1,Z96653,Z,False,False,False
Protesis rodilla derecha,1,1,1,Z96651,Z,False,False,False
Protesisi cadera izquierda,1,1,1,Z96642,Z,False,False,False
Proteus mirabilis,1,1,1,0416,0,False,False,False
Proteïnúria,1,1,1,R809,R,False,False,False
Protusión discal Lumbar,1,1,1,72210,7,False,False,False
Prótesis aórtica biológica,1,1,1,Z953,Z,False,False,False
Prótesis cadera,1,1,1,V4364,V,False,False,False
Prótesis cadera derecha,1,1,1,Z96641,Z,False,False,False
Prótesis de cadera bilateral,1,1,1,Z96643,Z,False,False,False
Prótesis de cadera derecha,1,1,1,Z96641,Z,False,False,False
Prótesis de rodilla bilateral,1,1,1,Z96653,Z,False,False,False
Prótesis de rodilla derecha,1,1,1,0SRC0J9,0,False,False,False
Prótesis de rodilla izq,1,1,1,Z96652,Z,False,False,False
Prótesis de rodilla izquierda,1,1,1,Z96652,Z,False,False,False
Prótesis invertida de hombro derecho,1,1,1,0RRJ00Z,0,False,False,False
Prótesis invertida de hombro izquierdo,1,1,1,0RRK00Z,0,False,False,False
Prótesis mamarias,1,1,1,Z9882,Z,False,False,False
Prótesis rodilla,1,1,1,V4365,V,False,False,False
Prótesis rodilla dcha,1,1,1,Z96651,Z,False,False,False
Prótesis rodilla izquierda,1,1,1,V4365,V,False,False,False
Prótesis ródilla,1,1,1,V4365,V,False,False,False
Prótesis total de cadera bilateral,1,1,1,Z96643,Z,False,False,False
Prótesis total de cadera derecha,1,1,1,Z96641,Z,False,False,False
Prótesis valvular mitral,1,1,1,Z952,Z,False,False,False
Pseudofaquia AO,1,1,1,H2703,H,False,False,False
Pseudofaquia OI,1,1,1,H2702,H,False,False,False
Pseudomona aeruginosa,1,1,1,B965,B,False,False,False
Pseudomonas,1,1,1,0417,0,False,False,False
Psicosis inespecificada,1,1,1,F29,F,False,False,False
Psoriasi,1,1,1,L409,L,False,False,False
Psoriasis,1,1,1,L409,L,False,False,False
Psoriasis cutánea,1,1,1,6961,6,False,False,False
Ptosis bilateral,1,1,1,H02403,H,False,False,False
Puerpera,1,1,1,Z390,Z,False,False,False
Puerperi,1,1,1,Z390,Z,False,False,False
Puerperio,1,1,1,Z390,Z,False,False,False
Puerperio - ITU,1,1,1,O8629,O,False,False,False
Puerperio normal,1,1,1,Z390,Z,False,False,False
Puerpero,1,1,1,Z390,Z,False,False,False
Punció lumbar,1,1,1,009U3ZX,0,False,False,False
Punción Lumbar,1,1,1,009U3ZX,0,False,False,False
Punción dural accidental,1,1,1,34931,3,False,False,False
Punción dural accidental posparto,1,1,1,66882,6,False,False,False
PÓLIPOS ENDOMETRIALES,1,1,1,0UB98ZZ,0,False,False,False
Pénfigo ampolloso,1,1,1,L120,L,False,False,False
Pérdida de bienestar fetal,1,1,1,65681,6,False,False,False
Pólipo endocervical,1,1,1,N841,N,False,False,False
Pólipo endometrial,1,1,1,6210,6,False,False,False
Pólipo fosa nasal,1,1,1,4710,4,False,False,False
Pólipo gástrico,1,1,1,K317,K,False,False,False
Pólipo vesicular,1,1,1,5756,5,False,False,False
Pólipos colon,1,1,1,2113,2,False,False,False
Pólipos endometriales,1,1,1,0UB98ZZ,0,False,False,False
Púerpera,1,1,1,Z390,Z,False,False,False
Púrpura trombocitopenica idiopática,1,1,1,23871,2,False,False,False
Q07.03,1,1,1,Q0703,Q,False,False,False
Q39.1,1,1,1,Q391,Q,False,False,False
Q44.2,1,1,1,Q442,Q,False,False,False
Q44.6,1,1,1,Q446,Q,False,False,False
Q64.2,1,1,1,Q642,Q,False,False,False
QMT,1,1,1,Z9221,Z,False,False,False
QT,1,1,1,Z9221,Z,False,False,False
QUEILOPLAStia,1,1,1,2754,2,False,False,False
QUERATORIS SEBORREICA,1,1,1,L821,L,False,False,False
QUERATOSIS ACTÍNICA,1,1,1,L570,L,False,False,False
QUIMIOTERAPIA,1,1,1,Z9221,Z,False,False,False
QUISTE,1,1,1,L723,L,False,False,False
QUISTE DE OVARIO DERECHO,1,1,1,N83291,N,False,False,False
QUISTE EPIDÉRMICO,1,1,1,L720,L,False,False,False
QUISTE GLÁNDULA DE BARTHOLINO,1,1,1,N750,N,False,False,False
QUISTE HEMORRÁGICO ovario DERECHO,1,1,1,N83291,N,False,False,False
QUISTE SEBACEO mama izqueirda,1,1,1,N6082,N,False,False,False
QUISTECTOMIA OVÁRICA DERECHA LAPAROSCÓPICA,1,1,1,0UB04ZZ,0,False,False,False
QUISTECTOMÍA ANEXIAL IZQUIERDA LAPAROSCÓPICA,1,1,1,0UB14ZZ,0,False,False,False
QUISTECTOMÍA OVARIO DERECHO LAPAROSCÓPICA,1,1,1,0UB04ZZ,0,False,False,False
QUISTECTOMÍA OVÁRICA DERECHA LAPAROSCÓPICA,1,1,1,0UB04ZZ,0,False,False,False
QUISTECTOMÍA OVÁRICA IZQUIERDA,1,1,1,0UB10ZZ,0,False,False,False
QUISTECTOMÍA OVÁRICA IZQUIERDA LAPAROSCÓPICA,1,1,1,0UB14ZZ,0,False,False,False
QUISTES HEPÁTICOS,1,1,1,K7689,K,False,False,False
QUeilitis ACTINICA,1,1,1,69272,6,False,False,False
QUimioterapia,1,1,1,9925,9,False,False,False
Qt,1,1,1,Z9221,Z,False,False,False
Qt historia,1,1,1,Z9221,Z,False,False,False
Quadre viral,1,1,1,07999,0,False,False,False
Queilitis xerótica,1,1,1,K130,K,False,False,False
Quemadura,1,1,1,X19XXXA,X,False,False,False
Quemadura 2 Mano izquierda,1,1,1,T23202A,T,False,False,False
Quemadura 2 brazo izquierdo,1,1,1,T22232A,T,False,False,False
Quemadura 2 cara,1,1,1,T2020XA,T,False,False,False
Quemadura 2 mano derecha,1,1,1,T23201A,T,False,False,False
Quemadura 2 muslo derecho,1,1,1,T24211A,T,False,False,False
Quemadura 2 muslo izquierdo,1,1,1,T24212A,T,False,False,False
Quemadura 2 torax,1,1,1,T2121XA,T,False,False,False
Quemadura 3 axila derecha,1,1,1,T22341A,T,False,False,False
Quemadura 3 muslo derecho,1,1,1,T24311A,T,False,False,False
Quemadura 3 pie izquierdo,1,1,1,T25322A,T,False,False,False
Quemadura 3 pierna derecha,1,1,1,T24331A,T,False,False,False
Queratitis actínica,1,1,1,L570,L,False,False,False
Queratosis actínica,1,1,1,L570,L,False,False,False
Queratosis actínicas,1,1,1,7020,7,False,False,False
Queratosis seborreica,1,1,1,L821,L,False,False,False
Quimioterapia,1,1,1,Z9221,Z,False,False,False
Quimioterapia Intratecal,1,1,1,0392,0,False,False,False
Quimioteràpia,1,1,1,9925,9,False,False,False
Quist branquial,1,1,1,Q180,Q,False,False,False
Quist pilonidal,1,1,1,0JB90ZZ,0,False,False,False
Quiste Pancreatico,1,1,1,K862,K,False,False,False
Quiste anexial derecho,1,1,1,N83201,N,False,False,False
Quiste anexiales D,1,1,1,N83291,N,False,False,False
Quiste cervical,1,1,1,L723,L,False,False,False
Quiste cortical renal,1,1,1,N281,N,False,False,False
Quiste de Baker,1,1,1,72751,7,False,False,False
Quiste de Bartholino izquierdo,1,1,1,N750,N,False,False,False
Quiste de Naboth,1,1,1,N888,N,False,False,False
Quiste de cuerpo lúteo,1,1,1,N8310,N,False,False,False
Quiste de inclusión,1,1,1,L723,L,False,False,False
Quiste de ovario derecho,1,1,1,N83291,N,False,False,False
Quiste de ovario izdo,1,1,1,N83202,N,False,False,False
Quiste dermoide,1,1,1,90840,9,False,False,False
Quiste folicular en ovario derecho,1,1,1,N8300,N,False,False,False
Quiste hepático,1,1,1,K7689,K,False,False,False
Quiste hidatídico,1,1,1,B678,B,False,False,False
Quiste mama izquierda,1,1,1,N6002,N,False,False,False
Quiste mamario,1,1,1,N6009,N,False,False,False
Quiste ovario derecho,1,1,1,N83201,N,False,False,False
Quiste paratubárico,1,1,1,N838,N,False,False,False
Quiste pilonidal,1,1,1,0JB90ZZ,0,False,False,False
Quiste renal,1,1,1,N281,N,False,False,False
Quiste renal derecho,1,1,1,N281,N,False,False,False
Quiste simple paratubárico,1,1,1,N838,N,False,False,False
Quistectomía ovario derecho,1,1,1,6529,6,False,False,False
Quistectomía ovario derecho laparoscópica,1,1,1,0UB04ZZ,0,False,False,False
Quistes corticales bilaterales,1,1,1,N281,N,False,False,False
Quistes de Naboth,1,1,1,N888,N,False,False,False
Quistes de Naboth. -,1,1,1,N888,N,False,False,False
Quistes de naboth,1,1,1,N888,N,False,False,False
Quistes esplénicos,1,1,1,28959,2,False,False,False
Quistes pancreáticos,1,1,1,K862,K,False,False,False
Quistes parapiélicos renales,1,1,1,5932,5,False,False,False
Quistes paratubáricos,1,1,1,N838,N,False,False,False
Quistes paratubáricos. -,1,1,1,N838,N,False,False,False
Quistes renal izquierdo,1,1,1,N281,N,False,False,False
Quistes renales,1,1,1,N281,N,False,False,False
R13.10,1,1,1,R1310,R,False,False,False
R25.9,1,1,1,R259,R,False,False,False
R41.843,1,1,1,R41843,R,False,False,False
R42,1,1,1,R42,R,False,False,False
R44.1,1,1,1,R441,R,False,False,False
R45.4,1,1,1,R454,R,False,False,False
R45.6,1,1,1,R456,R,False,False,False
R51.9,1,1,1,R519,R,False,False,False
R56.9,1,1,1,R569,R,False,False,False
R68.13,1,1,1,R6813,R,False,False,False
R80.1,1,1,1,R801,R,False,False,False
RABA,1,1,1,10907ZC,1,False,False,False
RADIO-YODO :HIPOTIROIDISMO,1,1,1,E032,E,False,False,False
RADIOGRAFÍA DE TÓRAX,1,1,1,BW03ZZZ,B,False,False,False
RADIOTERAPIA,1,1,1,Z923,Z,False,False,False
RAFI femur,1,1,1,7935,7,False,False,False
RAM AINEs,1,1,1,T490X5A,T,False,False,False
RAO,1,1,1,R339,R,False,False,False
RCFI húmero,1,1,1,7911,7,False,False,False
RCIU 1,1,1,1,O365931,O,False,False,False
RCP,1,1,1,9960,9,False,False,False
RCTG : no tranquilizador,1,1,1,O76,O,False,False,False
RCTG no tranquilizador,1,1,1,O76,O,False,False,False
RCTG notranquilizador,1,1,1,O76,O,False,False,False
RCTG patológico,1,1,1,65971,6,False,False,False
RCTG poco tranquilizador,1,1,1,O76,O,False,False,False
RCTG pocotranquilizador,1,1,1,O76,O,False,False,False
RDNP,1,1,1,36201,3,False,False,False
RDT,1,1,1,Z923,Z,False,False,False
RE ++,1,1,1,Z170,Z,False,False,False
RE +++,1,1,1,Z170,Z,False,False,False
RE +++/+++,1,1,1,Z170,Z,False,False,False
RE ++/+++,1,1,1,Z170,Z,False,False,False
RE -,1,1,1,V860,V,False,False,False
RE POSITIVO,1,1,1,Z170,Z,False,False,False
RE POSITIVO ++,1,1,1,Z170,Z,False,False,False
RE negativos,1,1,1,V861,V,False,False,False
RE positivos,1,1,1,V860,V,False,False,False
RE positvos,1,1,1,V860,V,False,False,False
RE++,1,1,1,Z170,Z,False,False,False
RE+++/+++,1,1,1,Z170,Z,False,False,False
"RE+,",1,1,1,V860,V,False,False,False
RE-,1,1,1,V861,V,False,False,False
"RE-,",1,1,1,V860,V,False,False,False
RE: +++,1,1,1,Z170,Z,False,False,False
"RE: ++/+++,",1,1,1,Z170,Z,False,False,False
RE: POSITIVOS,1,1,1,Z170,Z,False,False,False
RE: POSITIVOS (+++ / +++),1,1,1,Z170,Z,False,False,False
RE: Positivos,1,1,1,Z170,Z,False,False,False
RE: Positivos (+++/+++),1,1,1,Z170,Z,False,False,False
RE:POSITIVOS,1,1,1,Z170,Z,False,False,False
REACCIÓN ADAPTATIVA,1,1,1,F4320,F,False,False,False
RECEPTORES DE ESTROGENOS,1,1,1,Z170,Z,False,False,False
RECEPTORES DE ESTROGENOS:NEGATIVOS,1,1,1,Z171,Z,False,False,False
RECIÉN NACIDO,1,1,1,Z370,Z,False,False,False
RECONVERSIÓN A LAPAROTOMÍA,1,1,1,Z5331,Z,False,False,False
REDUCCIÓN MAMARIA BILATERAL,1,1,1,0HBV0ZZ,0,False,False,False
REFLUJO GASTROESOFÁGICO,1,1,1,K219,K,False,False,False
REFLUJO VESICOURETERAL BILATERAL,1,1,1,N1370,N,False,False,False
REFLUX GASTRO-ESOFÀGIC,1,1,1,K219,K,False,False,False
REM,1,1,1,O4202,O,False,False,False
RESECCIÓN DE SIGMA,1,1,1,Z9049,Z,False,False,False
RESECCIÓN TRANSURETRAL DE VEJIGA,1,1,1,0TBB8ZZ,0,False,False,False
RESTES OVULARS,1,1,1,O034,O,False,False,False
RESTOS ABORTIVOS,1,1,1,O021,O,False,False,False
RESTOS PLACENTARIOS,1,1,1,O722,O,False,False,False
RESTOS PUERPERALES,1,1,1,O731,O,False,False,False
RETENCIÓN URINARIA,1,1,1,R339,R,False,False,False
RETIRADA DE DOBLE J,1,1,1,0TP980Z,0,False,False,False
RGE part,1,1,1,K219,K,False,False,False
RICHTER,1,1,1,0USG0ZZ,0,False,False,False
RIESGO PERDIDA BIENESTAR,1,1,1,O368930,O,False,False,False
RIESGO PERDIDA BIENESTAR fetal,1,1,1,O368930,O,False,False,False
RINITIS ALERGICA,1,1,1,J309,J,False,False,False
RINITIS aguda,1,1,1,J00,J,False,False,False
RINOCONJUNTIVITIS ALÉRGICA,1,1,1,H1045,H,False,False,False
RIZARTROSIS DERECHA,1,1,1,M1811,M,False,False,False
RInosinusitis cronica,1,1,1,4739,4,False,False,False
RM  espinal,1,1,1,8893,8,False,False,False
RM COLUMNA LUMBOSACRA,1,1,1,BR3FZZZ,B,False,False,False
RM CRANEAL,1,1,1,B030ZZZ,B,False,False,False
RM Craneal,1,1,1,B030ZZZ,B,False,False,False
RM DE PELVIS,1,1,1,BW3GZZZ,B,False,False,False
RM cerebral amb contrast,1,1,1,B030Y0Z,B,False,False,False
RM craneal,1,1,1,8891,8,False,False,False
RM craneo,1,1,1,8891,8,False,False,False
RM de cadera izquierda,1,1,1,BQ31ZZZ,B,False,False,False
RM perianal,1,1,1,BW3GZZZ,B,False,False,False
RMN,1,1,1,8897,8,False,False,False
RMN abd,1,1,1,BW30ZZZ,B,False,False,False
RMN cardíaca,1,1,1,B236ZZZ,B,False,False,False
RMN pelvica,1,1,1,8895,8,False,False,False
RMN rodilla derecha,1,1,1,BQ37ZZZ,B,False,False,False
RMn lumbar,1,1,1,BR39ZZZ,B,False,False,False
RN 2,1,1,1,V272,V,False,False,False
RN muerto,1,1,1,Z371,Z,False,False,False
RNM cerebral,1,1,1,B030ZZZ,B,False,False,False
ROBÓTICA,1,1,1,8E0W4CZ,8,False,False,False
ROSACEA,1,1,1,L719,L,False,False,False
ROTURA DEL SUPRAESPINOSO HOMBRO DERECHO,1,1,1,M75101,M,False,False,False
ROTURA MANGUITO HOMBRO DERECHO,1,1,1,M75101,M,False,False,False
ROTURA MENISCO EXTERNO RODILLA IZQUIERDA,1,1,1,M23262,M,False,False,False
RPBF,1,1,1,O368930,O,False,False,False
RPM,1,1,1,O4292,O,False,False,False
RPM &gt; 24h,1,1,1,65821,6,False,False,False
RPM 1,1,1,1,O4202,O,False,False,False
RPM 2,1,1,1,O4212,O,False,False,False
RPM PP 2,1,1,1,O42113,O,False,False,False
RPM anteparto,1,1,1,65813,6,False,False,False
RPM pp 1,1,1,1,O42013,O,False,False,False
RPM pp 2,1,1,1,O42113,O,False,False,False
RPbF,1,1,1,O3693X0,O,False,False,False
RT,1,1,1,Z923,Z,False,False,False
RTU tm vesical,1,1,1,0TBB8ZZ,0,False,False,False
RX ABDOMEN,1,1,1,8819,8,False,False,False
RX DE TÓRAX,1,1,1,BW03ZZZ,B,False,False,False
RX TORAX,1,1,1,BW03ZZZ,B,False,False,False
RX Torax,1,1,1,BW03ZZZ,B,False,False,False
RX TÓRAX,1,1,1,BW03ZZZ,B,False,False,False
RX cadera derecha,1,1,1,BQ00ZZZ,B,False,False,False
RX de torax,1,1,1,BW03ZZZ,B,False,False,False
RX torax,1,1,1,BW03ZZZ,B,False,False,False
RX tórax,1,1,1,BW03ZZZ,B,False,False,False
Rabdomiolisis,1,1,1,M6282,M,False,False,False
Rabdomiòlisi,1,1,1,M6282,M,False,False,False
Radiculopatía cervical,1,1,1,M5412,M,False,False,False
Radiografia abdominal,1,1,1,8819,8,False,False,False
Radiografia de cráneo,1,1,1,BN00ZZZ,B,False,False,False
Radiografia de rodillas,1,1,1,BQ07ZZZ,B,False,False,False
Radiografia de torax,1,1,1,BW03ZZZ,B,False,False,False
Radiografia de tòrax,1,1,1,BW03ZZZ,B,False,False,False
Radiografia de tórax,1,1,1,8744,8,False,False,False
Radiografía abdomen,1,1,1,BW00ZZZ,B,False,False,False
Radiografía abdominal,1,1,1,BW00ZZZ,B,False,False,False
Radiografía clavícula izq,1,1,1,BP05ZZZ,B,False,False,False
Radiografía de Abdomen,1,1,1,8819,8,False,False,False
Radiografía de Tórax,1,1,1,BW03ZZZ,B,False,False,False
Radiografía de cráneo,1,1,1,BN00ZZZ,B,False,False,False
Radiografía de rodilla,1,1,1,8827,8,False,False,False
Radiografía de tórax y abdomen,1,1,1,BW03ZZZ,B,False,False,False
Radiografía de tórax:,1,1,1,BW03ZZZ,B,False,False,False
Radiografía pelvis,1,1,1,BR0CZZZ,B,False,False,False
Radiografía rodilla izquierda,1,1,1,BQ08ZZZ,B,False,False,False
Radiografía tobillo,1,1,1,8828,8,False,False,False
Radiografías de tórax,1,1,1,BW03ZZZ,B,False,False,False
Rafi radio derecho,1,1,1,0PSH04Z,0,False,False,False
Rasgo talasemico,1,1,1,D563,D,False,False,False
Rasgos Obsesivos de la personalidad,1,1,1,F605,F,False,False,False
Rcfi cubito izquierdo,1,1,1,0PSL34Z,0,False,False,False
Reacción alérgica,1,1,1,99527,9,False,False,False
Reagudització respiratòria,1,1,1,51884,5,False,False,False
Recambio de expansor,1,1,1,8596,8,False,False,False
Recambio de expansor mama,1,1,1,V524,V,False,False,False
Recien nacido,1,1,1,Z370,Z,False,False,False
Recién Nacido,1,1,1,Z370,Z,False,False,False
Recién nacido,1,1,1,Z370,Z,False,False,False
Reconversión a laparotomía,1,1,1,Z5331,Z,False,False,False
Rectocele,1,1,1,N816,N,False,False,False
Rectorragia,1,1,1,K625,K,False,False,False
Reducción amigdalar,1,1,1,282,2,False,False,False
Reemplaçament total de genoll,1,1,1,V4365,V,False,False,False
Reflujo esofagogástrico,1,1,1,53081,5,False,False,False
Reflujo gastro-esofágico,1,1,1,53081,5,False,False,False
Reflujo vesicoureteral congenito,1,1,1,Q6212,Q,False,False,False
Reflux esofàgic,1,1,1,K219,K,False,False,False
Reflux gastro esofagic,1,1,1,53081,5,False,False,False
Reflux gastro esofàgic,1,1,1,53081,5,False,False,False
"Reflux vesicoureteral amb nefropatia per reflux, bilateral",1,1,1,59372,5,False,False,False
Refluxe gastro-esofàgic,1,1,1,K219,K,False,False,False
Regurgitació i ruminació del nadó,1,1,1,P921,P,False,False,False
Reimplante ureteral,1,1,1,5674,5,False,False,False
Remdesivir,1,1,1,XW033E5,X,False,False,False
Rendu Osler Weber,1,1,1,I780,I,False,False,False
Reparació de llavi fes,1,1,1,2754,2,False,False,False
Resecció de recte-sigma,1,1,1,4869,4,False,False,False
Resección anterior baja,1,1,1,Z9049,Z,False,False,False
Resección de ileon,1,1,1,Z9049,Z,False,False,False
Resección ileocecal,1,1,1,Z9049,Z,False,False,False
Resección intestinal,1,1,1,Z9049,Z,False,False,False
Resección rectal,1,1,1,Z9049,Z,False,False,False
Resección transuretral de tumor vesical,1,1,1,0TBB8ZZ,0,False,False,False
Reside sola,1,1,1,Z602,Z,False,False,False
Resonancia Magnética Cerebral,1,1,1,B030ZZZ,B,False,False,False
Resonancia magnética cerebral,1,1,1,B030ZZZ,B,False,False,False
Restos Puerperales,1,1,1,O731,O,False,False,False
Restos puerperales,1,1,1,O731,O,False,False,False
Restrenyiment,1,1,1,K5900,K,False,False,False
Restrenyiment idiopàtic crònic,1,1,1,K5904,K,False,False,False
Retard pondo estatural,1,1,1,78343,7,False,False,False
Retard psicomotor,1,1,1,3079,3,False,False,False
Retencion de restos postparto,1,1,1,O731,O,False,False,False
Retencion placenta,1,1,1,O730,O,False,False,False
Retenció urinària no especificada,1,1,1,R339,R,False,False,False
Retención aguda de orina,1,1,1,R339,R,False,False,False
Retención de membranas,1,1,1,O731,O,False,False,False
Retención de orina,1,1,1,R339,R,False,False,False
Retención de restos abortivos,1,1,1,O034,O,False,False,False
Retención restos placentarios,1,1,1,66624,6,False,False,False
Retinitis pigmentaria,1,1,1,36274,3,False,False,False
Retinoblastoma,1,1,1,1905,1,False,False,False
Retinopatia diabetica 2,1,1,1,25050,2,False,False,False
Retinopatia hipertensiva,1,1,1,H35039,H,False,False,False
Retinopatía diabetica,1,1,1,36201,3,False,False,False
Retinopatía dm 1,1,1,1,E103299,E,False,False,False
Retinopatía hipertensiva,1,1,1,H35039,H,False,False,False
Retinopatía hipertensiva leve,1,1,1,H35039,H,False,False,False
Retinosis pigmentaria,1,1,1,H3552,H,False,False,False
Retirada DIU,1,1,1,0UPD7HZ,0,False,False,False
Retirada de expansor,1,1,1,8596,8,False,False,False
Retraso de crecimiento,1,1,1,R6251,R,False,False,False
Retraso del neurodesarrollo,1,1,1,F88,F,False,False,False
Retraso en el lenguaje,1,1,1,F809,F,False,False,False
Retraso estatura,1,1,1,78343,7,False,False,False
Retraso ponderal,1,1,1,78341,7,False,False,False
Retraso psicomotor,1,1,1,R41843,R,False,False,False
Retraso puberal,1,1,1,2590,2,False,False,False
Revisión de canal del parto,1,1,1,0UJD7ZZ,0,False,False,False
Rh negativo,1,1,1,65611,6,False,False,False
Rh: O +,1,1,1,Z6740,Z,False,False,False
Rhinovirus,1,1,1,B348,B,False,False,False
Rifampicina,1,1,1,3E03329,3,False,False,False
Rinitis,1,1,1,J310,J,False,False,False
Rinitis Alergica parto,1,1,1,O9952,O,False,False,False
Rinitis alergica,1,1,1,J309,J,False,False,False
Rinitis alérgica parto,1,1,1,O9952,O,False,False,False
Rinitis cronica,1,1,1,J310,J,False,False,False
Rinitis intermitente,1,1,1,J310,J,False,False,False
Rinitis parto,1,1,1,J310,J,False,False,False
Rinitis vasomotora,1,1,1,J300,J,False,False,False
Rinoconjuntivitis,1,1,1,J3089,J,False,False,False
Rinoconjuntivitis alergica,1,1,1,H1045,H,False,False,False
Rinoconjuntivitis alergica estacional,1,1,1,H1013,H,False,False,False
Rinoconjuntivitis alèrgica,1,1,1,H1045,H,False,False,False
Rinoconjuntivitis alérgica,1,1,1,H1045,H,False,False,False
Rinoconjuntivitis intermitente,1,1,1,H109,H,False,False,False
Rinofaringitis aguda,1,1,1,J00,J,False,False,False
Rinoscopia,1,1,1,09JKXZZ,0,False,False,False
Rinosinusitis crónica,1,1,1,4739,4,False,False,False
Rituximab,1,1,1,3E0330M,3,False,False,False
Rivaroxaban,1,1,1,Z7901,Z,False,False,False
Rizartrosis,1,1,1,M1810,M,False,False,False
Rizartrosis bilateral,1,1,1,M1812,M,False,False,False
Riñones con quistes,1,1,1,N281,N,False,False,False
Riñones poliquísticos,1,1,1,75312,7,False,False,False
Roncador habitual,1,1,1,78059,7,False,False,False
Rosacea,1,1,1,6953,6,False,False,False
Rosácea,1,1,1,L719,L,False,False,False
Rotavirus,1,1,1,A080,A,False,False,False
Rotura Prematura de Membranas,1,1,1,65811,6,False,False,False
Rotura de membranas,1,1,1,O4292,O,False,False,False
Rotura de membranas prematuro,1,1,1,O42913,O,False,False,False
Rotura espontanea de membranas 1,1,1,1,O4202,O,False,False,False
Rotura espontánea de membrana 1,1,1,1,O4202,O,False,False,False
Rotura espontánea de membranas 1,1,1,1,O4202,O,False,False,False
Rotura prematura de membranas,1,1,1,65811,6,False,False,False
Rotura prematura de membranas 1,1,1,1,O4202,O,False,False,False
Rotura prematura de membranas 2,1,1,1,O4212,O,False,False,False
Rotura prematura de membranas anteparto,1,1,1,65813,6,False,False,False
Rt,1,1,1,Z923,Z,False,False,False
Rubeola NO INMUNE .,1,1,1,O9852,O,False,False,False
Rubeola No inmune,1,1,1,Z228,Z,False,False,False
Rubéola no inmune,1,1,1,O9852,O,False,False,False
Rubéola: no inmune,1,1,1,O9852,O,False,False,False
Ruptura espontánea de membranas 1,1,1,1,O4202,O,False,False,False
Ruptura material osteosintesis,1,1,1,99640,9,False,False,False
Ruptura prematura de membranas 1,1,1,1,O4202,O,False,False,False
Ruptura prematura de membranes 1,1,1,1,O4202,O,False,False,False
Rx ABDOMEN,1,1,1,BW00ZZZ,B,False,False,False
Rx Abd,1,1,1,8819,8,False,False,False
Rx Cervial,1,1,1,BR00ZZZ,B,False,False,False
Rx Dorsal,1,1,1,BR07ZZZ,B,False,False,False
Rx Torax,1,1,1,BW03ZZZ,B,False,False,False
Rx Tórax,1,1,1,BW03ZZZ,B,False,False,False
Rx abdomen,1,1,1,BW00ZZZ,B,False,False,False
Rx cavum,1,1,1,B90FZZZ,B,False,False,False
Rx cervical,1,1,1,BR00ZZZ,B,False,False,False
Rx de Abdomen,1,1,1,8819,8,False,False,False
Rx de Tórax,1,1,1,BW03ZZZ,B,False,False,False
Rx de columna lumbar,1,1,1,BR09ZZZ,B,False,False,False
Rx de torax,1,1,1,BW03ZZZ,B,False,False,False
Rx de tòrax,1,1,1,BW03ZZZ,B,False,False,False
Rx de tórax:,1,1,1,BW03ZZZ,B,False,False,False
Rx parrilla costal,1,1,1,BP0XZZZ,B,False,False,False
Rx pelvis,1,1,1,BR0CZZZ,B,False,False,False
Rx pélvis,1,1,1,BR0CZZZ,B,False,False,False
Rx senos,1,1,1,B902ZZZ,B,False,False,False
Rx toraco abdominal,1,1,1,BW03ZZZ,B,False,False,False
Rx tórax:,1,1,1,BW03ZZZ,B,False,False,False
Rx-Tórax,1,1,1,BW03ZZZ,B,False,False,False
RxAbdomen,1,1,1,8819,8,False,False,False
RxT,1,1,1,BW03ZZZ,B,False,False,False
RxTx,1,1,1,BW03ZZZ,B,False,False,False
S Aureus,1,1,1,B9561,B,False,False,False
S subacromial hombro derecho,1,1,1,M7551,M,False,False,False
S. Agalactiae,1,1,1,B951,B,False,False,False
S. Aureus resistente a penicilina,1,1,1,04112,0,False,False,False
S. epidermidis,1,1,1,04119,0,False,False,False
S. mitis,1,1,1,04105,0,False,False,False
S. pneumoniae,1,1,1,B953,B,False,False,False
S. pyogenes,1,1,1,04101,0,False,False,False
S. tunel carpiano,1,1,1,G5600,G,False,False,False
S.haemolyticus,1,1,1,B957,B,False,False,False
S.marcescens,1,1,1,B9689,B,False,False,False
S01.301A,1,1,1,S01301A,S,False,False,False
SA: 40.,1,1,1,O480,O,False,False,False
SAG,1,1,1,O99824,O,False,False,False
SAG +,1,1,1,O99824,O,False,False,False
SAG : +,1,1,1,O99824,O,False,False,False
SAG : POSITIVO,1,1,1,O99824,O,False,False,False
SAG : positivo,1,1,1,O99824,O,False,False,False
SAG :+,1,1,1,O99824,O,False,False,False
SAG POSITIVO,1,1,1,O99824,O,False,False,False
SAG Positivo,1,1,1,O99824,O,False,False,False
SAG: +.,1,1,1,O99824,O,False,False,False
SAG: Positivo,1,1,1,O99824,O,False,False,False
SAG: positivo,1,1,1,O99824,O,False,False,False
SAG:+,1,1,1,O99824,O,False,False,False
SAHOS,1,1,1,32723,3,False,False,False
SAHoS,1,1,1,32723,3,False,False,False
SALPINGECTOMIA BILATERAL,1,1,1,0UT70ZZ,0,False,False,False
SALPINGECTOMIA BILATERAL LAPAROSCÓPICA,1,1,1,0UT74ZZ,0,False,False,False
SALPINGECTOMÍA BILATERAL,1,1,1,0UT70ZZ,0,False,False,False
SALPINGECTOMÍA geu izq lap,1,1,1,10T24ZZ,1,False,False,False
SALPINGUECTOMIA BILATERAL,1,1,1,0UT70ZZ,0,False,False,False
SALPINGUECTOMIA BILATERAL LAPAROSCÓPICA,1,1,1,0UT74ZZ,0,False,False,False
SALPINGUECTOMIA bilateral,1,1,1,0UT70ZZ,0,False,False,False
SALPINGUECTOMÍA BILATERAL,1,1,1,0UT70ZZ,0,False,False,False
SALPINGUECTOMÍA BILATERAL LAPAROSCOPIA,1,1,1,0UT74ZZ,0,False,False,False
SALPINGUECTOMÍA BILATERAL LAPAROSCOPICA,1,1,1,0UT74ZZ,0,False,False,False
SALPINGUECTOMÍA BILATERAL lap,1,1,1,0UT74ZZ,0,False,False,False
SALPINGUECTOMÍA DERECHA,1,1,1,0UT50ZZ,0,False,False,False
SALPINGUECTOMÍA DERECHA LAPAROSCÓPICA,1,1,1,0UT54ZZ,0,False,False,False
SALPINGUECTOMÍA IZQUIERDA,1,1,1,0UT60ZZ,0,False,False,False
SANGRADO POST-CONIZACIÓN,1,1,1,N99820,N,False,False,False
SANGRADO POSTCONIZACION,1,1,1,N99820,N,False,False,False
SANGRADO PUERPERAL,1,1,1,O721,O,False,False,False
SAOHS,1,1,1,G4733,G,False,False,False
SAOS,1,1,1,32723,3,False,False,False
SARS COV-2,1,1,1,U071,U,False,False,False
SARS- CoV2 negativo,1,1,1,Z20828,Z,False,False,False
SARS-COV2 negativo,1,1,1,Z20822,Z,False,False,False
SARS-COV2: negativa,1,1,1,Z20822,Z,False,False,False
SARS-CoV-2 negatius,1,1,1,Z20822,Z,False,False,False
SARS-CoV-2 negativo,1,1,1,Z20822,Z,False,False,False
SARS-CoV-2: Negatiu,1,1,1,Z20822,Z,False,False,False
SARS-CoV2 NEGATIVO,1,1,1,Z20822,Z,False,False,False
SARS-CoV2 negativos,1,1,1,Z20822,Z,False,False,False
SAos,1,1,1,G4733,G,False,False,False
SBG: positivo,1,1,1,V0251,V,False,False,False
SD . Down,1,1,1,7580,7,False,False,False
SD DEPRESIVO,1,1,1,F329,F,False,False,False
SD GILBERT,1,1,1,E804,E,False,False,False
SD de piernas inquietas,1,1,1,G2581,G,False,False,False
SDRE LYNCH,1,1,1,Z1509,Z,False,False,False
SEPSIS UROLÓGICA,1,1,1,N390,N,False,False,False
SF,1,1,1,3E0337Z,3,False,False,False
SG 40 +2,1,1,1,Z3A40,Z,False,False,False
SG 40+2,1,1,1,Z3A40,Z,False,False,False
SG: 40,1,1,1,O480,O,False,False,False
SG: 40 +,1,1,1,O480,O,False,False,False
SG: 40 +2,1,1,1,Z3A40,Z,False,False,False
SG: 40 .2,1,1,1,Z3A40,Z,False,False,False
SG: 40.2,1,1,1,Z3A40,Z,False,False,False
SG:40+2,1,1,1,Z3A40,Z,False,False,False
SGB,1,1,1,V0251,V,False,False,False
SGB  2,1,1,1,64891,6,False,False,False
SGB 2,1,1,1,64891,6,False,False,False
SGB POSITIVO,1,1,1,V0251,V,False,False,False
SGB Positivo,1,1,1,O99824,O,False,False,False
SGB rn,1,1,1,Z2089,Z,False,False,False
SGB+ 2,1,1,1,64891,6,False,False,False
SGB: positivo,1,1,1,O99824,O,False,False,False
SGb,1,1,1,O99824,O,False,False,False
SGb +,1,1,1,64891,6,False,False,False
SIADH,1,1,1,2536,2,False,False,False
SIALOADENITIS SUBMAXILAR,1,1,1,K1120,K,False,False,False
SINCOPE,1,1,1,7802,7,False,False,False
SINDROME ANTIFOSFOLÍPIDO,1,1,1,D6861,D,False,False,False
SINOVECTOMÍA rodilla derecha,1,1,1,0MBN4ZZ,0,False,False,False
SINOVITIS RODILLA DERECHA,1,1,1,M65861,M,False,False,False
SMA,1,1,1,N920,N,False,False,False
SMD,1,1,1,D469,D,False,False,False
SNG,1,1,1,0D9670Z,0,False,False,False
SNG rn,1,1,1,3E0G76Z,3,False,False,False
SONDA VESICAL,1,1,1,0T9B70Z,0,False,False,False
SONDAJE VESICAL,1,1,1,0T9B70Z,0,False,False,False
SONDATGE VESICAL,1,1,1,0T9B7ZZ,0,False,False,False
SOP,1,1,1,E282,E,False,False,False
SOP PARTO,1,1,1,E282,E,False,False,False
SOPQ,1,1,1,E282,E,False,False,False
SPECT cardíaco,1,1,1,B2211ZZ,B,False,False,False
SSF,1,1,1,3E0337Z,3,False,False,False
STC derecho,1,1,1,G5601,G,False,False,False
STENT,1,1,1,Z955,Z,False,False,False
STENT FARMACOACTIVO,1,1,1,Z955,Z,False,False,False
STENT farmacoactivo,1,1,1,Z955,Z,False,False,False
SUA,1,1,1,N938,N,False,False,False
SUEROTERAPIA,1,1,1,3E0337Z,3,False,False,False
SUSPENSIÓN DE ACTIVIDAD QUIRÚRGICA PROGRAMADA,1,1,1,Z538,Z,False,False,False
SUTURA VESICAL,1,1,1,0TQB0ZZ,0,False,False,False
SUTURA ileon,1,1,1,0DQB0ZZ,0,False,False,False
SUTURA vaginal,1,1,1,0UQGXZZ,0,False,False,False
SUTURa clitoris,1,1,1,0UQJXZZ,0,False,False,False
Sacroileitis derecha,1,1,1,M461,M,False,False,False
Salpingectomia bilateral laparoscópica,1,1,1,0UT74ZZ,0,False,False,False
Salpingectomía bilateral,1,1,1,0UT70ZZ,0,False,False,False
Salpingitis aguda,1,1,1,N7001,N,False,False,False
Salpingitis crónica,1,1,1,N7013,N,False,False,False
Salpingooforectomia,1,1,1,V4577,V,False,False,False
Salpingooforectomia bilateral,1,1,1,Z90722,Z,False,False,False
Salpingooforitis cronica,1,1,1,N7013,N,False,False,False
Salpinguectomia,1,1,1,V4577,V,False,False,False
Salpinguectomía bilateral laparoscópica,1,1,1,0UT74ZZ,0,False,False,False
Salpinguectomía derecha,1,1,1,0UT50ZZ,0,False,False,False
Salpinguectomía geu izq lap,1,1,1,0UT64ZZ,0,False,False,False
Salpinguectomía izquierda,1,1,1,0UT60ZZ,0,False,False,False
Salpinguectomía izquierda lap,1,1,1,0UT64ZZ,0,False,False,False
Sangrado PUERPERIO,1,1,1,O721,O,False,False,False
Sangrado Puerperio,1,1,1,O721,O,False,False,False
Sangrado Vaginal,1,1,1,N939,N,False,False,False
Sangrado menstrual abundante,1,1,1,N920,N,False,False,False
Sangrado posparto,1,1,1,O721,O,False,False,False
Sangrado post- conizacion,1,1,1,N99820,N,False,False,False
Sangrado postamigdalectomia,1,1,1,99811,9,False,False,False
Sangrado postamigdalectomía,1,1,1,J95830,J,False,False,False
Sangrado postoperatorio,1,1,1,99811,9,False,False,False
Sangrado uterino anómalo,1,1,1,N938,N,False,False,False
Sangrado vaginal,1,1,1,N939,N,False,False,False
Saos,1,1,1,G4733,G,False,False,False
Sarcoma,1,1,1,88003,8,False,False,False
Sarcoma de Ewing en fémur,1,1,1,1707,1,False,False,False
Sarcoma uterino,1,1,1,179,1,False,False,False
Sars Cov2 negativo,1,1,1,Z20822,Z,False,False,False
Sat,1,1,1,J9601,J,False,False,False
Scarf pie derecho,1,1,1,0QSN0ZZ,0,False,False,False
Schwannoma,1,1,1,95600,9,False,False,False
Sd Lynch,1,1,1,Z1509,Z,False,False,False
Sd Nager,1,1,1,Q754,Q,False,False,False
Sd Steven-Johnson,1,1,1,L511,L,False,False,False
Sd adherencial,1,1,1,5680,5,False,False,False
Sd ansioso,1,1,1,30000,3,False,False,False
Sd ansioso parto,1,1,1,O99344,O,False,False,False
Sd de Hinman,1,1,1,N319,N,False,False,False
Sd de Marfan,1,1,1,Q8740,Q,False,False,False
Sd de May-Thurner,1,1,1,I871,I,False,False,False
Sd de May-Thurner parto,1,1,1,O9942,O,False,False,False
Sd de West,1,1,1,G40822,G,False,False,False
Sd de encefalopatia posterior reversible,1,1,1,I6783,I,False,False,False
Sd del túnel carpiano bilateral,1,1,1,G5603,G,False,False,False
Sd depresivo,1,1,1,311,3,False,False,False
Sd depressiva,1,1,1,311,3,False,False,False
Sd febril,1,1,1,R509,R,False,False,False
Sd. Antifosfolipídico,1,1,1,D6861,D,False,False,False
Sd. ansioso,1,1,1,F419,F,False,False,False
Sd. de Gilbert,1,1,1,E804,E,False,False,False
Sd. depresivo,1,1,1,F329,F,False,False,False
Sd. piramidal izquierdo,1,1,1,G5702,G,False,False,False
Sd. polimalformativo,1,1,1,Q897,Q,False,False,False
Sde de Gilbert,1,1,1,E804,E,False,False,False
Sde. ansioso-depresivo,1,1,1,F418,F,False,False,False
Sde. depresivo,1,1,1,F32A,F,False,False,False
Sdme prostático,1,1,1,N400,N,False,False,False
Sdr. ansioso-depresivo,1,1,1,F418,F,False,False,False
Se administra gammaglobulina anti-D.,1,1,1,65611,6,False,False,False
Se suspende la intervención por falta de tiempo quirúrgico,1,1,1,Z538,Z,False,False,False
Secuelas de Poliomelitis,1,1,1,B91,B,False,False,False
Secuelas de polio,1,1,1,B91,B,False,False,False
Secuestro esplénico,1,1,1,28952,2,False,False,False
Secuestro pulmonar,1,1,1,Q332,Q,False,False,False
Secundípara,1,1,1,O09523,O,False,False,False
Sedación,1,1,1,9929,9,False,False,False
Sepsis,1,1,1,0389,0,False,False,False
Sepsis Neonatal,1,1,1,P369,P,False,False,False
Sepsis e.coli,1,1,1,A4151,A,False,False,False
Sepsis rn,1,1,1,P369,P,False,False,False
Septicemia puerperal,1,1,1,O85,O,False,False,False
Seroma herida quirúrgica,1,1,1,99813,9,False,False,False
Seroma sobreinfectado,1,1,1,99851,9,False,False,False
Seroterapia,1,1,1,3E0337Z,3,False,False,False
Serratia marcescens,1,1,1,B9689,B,False,False,False
Sgb,1,1,1,V0251,V,False,False,False
Sgb 2,1,1,1,64891,6,False,False,False
Shock Séptico,1,1,1,R6521,R,False,False,False
Shock hipovolemico qx,1,1,1,99809,9,False,False,False
Shock qx,1,1,1,99809,9,False,False,False
Sialolitiasi,1,1,1,5275,5,False,False,False
Silicosis,1,1,1,J628,J,False,False,False
Sincope,1,1,1,R55,R,False,False,False
Sincopes,1,1,1,R55,R,False,False,False
Sincopes vagales,1,1,1,7802,7,False,False,False
Sind. depresivo,1,1,1,F329,F,False,False,False
Sind. mielodisplasico,1,1,1,99893,9,False,False,False
Sindactilia,1,1,1,Q709,Q,False,False,False
Sindorme de sjogren,1,1,1,M3500,M,False,False,False
Sindrome Mallory Weiss,1,1,1,K226,K,False,False,False
Sindrome ansioso depresivo,1,1,1,F418,F,False,False,False
Sindrome de Klineffelter,1,1,1,Q984,Q,False,False,False
Sindrome de mallory weiss,1,1,1,5307,5,False,False,False
Sindrome depresivo,1,1,1,311,3,False,False,False
Sindrome fatiga cronica,1,1,1,R5382,R,False,False,False
Sindrome febril,1,1,1,78060,7,False,False,False
Sindrome gripal,1,1,1,4871,4,False,False,False
Sindrome vertiginoso,1,1,1,3869,3,False,False,False
Sinequia nasal,1,1,1,J3489,J,False,False,False
Sinovectomía artroscópica,1,1,1,0SBC4ZZ,0,False,False,False
Sinovitis rodilla izq,1,1,1,M65862,M,False,False,False
Sinusitis aguda,1,1,1,4619,4,False,False,False
Sinusitis crónica,1,1,1,J329,J,False,False,False
Sinusitis esfenoidal cronica,1,1,1,J323,J,False,False,False
Sinusopatía frontal izquierda,1,1,1,J321,J,False,False,False
Sjogren,1,1,1,M3500,M,False,False,False
Sleeve gástrico,1,1,1,Z9884,Z,False,False,False
Sobreinfeccio respiratoria,1,1,1,5198,5,False,False,False
Sobrepeso parto,1,1,1,E663,E,False,False,False
Somnoliento,1,1,1,R400,R,False,False,False
Sonda nasogástrica,1,1,1,9607,9,False,False,False
Sondaje nasogástrico,1,1,1,9607,9,False,False,False
Sondaje rectal,1,1,1,0D9P70Z,0,False,False,False
Sondaje uretral,1,1,1,0T9D70Z,0,False,False,False
Sondaje urinario,1,1,1,0T9B7ZZ,0,False,False,False
Sondaje vesical permanente,1,1,1,0T9B70Z,0,False,False,False
Sondatge urinari,1,1,1,0T9B7ZZ,0,False,False,False
Sondatge vesical,1,1,1,5794,5,False,False,False
Soplo funcional,1,1,1,R011,R,False,False,False
Soplo inocente,1,1,1,R011,R,False,False,False
Soplo sistòlico,1,1,1,R011,R,False,False,False
Soplos sistólico,1,1,1,R011,R,False,False,False
Sordera,1,1,1,H9193,H,False,False,False
Sordera bilateral,1,1,1,H9193,H,False,False,False
Sordera congénita,1,1,1,H905,H,False,False,False
Sordomudo,1,1,1,3897,3,False,False,False
Sospecha de pérdida de bienestar fetal,1,1,1,65681,6,False,False,False
Sospecha pérdida bienestar fetal,1,1,1,65681,6,False,False,False
Stafilococo epidermidis,1,1,1,B957,B,False,False,False
Staphylococcus aureus meticilin sensible,1,1,1,B9561,B,False,False,False
Staphylococcus haemolyticus,1,1,1,B957,B,False,False,False
Staphylococcus hominis,1,1,1,B957,B,False,False,False
Steinert,1,1,1,G7111,G,False,False,False
Stents farmacoactivos,1,1,1,Z955,Z,False,False,False
Streptococcus Intermedius,1,1,1,B954,B,False,False,False
Streptococcus agalactiae,1,1,1,B951,B,False,False,False
Streptococcus anginosus,1,1,1,B954,B,False,False,False
Streptococcus intermedius,1,1,1,B954,B,False,False,False
Streptococcus pneumoniae,1,1,1,0412,0,False,False,False
Streptococcus pyogenes,1,1,1,B950,B,False,False,False
Strip I grado,1,1,1,0HQ9XZZ,0,False,False,False
Suboclusio intestinal,1,1,1,56089,5,False,False,False
Suboclusion intestinal,1,1,1,56089,5,False,False,False
Suboclusión inestinal,1,1,1,56089,5,False,False,False
Sueroterapia endovenosa,1,1,1,9918,9,False,False,False
Sufrimiento fetal agudo,1,1,1,65631,6,False,False,False
Sutura clitoris,1,1,1,0UQJXZZ,0,False,False,False
Sutura de strip II,1,1,1,O701,O,False,False,False
Sutura desgarro I,1,1,1,0HQ9XZZ,0,False,False,False
Sutura desgarro I grado,1,1,1,0WQNXZZ,0,False,False,False
Sutura ferida,1,1,1,8659,8,False,False,False
Sutura parpado,1,1,1,0881,0,False,False,False
Sutura piel cara,1,1,1,0HQ1XZZ,0,False,False,False
Sutura vagina,1,1,1,0UQGXZZ,0,False,False,False
Sutura vesical,1,1,1,5781,5,False,False,False
SÍNDROME BRADI-TAQUICARDIA,1,1,1,I495,I,False,False,False
SÍNDROME DE LYNCH,1,1,1,Z1509,Z,False,False,False
SÍNDROME DE PIERNAS INQUIETAS,1,1,1,G2581,G,False,False,False
SÍNDROME DEPRESIVO,1,1,1,F32A,F,False,False,False
SÍNDROME MIELOPROLIFERATIVO,1,1,1,D471,D,False,False,False
SÍNDROME SECA,1,1,1,M3500,M,False,False,False
Sèpsia,1,1,1,99591,9,False,False,False
Síncope,1,1,1,R55,R,False,False,False
Síncopes,1,1,1,R55,R,False,False,False
Síndrome Down,1,1,1,7580,7,False,False,False
Síndrome MEN 2A,1,1,1,25802,2,False,False,False
Síndrome ansioso depresiva parto,1,1,1,64841,6,False,False,False
Síndrome ansioso parto,1,1,1,F419,F,False,False,False
Síndrome ansioso-depresivo parto,1,1,1,F418,F,False,False,False
Síndrome ansiosodepresivo,1,1,1,3004,3,False,False,False
Síndrome antifosfolipídico,1,1,1,28981,2,False,False,False
Síndrome antifosfolipídico part,1,1,1,64931,6,False,False,False
Síndrome antifosfolípido,1,1,1,D6861,D,False,False,False
Síndrome asténico,1,1,1,78079,7,False,False,False
Síndrome confusional,1,1,1,F05,F,False,False,False
Síndrome confusional agudo,1,1,1,2930,2,False,False,False
Síndrome de Down,1,1,1,Q909,Q,False,False,False
Síndrome de Dravet,1,1,1,G40409,G,False,False,False
Síndrome de Gilbert,1,1,1,E804,E,False,False,False
Síndrome de Hiperestimulación ovárica,1,1,1,N981,N,False,False,False
Síndrome de Marfan,1,1,1,Q8740,Q,False,False,False
Síndrome de Meniere,1,1,1,H8109,H,False,False,False
Síndrome de Sjögren,1,1,1,M3500,M,False,False,False
Síndrome de West,1,1,1,G40822,G,False,False,False
Síndrome de ansiedad,1,1,1,F419,F,False,False,False
Síndrome de apnea obstructiva,1,1,1,G4733,G,False,False,False
Síndrome de apnea obstructiva del sueño,1,1,1,G4733,G,False,False,False
Síndrome de apnea-hipoapnea del sueño,1,1,1,G4730,G,False,False,False
Síndrome de apnea-hipopnea del sueño,1,1,1,G4733,G,False,False,False
Síndrome de fatiga crónica,1,1,1,R5382,R,False,False,False
Síndrome de intestino corto,1,1,1,K912,K,False,False,False
Síndrome de intestino irritable,1,1,1,K589,K,False,False,False
Síndrome de ojo seco,1,1,1,H04121,H,False,False,False
Síndrome de transfusión fetofetal anteparto,1,1,1,67803,6,False,False,False
Síndrome de tunel carpiano bilateral,1,1,1,G5603,G,False,False,False
Síndrome de von Willebrand,1,1,1,D680,D,False,False,False
Síndrome del túnel carpiano,1,1,1,G5600,G,False,False,False
Síndrome diarreico,1,1,1,78791,7,False,False,False
Síndrome hipoventilación; Obesidad,1,1,1,E662,E,False,False,False
Síndrome intestino irritable,1,1,1,5641,5,False,False,False
Síndrome metabólico,1,1,1,E8881,E,False,False,False
Síndrome metabólico parto,1,1,1,O9912,O,False,False,False
Síndrome nefrótico,1,1,1,N049,N,False,False,False
Síndrome overlap222222222,1,1,1,D469,D,False,False,False
Síndrome parkinsoniano,1,1,1,G20,G,False,False,False
Síndrome piernas inquietas,1,1,1,33394,3,False,False,False
Síndrome polimalformativo,1,1,1,Q897,Q,False,False,False
Síndrome seca,1,1,1,M3500,M,False,False,False
Síndrome subacromial dret,1,1,1,M25811,M,False,False,False
Síndrome vertiginoso,1,1,1,3869,3,False,False,False
Síndrome vertiginoso periférico,1,1,1,H81399,H,False,False,False
T adaptativo,1,1,1,F4320,F,False,False,False
T. adaptativo mixto,1,1,1,F4323,F,False,False,False
T14.8XXA,1,1,1,T148XXA,T,False,False,False
T75.1XXA,1,1,1,T751XXA,T,False,False,False
T85.22XA,1,1,1,T8522XA,T,False,False,False
T85.898A,1,1,1,T85898A,T,False,False,False
T86.11,1,1,1,T8611,T,False,False,False
TA elevadas,1,1,1,R030,R,False,False,False
TABAC,1,1,1,F17210,F,False,False,False
TAC,1,1,1,BW20ZZZ,B,False,False,False
TAC ABDOMINAL,1,1,1,BW20ZZZ,B,False,False,False
TAC ABDOMINO PELVICO,1,1,1,BW21ZZZ,B,False,False,False
TAC ABDOMINOPELVICO,1,1,1,BW21ZZZ,B,False,False,False
TAC Abdomen,1,1,1,8801,8,False,False,False
TAC Abdominal,1,1,1,8801,8,False,False,False
TAC CRANEAL,1,1,1,B020ZZZ,B,False,False,False
TAC Craneal,1,1,1,B020ZZZ,B,False,False,False
TAC TORÁCICO,1,1,1,BW24ZZZ,B,False,False,False
TAC abd,1,1,1,BW20ZZZ,B,False,False,False
TAC abdomen con contraste,1,1,1,BW201ZZ,B,False,False,False
TAC abdominal con contraste,1,1,1,BW201ZZ,B,False,False,False
TAC abdominopélvico,1,1,1,8801,8,False,False,False
TAC body,1,1,1,BW25ZZZ,B,False,False,False
TAC cerebral,1,1,1,B020ZZZ,B,False,False,False
TAC craneal,1,1,1,8703,8,False,False,False
TAC craneal con contraste,1,1,1,B0201ZZ,B,False,False,False
TAC crani,1,1,1,B020ZZZ,B,False,False,False
TAC cráneo,1,1,1,B020ZZZ,B,False,False,False
TAC de cuello,1,1,1,BW2FZZZ,B,False,False,False
TAC pulmonar,1,1,1,8741,8,False,False,False
TAC senos,1,1,1,8704,8,False,False,False
TAC torax,1,1,1,BW24ZZZ,B,False,False,False
TAC tóraco-abdominal,1,1,1,BW24ZZZ,B,False,False,False
TAC tórax,1,1,1,8741,8,False,False,False
TAC tórax-abdomen-pelvis,1,1,1,BW25ZZZ,B,False,False,False
TAC órbita,1,1,1,BN23ZZZ,B,False,False,False
TALASEMIA DELTA-BETA,1,1,1,D562,D,False,False,False
TAPONAMIENTO vaginal,1,1,1,2Y44X5Z,2,False,False,False
TAQUICARDIA FETAL rn,1,1,1,P2911,P,False,False,False
TAQUICARDIA SINUSAL,1,1,1,R000,R,False,False,False
TBC latente,1,1,1,Z227,Z,False,False,False
TBC secuelas,1,1,1,B909,B,False,False,False
TBR,1,1,1,P011,P,False,False,False
TC ABDOMEN,1,1,1,BW20ZZZ,B,False,False,False
TC ABDOMINAL,1,1,1,BW20ZZZ,B,False,False,False
TC ABDOMINO-PELVICO,1,1,1,BW21ZZZ,B,False,False,False
TC ABDOMINO-PELVICO CON CONTRASTE,1,1,1,BW211ZZ,B,False,False,False
TC ABDOMINOPELVICO,1,1,1,BW21ZZZ,B,False,False,False
TC Abdominal,1,1,1,BW20ZZZ,B,False,False,False
TC CEREBRO,1,1,1,B020ZZZ,B,False,False,False
TC COLUMNA CERVICAL,1,1,1,BR20ZZZ,B,False,False,False
TC CRÁNEO,1,1,1,B020ZZZ,B,False,False,False
TC Cerebral,1,1,1,B020ZZZ,B,False,False,False
TC DE ABDOMEN,1,1,1,BW20ZZZ,B,False,False,False
TC DE ABDOMEN SIN/CON CONTRASTE,1,1,1,BW2010Z,B,False,False,False
TC DE TORAX/ABDOMEN/PELVIS CON CONTRASTE,1,1,1,BW2510Z,B,False,False,False
TC Toraco-Abdominal,1,1,1,BW24ZZZ,B,False,False,False
TC TÓRAX,1,1,1,8741,8,False,False,False
TC abd,1,1,1,BW20ZZZ,B,False,False,False
TC abdominal,1,1,1,BW20ZZZ,B,False,False,False
TC abdomino pelvico,1,1,1,BW21ZZZ,B,False,False,False
TC abdominopélvico,1,1,1,8801,8,False,False,False
TC abdominopélvico con CIV.,1,1,1,BW211ZZ,B,False,False,False
TC abdominopélvico contraste,1,1,1,BW211ZZ,B,False,False,False
TC abdominopélvico tras la administración de CIV,1,1,1,BW211ZZ,B,False,False,False
TC cervical,1,1,1,BW2FZZZ,B,False,False,False
TC craneal,1,1,1,B020ZZZ,B,False,False,False
TC craneal con contraste,1,1,1,B0201ZZ,B,False,False,False
TC crani,1,1,1,8703,8,False,False,False
TC cranial amb contrast,1,1,1,B0201ZZ,B,False,False,False
TC cráneo,1,1,1,8703,8,False,False,False
TC de coll amb contrast,1,1,1,BW2F1ZZ,B,False,False,False
TC de craneo,1,1,1,8703,8,False,False,False
TC de cráneo,1,1,1,B020ZZZ,B,False,False,False
TC de pelvis,1,1,1,BR2CZZZ,B,False,False,False
TC facial,1,1,1,BN25ZZZ,B,False,False,False
TC renal,1,1,1,BT23ZZZ,B,False,False,False
TC toraco abdominal,1,1,1,BW24ZZZ,B,False,False,False
TC torax,1,1,1,8741,8,False,False,False
TC tòrax,1,1,1,8741,8,False,False,False
TC tórax,1,1,1,BW24ZZZ,B,False,False,False
TCA,1,1,1,F509,F,False,False,False
TCE,1,1,1,8500,8,False,False,False
TCE leve,1,1,1,S060X0A,S,False,False,False
TCE sin pc,1,1,1,S060X0A,S,False,False,False
TDA,1,1,1,F909,F,False,False,False
TDAH anteparto,1,1,1,64843,6,False,False,False
TEA,1,1,1,F840,F,False,False,False
TEGD,1,1,1,BD16ZZZ,B,False,False,False
TELEMETRIA,1,1,1,4A12X4Z,4,False,False,False
TEMBLOR ESENCIAL,1,1,1,G250,G,False,False,False
TEP,1,1,1,I2699,I,False,False,False
TEP en 2013,1,1,1,V1255,V,False,False,False
TERATOMA,1,1,1,90800,9,False,False,False
TERATOMA EN OVARIO IZQUIERDO,1,1,1,D271,D,False,False,False
TIRA TARSAL pi od,1,1,1,08UQX7Z,0,False,False,False
TIROIDITIS AUTOINMUNE,1,1,1,E063,E,False,False,False
TIROIDITIS CRÓNICA,1,1,1,E065,E,False,False,False
TIT,1,1,1,0392,0,False,False,False
TMPi,1,1,1,C253,C,False,False,False
TNE,1,1,1,82403,8,False,False,False
TNS no tranquilizador,1,1,1,O76,O,False,False,False
TOC,1,1,1,F429,F,False,False,False
TORAX,1,1,1,BW03ZZZ,B,False,False,False
TORSIÓN OVARIO DERECHO,1,1,1,N83511,N,False,False,False
TORSIÓN OVÁRICA DERECHA,1,1,1,N83511,N,False,False,False
TPSV,1,1,1,4270,4,False,False,False
TR adaptativo depresiva,1,1,1,F4321,F,False,False,False
TRANSAMINASES ELEVADES,1,1,1,R7401,R,False,False,False
TRANSEXUALISMO,1,1,1,F640,F,False,False,False
TRANSVERSA,1,1,1,O322XX0,O,False,False,False
TRASPLANTE RENAL,1,1,1,Z940,Z,False,False,False
TRASTORN DEL METABOLISME DE LES LIPOPROTEÏNES,1,1,1,E789,E,False,False,False
TRASTORN DEPRESSIU,1,1,1,311,3,False,False,False
TRASTORNO ANSIOSO-DEPRESIVO,1,1,1,F418,F,False,False,False
TRASTORNO DE LA MARCHA,1,1,1,R269,R,False,False,False
TRASTORNO DEPRESIVO,1,1,1,F329,F,False,False,False
TRASTORNS DEL METABOLISME DE LES LIPOPROTEÏNES,1,1,1,E789,E,False,False,False
TRAUMATISME,1,1,1,E9289,E,False,False,False
TROMBOCITOPÈNIA,1,1,1,2875,2,False,False,False
TROMBOCITOSI ESSENCIAL,1,1,1,D473,D,False,False,False
TROMBOPEnia parto,1,1,1,D696,D,False,False,False
TROMBOSIS historia,1,1,1,V1251,V,False,False,False
TSV,1,1,1,I471,I,False,False,False
TSVD,1,1,1,I471,I,False,False,False
TUMORACIÓN FRONTAL,1,1,1,D492,D,False,False,False
TUMORECTOMIA DE MAMA IZQUIERDA,1,1,1,0HBU0ZZ,0,False,False,False
TUMORECTOMIA MAMA DERECHA,1,1,1,0HBT0ZZ,0,False,False,False
TUMORECTOMIA MAMA IZQUIERDA,1,1,1,0HBU0ZZ,0,False,False,False
TUMORECTOMIA mama izq,1,1,1,0HBU0ZZ,0,False,False,False
TUMORECTOMÍA DE MAMA IZQUIERDA,1,1,1,0HBU0ZZ,0,False,False,False
TUMORECTOMÍA MAMA DERECHA,1,1,1,0HBT0ZZ,0,False,False,False
TUMORECTOMÍA MAMA IZQUIERDA,1,1,1,0HBU0ZZ,0,False,False,False
TUMORECTOMÍA MAMARIA BILATERAL,1,1,1,0HBV0ZZ,0,False,False,False
TUMORECTOMÍA MI,1,1,1,0HBU0ZZ,0,False,False,False
TUMORECTOMÍA mama der,1,1,1,0HBT0ZZ,0,False,False,False
TUMORECTOMÍA mama izquierda,1,1,1,0HBU0ZZ,0,False,False,False
TVP anteparto,1,1,1,67133,6,False,False,False
TVP femoral izquierda,1,1,1,I82412,I,False,False,False
TVP femoro-poplitea izq,1,1,1,I82432,I,False,False,False
TVP historia,1,1,1,Z86718,Z,False,False,False
TaC abd,1,1,1,BW20ZZZ,B,False,False,False
TaC toracico,1,1,1,BW24ZZZ,B,False,False,False
Tabaco,1,1,1,F17210,F,False,False,False
Tabaco 2t,1,1,1,O99332,O,False,False,False
Tabaquismo,1,1,1,F17210,F,False,False,False
Tabaquismo madre rn,1,1,1,P042,P,False,False,False
Tabaquismo part,1,1,1,O99334,O,False,False,False
Tabaquismo parto,1,1,1,F17210,F,False,False,False
Tac abd,1,1,1,BW20ZZZ,B,False,False,False
Talasemia minor part,1,1,1,O9902,O,False,False,False
Talasemia minor parto,1,1,1,D563,D,False,False,False
Talasemia part,1,1,1,D569,D,False,False,False
Talla baixa,1,1,1,R6252,R,False,False,False
Taponamiento vaginal,1,1,1,2Y44X5Z,2,False,False,False
Taquicardia,1,1,1,R000,R,False,False,False
Taquicardia auricular,1,1,1,I471,I,False,False,False
Taquicardia fetal,1,1,1,O76,O,False,False,False
Taquicardia paroxística,1,1,1,I479,I,False,False,False
Taquicardia sinusal,1,1,1,42789,4,False,False,False
Taquicardia sinusal parto,1,1,1,O9942,O,False,False,False
Taquicardia supraventricular Paroxistica,1,1,1,I471,I,False,False,False
Taquicardia supraventricular paroxística,1,1,1,I471,I,False,False,False
Taquicardias ventriculares,1,1,1,I472,I,False,False,False
Taquipnea,1,1,1,R0682,R,False,False,False
Tc abdomen,1,1,1,BW20ZZZ,B,False,False,False
Tc abdominal,1,1,1,8801,8,False,False,False
Tc tórax,1,1,1,BW24ZZZ,B,False,False,False
Tce,1,1,1,8500,8,False,False,False
Telemetría,1,1,1,4A12X4Z,4,False,False,False
Temblor,1,1,1,R251,R,False,False,False
Temblor esencial,1,1,1,G250,G,False,False,False
Tendinitis aquilea,1,1,1,72671,7,False,False,False
Tendinitis supraespinoso hombro derecho,1,1,1,M7550,M,False,False,False
Teratoma Ovario izquierdo,1,1,1,D271,D,False,False,False
Teratoma Ovárico Derecho,1,1,1,D270,D,False,False,False
Teratoma ovárico izquierdo,1,1,1,D271,D,False,False,False
Testes en ascensor,1,1,1,Q5522,Q,False,False,False
Tetralogia de Fallot,1,1,1,Q213,Q,False,False,False
Tetralogía de Fallot intervenida,1,1,1,V1365,V,False,False,False
Tetraparesia,1,1,1,G8250,G,False,False,False
Tetraparesia espástica-distónica,1,1,1,G800,G,False,False,False
Tetraparèsia espàstica,1,1,1,3432,3,False,False,False
Tietze,1,1,1,M940,M,False,False,False
Timpanoplastia,1,1,1,194,1,False,False,False
Tiroidectomía total,1,1,1,064,0,False,False,False
Tiroides,1,1,1,2468,2,False,False,False
Tiroides multinodular,1,1,1,E042,E,False,False,False
Tiroiditis anteparto,1,1,1,64813,6,False,False,False
Tiroiditis autoinmune,1,1,1,E063,E,False,False,False
Tiroiditis crónica,1,1,1,E065,E,False,False,False
Tiroiditis de Hashimoto,1,1,1,2452,2,False,False,False
Tirotoxicosi,1,1,1,E0590,E,False,False,False
Tiroïdectomía total,1,1,1,064,0,False,False,False
Torsió testicular,1,1,1,60820,6,False,False,False
Tos,1,1,1,R05,R,False,False,False
Tos crónica,1,1,1,R05,R,False,False,False
Tos ferina per bordetella pertussis,1,1,1,0330,0,False,False,False
Toxicidad hepática,1,1,1,5738,5,False,False,False
Tr adaptativo con sintomatología depresiva,1,1,1,F4321,F,False,False,False
Transfusión de plaquetas,1,1,1,9905,9,False,False,False
Transfusión plaquetas,1,1,1,30233R1,3,False,False,False
Transplante de cornea OI,1,1,1,Z947,Z,False,False,False
Transplante renal,1,1,1,Z940,Z,False,False,False
Transtorno adaptativo mixto,1,1,1,F4323,F,False,False,False
Transtorno depresivo,1,1,1,F329,F,False,False,False
Transtorno limite de la personalidad part,1,1,1,O99344,O,False,False,False
Transversa anteparto,1,1,1,65233,6,False,False,False
Traqueostomizado,1,1,1,V440,V,False,False,False
Traqueostomía,1,1,1,V440,V,False,False,False
Traqueotomia,1,1,1,V440,V,False,False,False
Trasplantament hepàtic,1,1,1,V427,V,False,False,False
Trasplantament renal,1,1,1,Z940,Z,False,False,False
Trasplante de córnea,1,1,1,Z947,Z,False,False,False
Trasplante hepato,1,1,1,Z944,Z,False,False,False
Trasplante hepático,1,1,1,Z944,Z,False,False,False
Trasplante pulmonar,1,1,1,V426,V,False,False,False
Trasplante renal,1,1,1,Z940,Z,False,False,False
Trastorn ansiós-depressiu,1,1,1,F418,F,False,False,False
Trastorn d'ansietat,1,1,1,30000,3,False,False,False
Trastorn mixt equilibri acidobàsic,1,1,1,2764,2,False,False,False
Trastorno Adaptativo,1,1,1,F4320,F,False,False,False
Trastorno Bipolar II,1,1,1,F3181,F,False,False,False
Trastorno Depresivo,1,1,1,F329,F,False,False,False
Trastorno Distímico,1,1,1,F341,F,False,False,False
Trastorno adaptativo ansioso- depresivo,1,1,1,30928,3,False,False,False
Trastorno adaptativo con sintomatología ansiosa,1,1,1,F4322,F,False,False,False
Trastorno adaptativo con síntomas depresivos,1,1,1,F4321,F,False,False,False
Trastorno adaptativo mixto,1,1,1,F4323,F,False,False,False
Trastorno adaptativo part,1,1,1,O99344,O,False,False,False
Trastorno adaptativo parto,1,1,1,O99344,O,False,False,False
Trastorno afectivo bipolar,1,1,1,29680,2,False,False,False
Trastorno ansioso depresivo,1,1,1,F418,F,False,False,False
Trastorno anímico,1,1,1,29690,2,False,False,False
Trastorno bipolar tipo I,1,1,1,F319,F,False,False,False
Trastorno de la conducta alimentaria,1,1,1,30750,3,False,False,False
Trastorno de personalidad cluster B,1,1,1,F6089,F,False,False,False
Trastorno del Lenguaje,1,1,1,R4789,R,False,False,False
Trastorno del estado de ánimo,1,1,1,F39,F,False,False,False
Trastorno depresivo,1,1,1,F329,F,False,False,False
Trastorno depresivo crónico,1,1,1,F329,F,False,False,False
Trastorno depresivo mayor,1,1,1,F329,F,False,False,False
Trastorno depresivo-adaptativo,1,1,1,3090,3,False,False,False
Trastorno depresivo/ansiedad,1,1,1,3004,3,False,False,False
Trastorno distimico,1,1,1,F341,F,False,False,False
Trastorno esquizo-afectivo,1,1,1,F259,F,False,False,False
Trastorno esquizoafectivo,1,1,1,F259,F,False,False,False
Trastorno esquizoafectivo tipo bipolar,1,1,1,F250,F,False,False,False
Trastorno histriónico de personalidad,1,1,1,F604,F,False,False,False
Trastorno límite personalidad,1,1,1,F603,F,False,False,False
Trastorno mixto adaptativo,1,1,1,F4325,F,False,False,False
Trastorno negativista desafiante,1,1,1,F913,F,False,False,False
Trastorno obsesivo-compulsivo,1,1,1,F429,F,False,False,False
Trastorno ventilatorio mixto,1,1,1,J449,J,False,False,False
Trastrono Cognitivo,1,1,1,F068,F,False,False,False
Tratamiento quimioterápico,1,1,1,V5811,V,False,False,False
Traumatisme,1,1,1,E9289,E,False,False,False
Traumatismo craneoencefálico,1,1,1,S060X0A,S,False,False,False
Trichomonas vaginales,1,1,1,A5901,A,False,False,False
Trichomonas vaginalis,1,1,1,A5901,A,False,False,False
Trisomia,1,1,1,O351XX0,O,False,False,False
Trisomia 21,1,1,1,Q909,Q,False,False,False
Trombocitemia Esencial,1,1,1,99623,9,False,False,False
Trombocitopenia part,1,1,1,D696,D,False,False,False
Trombocitosis,1,1,1,D473,D,False,False,False
Trombocitosis esencial,1,1,1,D473,D,False,False,False
Trombocitosis reactiva,1,1,1,D75838,D,False,False,False
Trombofilia parto,1,1,1,O9912,O,False,False,False
Trombopenia,1,1,1,2875,2,False,False,False
Trombopenia Parto,1,1,1,D696,D,False,False,False
Trombosi portal,1,1,1,I81,I,False,False,False
Trombosis,1,1,1,4539,4,False,False,False
Trombosis portal,1,1,1,I81,I,False,False,False
Trànsit esofagogastroduodenal,1,1,1,BD15ZZZ,B,False,False,False
Tto quimioterápico,1,1,1,V5811,V,False,False,False
Tuberculosis historia,1,1,1,V1201,V,False,False,False
Tuberculosis pulmonar,1,1,1,A150,A,False,False,False
Tuberculosis pulmonar h,1,1,1,V1201,V,False,False,False
Tumerectomia mama izquierda,1,1,1,0HBU0ZZ,0,False,False,False
Tumor Phyllodes benigno,1,1,1,90200,9,False,False,False
Tumor renal derecho,1,1,1,2395,2,False,False,False
Tumor vesical historia,1,1,1,Z8551,Z,False,False,False
Tumoración,1,1,1,80001,8,False,False,False
Tumoración suprarrenal derecha,1,1,1,2270,2,False,False,False
Tumorectomia,1,1,1,8521,8,False,False,False
Tumorectomia Mama Derecha,1,1,1,0HBT0ZZ,0,False,False,False
Tumorectomia de mama izquierda,1,1,1,0HBU0ZZ,0,False,False,False
Tumorectomia mama bilateral,1,1,1,0HBV0ZZ,0,False,False,False
Tumorectomia mama der,1,1,1,0HBT0ZZ,0,False,False,False
Tumorectomia mama derecha,1,1,1,0HBT0ZZ,0,False,False,False
Tumorectomia mama esquerre,1,1,1,8521,8,False,False,False
Tumorectomia mama izquierda,1,1,1,0HBU0ZZ,0,False,False,False
Tumorectomía,1,1,1,8521,8,False,False,False
Tumorectomía (mama izquierda,1,1,1,0HBU0ZZ,0,False,False,False
Tumorectomía MI,1,1,1,0HBU0ZZ,0,False,False,False
Tumorectomía Mama Derecha,1,1,1,0HBT0ZZ,0,False,False,False
Tumorectomía Mama derecha,1,1,1,0HBT0ZZ,0,False,False,False
Tumorectomía Mama izquierda,1,1,1,0HBU0ZZ,0,False,False,False
Tumorectomía de mama izquierda,1,1,1,0HBU0ZZ,0,False,False,False
Tumorectomía derecha,1,1,1,0HBT0ZZ,0,False,False,False
Tumorectomía mama d,1,1,1,0HBT0ZZ,0,False,False,False
Tumorectomía mama der,1,1,1,0HBT0ZZ,0,False,False,False
Tumorectomía mama dreta,1,1,1,0HBT0ZZ,0,False,False,False
Tumorectomía mama izq,1,1,1,0HBU0ZZ,0,False,False,False
Turbinoplastia,1,1,1,J343,J,False,False,False
Tx bipulmonar,1,1,1,Z942,Z,False,False,False
Técnica de GC,1,1,1,4011,4,False,False,False
UCs,1,1,1,1748,1,False,False,False
UMF,1,1,1,O358XX0,O,False,False,False
UQe,1,1,1,1748,1,False,False,False
URO-TC,1,1,1,BT23ZZZ,B,False,False,False
UROPATÍA OBSTRUCTIVA BILATERAL,1,1,1,N139,N,False,False,False
UROPATÍA OBSTRUCTIVA IZQUIERDA,1,1,1,N139,N,False,False,False
UROTC,1,1,1,8771,8,False,False,False
USE,1,1,1,0FJB8ZZ,0,False,False,False
UVEÏTIS,1,1,1,H209,H,False,False,False
Uce,1,1,1,1748,1,False,False,False
Ulceras gastroduodenal,1,1,1,53290,5,False,False,False
Ulcus duodenal intervenido,1,1,1,V1271,V,False,False,False
Ulcus gástrico,1,1,1,K259,K,False,False,False
Ultrasò diagnòstic d'aparell urinari,1,1,1,BT4JZZZ,B,False,False,False
Umf,1,1,1,O358XX0,O,False,False,False
Una circular,1,1,1,O6989X1,O,False,False,False
Ureaplasma Urealyticum,1,1,1,04181,0,False,False,False
Uretrocele,1,1,1,N810,N,False,False,False
UroTC,1,1,1,BT23ZZZ,B,False,False,False
Urocultivo,1,1,1,5990,5,False,False,False
Urocultivo POSITIVO,1,1,1,N390,N,False,False,False
Urocultivo positivo,1,1,1,N390,N,False,False,False
Uroquinasa,1,1,1,3E0L3TZ,3,False,False,False
Urticara crónica parto,1,1,1,L508,L,False,False,False
Urticaria Crónica Idiopática,1,1,1,L508,L,False,False,False
Urticaria colinérgica,1,1,1,7085,7,False,False,False
Urticaria crónica autoinmune,1,1,1,L508,L,False,False,False
Urticaria crónica parto,1,1,1,O9972,O,False,False,False
Urticaria facticia,1,1,1,L503,L,False,False,False
Urticària idiopàtica,1,1,1,L501,L,False,False,False
Uter polimiomatos,1,1,1,2189,2,False,False,False
Utero Miomatoso parto,1,1,1,D259,D,False,False,False
Utero miomatoso,1,1,1,D259,D,False,False,False
Utero septo,1,1,1,75235,7,False,False,False
Utero septo parto,1,1,1,65401,6,False,False,False
Uvulectomía,1,1,1,2772,2,False,False,False
Uña encarnada,1,1,1,L600,L,False,False,False
V08,1,1,1,Z21,Z,False,False,False
V10.3,1,1,1,Z853,Z,False,False,False
V10.51,1,1,1,Z8551,Z,False,False,False
V10.83,1,1,1,Z85828,Z,False,False,False
V12.51,1,1,1,Z86718,Z,False,False,False
V12.54,1,1,1,Z8673,Z,False,False,False
V12.59,1,1,1,Z8679,Z,False,False,False
V12.79,1,1,1,Z8719,Z,False,False,False
V13.01,1,1,1,Z87442,Z,False,False,False
V13.02,1,1,1,Z87440,Z,False,False,False
V13.09,1,1,1,Z87448,Z,False,False,False
V13.62,1,1,1,Z87718,Z,False,False,False
V13.65,1,1,1,Z8774,Z,False,False,False
V13.67,1,1,1,Z87738,Z,False,False,False
V14.0,1,1,1,Z880,Z,False,False,False
V15.05,1,1,1,Z91018,Z,False,False,False
V25.2,1,1,1,Z302,Z,False,False,False
V26.89,1,1,1,Z3189,Z,False,False,False
V27.1,1,1,1,Z371,Z,False,False,False
V45.72,1,1,1,Z9049,Z,False,False,False
V50.41,1,1,1,Z4001,Z,False,False,False
V62.84,1,1,1,R45851,R,False,False,False
V64.1,1,1,1,Z5309,Z,False,False,False
VACTERL,1,1,1,Q872,Q,False,False,False
VALVULOPLASTIA AÓRTICA,1,1,1,3596,3,False,False,False
VARICES EN MII,1,1,1,I8392,I,False,False,False
VARICES ESENCIALES MID,1,1,1,I8391,I,False,False,False
VARICES ESENCIALES MII,1,1,1,I8392,I,False,False,False
VARON,1,1,1,Z370,Z,False,False,False
VASECTOMIA,1,1,1,Z302,Z,False,False,False
VCE,1,1,1,10S0XZZ,1,False,False,False
VDVP,1,1,1,Z982,Z,False,False,False
VEB,1,1,1,B2790,B,False,False,False
VENTOSA,1,1,1,O631,O,False,False,False
VHB,1,1,1,Z2251,Z,False,False,False
VHB cronico,1,1,1,B181,B,False,False,False
VHB part,1,1,1,O9842,O,False,False,False
VHC anteparto,1,1,1,64763,6,False,False,False
VHC cronica,1,1,1,07054,0,False,False,False
VHC part,1,1,1,B182,B,False,False,False
VHC positivo,1,1,1,V0262,V,False,False,False
VIH,1,1,1,V08,V,False,False,False
VIH A3,1,1,1,042,0,False,False,False
VIH part,1,1,1,O9872,O,False,False,False
VIH+,1,1,1,Z21,Z,False,False,False
VIH+ part,1,1,1,O9872,O,False,False,False
VIN,1,1,1,23332,2,False,False,False
VIN 3,1,1,1,D071,D,False,False,False
VIN III,1,1,1,80102,8,False,False,False
VM,1,1,1,9671,9,False,False,False
VM 2,1,1,1,9672,9,False,False,False
VNI,1,1,1,9390,9,False,False,False
VOMITOS,1,1,1,78703,7,False,False,False
VPH part,1,1,1,O9852,O,False,False,False
VPP,1,1,1,1474,1,False,False,False
VRS,1,1,1,0796,0,False,False,False
Vaccum,1,1,1,10D07Z6,1,False,False,False
Vacuum,1,1,1,10D07Z6,1,False,False,False
Vagina atrófica,1,1,1,N952,N,False,False,False
Vagina: atrofica,1,1,1,N952,N,False,False,False
Vaginitis part,1,1,1,N760,N,False,False,False
Vaginosis bacteriana,1,1,1,61610,6,False,False,False
Valvulopatia aórtica bicuspide,1,1,1,Q231,Q,False,False,False
Valvulopatía mitroaórtica,1,1,1,I080,I,False,False,False
Varices EEII,1,1,1,I8393,I,False,False,False
Varices esenciales MID,1,1,1,I8391,I,False,False,False
Varices esofágicas,1,1,1,I8510,I,False,False,False
Varices esofágicas secundaria,1,1,1,I8510,I,False,False,False
Varices part,1,1,1,O2203,O,False,False,False
Varices parto,1,1,1,O2203,O,False,False,False
Varicocele,1,1,1,I861,I,False,False,False
Varius,1,1,1,4549,4,False,False,False
Varon,1,1,1,Z370,Z,False,False,False
Vasa previa,1,1,1,O694XX0,O,False,False,False
Vasculitis,1,1,1,I776,I,False,False,False
Vasculitis leucocitoclástica,1,1,1,M310,M,False,False,False
Vasculopatía periférica,1,1,1,4439,4,False,False,False
Vasectomía bilateral,1,1,1,0VBQ0ZZ,0,False,False,False
Venoclisi,1,1,1,05HY33Z,0,False,False,False
Venoclisis,1,1,1,3893,3,False,False,False
Venofer,1,1,1,9929,9,False,False,False
Ventilació mecànica no invasiva,1,1,1,9390,9,False,False,False
Ventilación Mecánica No Invasiva,1,1,1,9390,9,False,False,False
Ventilación mecánica no invasiva,1,1,1,9390,9,False,False,False
Version Cefalica externa,1,1,1,10S0XZZ,1,False,False,False
Version cefálica externa,1,1,1,10S0XZZ,1,False,False,False
Versió cefàlica externa,1,1,1,O328XX0,O,False,False,False
Versión cefálica externa,1,1,1,10S0XZZ,1,False,False,False
Vertigo Periferico,1,1,1,H81399,H,False,False,False
Vertigo paroxistico benigno,1,1,1,H8110,H,False,False,False
Vertigo periferico,1,1,1,H81399,H,False,False,False
Vertigo periférico,1,1,1,H81399,H,False,False,False
Vertigos,1,1,1,R42,R,False,False,False
Vesícula biliar litiásica,1,1,1,K8020,K,False,False,False
Vino,1,1,1,F1010,F,False,False,False
Virasis,1,1,1,B349,B,False,False,False
Viriasi,1,1,1,07999,0,False,False,False
Vitiligen,1,1,1,70901,7,False,False,False
Vitíligo,1,1,1,70901,7,False,False,False
Vive en Residencia,1,1,1,Z593,Z,False,False,False
Vive en residencia,1,1,1,Z593,Z,False,False,False
Vive sola,1,1,1,Z602,Z,False,False,False
Vive solo,1,1,1,V603,V,False,False,False
Vomits persistents,1,1,1,5362,5,False,False,False
Vulvectomía parcial,1,1,1,0UBM0ZZ,0,False,False,False
Vulvectomía radical,1,1,1,0UTM0ZZ,0,False,False,False
VÉRTIGO,1,1,1,R42,R,False,False,False
VÉRTIGO PERIFÉRICO,1,1,1,H81399,H,False,False,False
Vértigo paroxístico,1,1,1,H8113,H,False,False,False
Vértigo periférico,1,1,1,H81399,H,False,False,False
Vértigo periférico paroxístico benigno,1,1,1,H8113,H,False,False,False
Vértigo periférico.,1,1,1,H81399,H,False,False,False
Vértigos,1,1,1,R42,R,False,False,False
Vértigos paroxístico benigno,1,1,1,H8110,H,False,False,False
Vértigos periféricos,1,1,1,H81399,H,False,False,False
Vértigos posicionales,1,1,1,H8110,H,False,False,False
Vídeo EEG,1,1,1,4A10X4Z,4,False,False,False
Vòmits no especificats,1,1,1,R1110,R,False,False,False
Vólvulo de sigma,1,1,1,K562,K,False,False,False
Vómitos,1,1,1,R1110,R,False,False,False
Vómitos esporádicos,1,1,1,78703,7,False,False,False
WPW parto,1,1,1,I456,I,False,False,False
Wegener,1,1,1,M3130,M,False,False,False
Weil izquierdo,1,1,1,0Q8P0ZZ,0,False,False,False
Wilson,1,1,1,E8309,E,False,False,False
Wolff-Parkinson-White,1,1,1,I456,I,False,False,False
Xarelto,1,1,1,Z7901,Z,False,False,False
Xoc,1,1,1,78559,7,False,False,False
Xoc sèptic,1,1,1,78552,7,False,False,False
Z60.8,1,1,1,Z608,Z,False,False,False
Z94.0,1,1,1,Z940,Z,False,False,False
Z94.2,1,1,1,Z942,Z,False,False,False
Zika + parto,1,1,1,64781,6,False,False,False
Zika part,1,1,1,A925,A,False,False,False
Zona donante muslo derecho,1,1,1,0HBHXZZ,0,False,False,False
a NEGATIVO,1,1,1,Z6711,Z,False,False,False
a POS,1,1,1,Z6710,Z,False,False,False
a Pos,1,1,1,Z6710,Z,False,False,False
a negatiu,1,1,1,Z6711,Z,False,False,False
a negativ,1,1,1,Z6711,Z,False,False,False
a negativo,1,1,1,Z6711,Z,False,False,False
a negativos,1,1,1,Z6711,Z,False,False,False
a negtivo,1,1,1,Z6711,Z,False,False,False
a pOSITIVO,1,1,1,Z6710,Z,False,False,False
a posit,1,1,1,Z6710,Z,False,False,False
a positi,1,1,1,Z6710,Z,False,False,False
a positivo,1,1,1,Z6710,Z,False,False,False
a.e,1,1,1,O631,O,False,False,False
a.e.,1,1,1,66221,6,False,False,False
aSMA,1,1,1,49390,4,False,False,False
ab negativo,1,1,1,Z6731,Z,False,False,False
abces dentari,1,1,1,5225,5,False,False,False
abceso cuello,1,1,1,6821,6,False,False,False
abceso de bartholino,1,1,1,N751,N,False,False,False
aborto diferido,1,1,1,O021,O,False,False,False
aborto diferit,1,1,1,O021,O,False,False,False
aborto en curso con metrorragia,1,1,1,O036,O,False,False,False
aborto habitual,1,1,1,64631,6,False,False,False
aborto incompleto,1,1,1,O034,O,False,False,False
aborto séptico,1,1,1,O034,O,False,False,False
abortos de repetición,1,1,1,O2623,O,False,False,False
absces periamigdalar,1,1,1,475,4,False,False,False
absceso MAMA DERECHA,1,1,1,N611,N,False,False,False
absceso anal,1,1,1,K610,K,False,False,False
absceso bartholino,1,1,1,6163,6,False,False,False
absceso de Bartholino,1,1,1,N751,N,False,False,False
absceso de herida quirúrgica,1,1,1,T8140XA,T,False,False,False
absceso de mama derecha,1,1,1,N611,N,False,False,False
absceso de mama izquierda,1,1,1,N611,N,False,False,False
absceso en mama derecha,1,1,1,N611,N,False,False,False
absceso glúteo,1,1,1,L0231,L,False,False,False
absceso hepático,1,1,1,K750,K,False,False,False
absceso isquiorrectal derecho,1,1,1,K6139,K,False,False,False
absceso mama,1,1,1,6110,6,False,False,False
absceso mamario,1,1,1,N611,N,False,False,False
absceso parafaringeo,1,1,1,47822,4,False,False,False
absceso perianal,1,1,1,K610,K,False,False,False
absceso postquirúrgico,1,1,1,T8140XA,T,False,False,False
absceso renal,1,1,1,N151,N,False,False,False
absceso retrofaringeo,1,1,1,47824,4,False,False,False
absceso retrofaríngeo,1,1,1,47824,4,False,False,False
absceso tubo-ovárico derecho,1,1,1,N7003,N,False,False,False
absceso tuboovarico,1,1,1,6142,6,False,False,False
absceso tuboovarico derecho,1,1,1,N7093,N,False,False,False
absceso tuboovárico,1,1,1,N7093,N,False,False,False
abscés tubo-ovàric,1,1,1,6142,6,False,False,False
abuela materna Ca de mama,1,1,1,Z803,Z,False,False,False
accdient,1,1,1,X58XXXA,X,False,False,False
accident d,1,1,1,X58XXXD,X,False,False,False
accidente,1,1,1,E9289,E,False,False,False
accidente de tráfico,1,1,1,Y92410,Y,False,False,False
accidente secuela,1,1,1,X58XXXS,X,False,False,False
aciclovir,1,1,1,9922,9,False,False,False
acidosi metabòlica,1,1,1,E872,E,False,False,False
acne,1,1,1,7061,7,False,False,False
acondroplasia,1,1,1,7564,7,False,False,False
acortamiento cervical,1,1,1,O26873,O,False,False,False
acortamiento de expulsivo,1,1,1,O631,O,False,False,False
acortamiento de expulsivo.,1,1,1,O631,O,False,False,False
acromioplastia,1,1,1,0RQG4ZZ,0,False,False,False
actp no coronario,1,1,1,3950,3,False,False,False
adenitis,1,1,1,2893,2,False,False,False
adenitis mesentèrica,1,1,1,I880,I,False,False,False
adenitis mesentérica,1,1,1,I880,I,False,False,False
adenocarcinoma,1,1,1,81403,8,False,False,False
adenocarcinoma endometrioide,1,1,1,83803,8,False,False,False
adenoflemón,1,1,1,683,6,False,False,False
adenoma,1,1,1,81400,8,False,False,False
adenoma de paratiroides,1,1,1,2271,2,False,False,False
adenoma hepatico,1,1,1,2115,2,False,False,False
adenoma hipofisis,1,1,1,82720,8,False,False,False
adenoma parotida,1,1,1,2102,2,False,False,False
adenoma prostático,1,1,1,N400,N,False,False,False
adenoma suprarrenal,1,1,1,2270,2,False,False,False
adenomas hipofisis,1,1,1,82720,8,False,False,False
adenomiomatosis vesicular,1,1,1,2115,2,False,False,False
adenopatias,1,1,1,7856,7,False,False,False
adenopatias laterocervicales,1,1,1,R590,R,False,False,False
adenopatía subcarinal,1,1,1,R590,R,False,False,False
adenopatías,1,1,1,7856,7,False,False,False
adenopatías retroperitoneales,1,1,1,7856,7,False,False,False
adenosis esclerosante mama,1,1,1,6102,6,False,False,False
adenosis mama der,1,1,1,N6021,N,False,False,False
adenovirus,1,1,1,0790,0,False,False,False
adherencia a epiplón,1,1,1,K660,K,False,False,False
adherencia trompa,1,1,1,6146,6,False,False,False
adherencias intestinal,1,1,1,5680,5,False,False,False
adherencias intestinales,1,1,1,K660,K,False,False,False
adherencias peritoneales,1,1,1,5680,5,False,False,False
adhesiolisis intestinal,1,1,1,5680,5,False,False,False
adhesiolisis ovario,1,1,1,6589,6,False,False,False
adhesiolisis pelvicas lap,1,1,1,6581,6,False,False,False
adhesiolisis trompa lap,1,1,1,6581,6,False,False,False
adiro,1,1,1,Z7982,Z,False,False,False
adk endometroide,1,1,1,83803,8,False,False,False
adk mtx,1,1,1,81406,8,False,False,False
administración de quimioterapia,1,1,1,V5811,V,False,False,False
adrenalina intramuscular,1,1,1,3E023GC,3,False,False,False
ae,1,1,1,O631,O,False,False,False
afectación ganglionar,1,1,1,C778,C,False,False,False
aftas,1,1,1,K120,K,False,False,False
aftas oral,1,1,1,K120,K,False,False,False
afàsia residual,1,1,1,43811,4,False,False,False
agenesia renal izquierda,1,1,1,Q600,Q,False,False,False
agitación,1,1,1,R451,R,False,False,False
agorafobia,1,1,1,30022,3,False,False,False
agotamiento materno,1,1,1,O7581,O,False,False,False
agresion,1,1,1,E9689,E,False,False,False
agresividad,1,1,1,F603,F,False,False,False
aguas meconiales,1,1,1,O770,O,False,False,False
aines,1,1,1,E9358,E,False,False,False
alcalosi respiratòria,1,1,1,E873,E,False,False,False
alcochol,1,1,1,F1010,F,False,False,False
alcohol,1,1,1,F1010,F,False,False,False
alcohol ocasional,1,1,1,F1010,F,False,False,False
alergia AAS,1,1,1,Z886,Z,False,False,False
alergia QUINOLONAS,1,1,1,Z881,Z,False,False,False
alergia a Amoxicilina,1,1,1,V140,V,False,False,False
alergia a Metamizol,1,1,1,Z886,Z,False,False,False
alergia a PENICILINA,1,1,1,V140,V,False,False,False
alergia a Penicilina,1,1,1,Z880,Z,False,False,False
alergia a amoxicilina,1,1,1,Z880,Z,False,False,False
alergia a aspirina,1,1,1,Z886,Z,False,False,False
alergia a metales,1,1,1,Z91048,Z,False,False,False
alergia acaros,1,1,1,Z91038,Z,False,False,False
alergia al Kiwi,1,1,1,Z91018,Z,False,False,False
alergia al NOLOTIL,1,1,1,Z886,Z,False,False,False
alergia al ibuprofeno,1,1,1,Z886,Z,False,False,False
alergia aliment,1,1,1,Z91018,Z,False,False,False
alergia alimenticia,1,1,1,Z91018,Z,False,False,False
alergia alimento,1,1,1,Z91018,Z,False,False,False
alergia ambiental,1,1,1,Z91048,Z,False,False,False
alergia betadine,1,1,1,Z888,Z,False,False,False
alergia contraste iodado,1,1,1,V1508,V,False,False,False
alergia gat,1,1,1,Z91048,Z,False,False,False
alergia gramíneas,1,1,1,Z91048,Z,False,False,False
alergia penicilina,1,1,1,Z880,Z,False,False,False
alergia pescado,1,1,1,Z91013,Z,False,False,False
alergia tramadol,1,1,1,V146,V,False,False,False
alergia Àcars,1,1,1,V1506,V,False,False,False
alergia ácaros,1,1,1,Z91038,Z,False,False,False
alergica niquel,1,1,1,Z91048,Z,False,False,False
alfa talassemia,1,1,1,28243,2,False,False,False
alfa-talassemia part,1,1,1,O9902,O,False,False,False
alimento,1,1,1,E8658,E,False,False,False
alopecia,1,1,1,L659,L,False,False,False
alopecia areata,1,1,1,L639,L,False,False,False
alotransplante,1,1,1,Z9481,Z,False,False,False
alteración cognitiva,1,1,1,R419,R,False,False,False
alteración de la coagulación,1,1,1,R791,R,False,False,False
alteración de la función renal,1,1,1,N179,N,False,False,False
alteración de la marcha,1,1,1,R2689,R,False,False,False
alteración del lenguaje,1,1,1,78459,7,False,False,False
alucinaciones visuales,1,1,1,R441,R,False,False,False
alucinaciones visualies,1,1,1,7801,7,False,False,False
alérgica a penicilina,1,1,1,Z880,Z,False,False,False
alérgico a la Penicilina,1,1,1,V140,V,False,False,False
ambliopia,1,1,1,36800,3,False,False,False
ambliopia oi,1,1,1,H53002,H,False,False,False
ambliopía,1,1,1,36800,3,False,False,False
amenaza de parto inmaduro,1,1,1,64403,6,False,False,False
amenaza de parto prematuro,1,1,1,64403,6,False,False,False
amenaza de parto pretérmino,1,1,1,O6003,O,False,False,False
amigdalectomia + adenoidectomia,1,1,1,283,2,False,False,False
amigdalectomía,1,1,1,282,2,False,False,False
amigdalitis,1,1,1,463,4,False,False,False
amigdalitis aguda,1,1,1,J0390,J,False,False,False
amigdalitis cronica,1,1,1,J3501,J,False,False,False
amiloidosis,1,1,1,27739,2,False,False,False
amiodarona,1,1,1,9929,9,False,False,False
amniodrenaje,1,1,1,751,7,False,False,False
amniorexis artificial,1,1,1,10907ZC,1,False,False,False
amniorrexis artifical,1,1,1,10907ZC,1,False,False,False
amniorrexis espontanea,1,1,1,65811,6,False,False,False
amniotomía,1,1,1,10907ZC,1,False,False,False
amniotomía artificial,1,1,1,10907ZC,1,False,False,False
amoxicil,1,1,1,9921,9,False,False,False
amoxicilina-clavulánico,1,1,1,3E03329,3,False,False,False
amoxicilna,1,1,1,3E03329,3,False,False,False
amputacion dedo mano derecha,1,1,1,Z89021,Z,False,False,False
amputación EII,1,1,1,Z89512,Z,False,False,False
amputación cervical,1,1,1,674,6,False,False,False
anagesia,1,1,1,3E033NZ,3,False,False,False
analgesico,1,1,1,3E033NZ,3,False,False,False
analgèsia,1,1,1,3E033NZ,3,False,False,False
analgésica,1,1,1,9929,9,False,False,False
analgésico,1,1,1,9929,9,False,False,False
anemai pp,1,1,1,O9081,O,False,False,False
anemia anteparto,1,1,1,2859,2,False,False,False
anemia feropénica,1,1,1,D509,D,False,False,False
anemia ferropenica parto,1,1,1,O9902,O,False,False,False
anemia ferropénica,1,1,1,D509,D,False,False,False
anemia ferropénica 2t,1,1,1,D509,D,False,False,False
anemia ferropénica part,1,1,1,O9902,O,False,False,False
anemia hemolítica,1,1,1,D589,D,False,False,False
anemia macrocitica,1,1,1,D539,D,False,False,False
anemia normocítica,1,1,1,D649,D,False,False,False
anemia normocítica hipocroma,1,1,1,D509,D,False,False,False
anemia perniciosa,1,1,1,D510,D,False,False,False
anemia post-quirúrgica,1,1,1,D62,D,False,False,False
anemia postpart,1,1,1,64822,6,False,False,False
anemia postquirúrgica,1,1,1,D62,D,False,False,False
anemia pp,1,1,1,O9081,O,False,False,False
anemia refractaria,1,1,1,23872,2,False,False,False
anemizacion,1,1,1,D62,D,False,False,False
anemización aguda,1,1,1,D62,D,False,False,False
anemización sang,1,1,1,2851,2,False,False,False
anemizante,1,1,1,D62,D,False,False,False
anestesia,1,1,1,E9384,E,False,False,False
anexectomia bialteral,1,1,1,6561,6,False,False,False
anexectomia bilateral,1,1,1,6561,6,False,False,False
anexectomia bilateral lap,1,1,1,6563,6,False,False,False
anexectomia bilateral por laparoscopia,1,1,1,6563,6,False,False,False
anexectomia derecha,1,1,1,6549,6,False,False,False
anexectomia derecha lap,1,1,1,6541,6,False,False,False
anexectomia derecha. via laparoscopico,1,1,1,6541,6,False,False,False
anexectomia izquierda lap,1,1,1,6541,6,False,False,False
anexectomía bilateral lap,1,1,1,6563,6,False,False,False
anexectomía bilateral laparoscopica,1,1,1,0UT74ZZ,0,False,False,False
anexectomía bilateral por Laparoscopia,1,1,1,0UT24ZZ,0,False,False,False
anexectomía bilateral por laparoscopia,1,1,1,0UT24ZZ,0,False,False,False
anexectomía bilateral profiláctica,1,1,1,V5042,V,False,False,False
anexectomía bilateral via laparoscópica,1,1,1,6563,6,False,False,False
anexectomía derecha lap,1,1,1,6541,6,False,False,False
anexectomía izquierda lap,1,1,1,6541,6,False,False,False
anexitis derecha,1,1,1,6142,6,False,False,False
angina,1,1,1,I209,I,False,False,False
angina de esfuerzo,1,1,1,I208,I,False,False,False
anginas,1,1,1,4139,4,False,False,False
angioTC abdominal,1,1,1,B42CYZZ,B,False,False,False
angioTC pulmonar,1,1,1,B32T1ZZ,B,False,False,False
angioedema hereditario,1,1,1,D841,D,False,False,False
angiolipoma,1,1,1,88610,8,False,False,False
angiomiolipoma,1,1,1,88600,8,False,False,False
angiomiolipoma renal,1,1,1,2230,2,False,False,False
angiopatía amiloide,1,1,1,I680,I,False,False,False
angor,1,1,1,4139,4,False,False,False
angor estable,1,1,1,I208,I,False,False,False
anhidramnios,1,1,1,O4103X0,O,False,False,False
anhidramnios anteparto,1,1,1,65803,6,False,False,False
anhidramnis,1,1,1,O4103X0,O,False,False,False
annexectomia,1,1,1,V4577,V,False,False,False
anomalía de Ebstein,1,1,1,Q225,Q,False,False,False
anorexia nerviosa,1,1,1,F5000,F,False,False,False
ansiedad 3t,1,1,1,O99343,O,False,False,False
ansiedad anteparto,1,1,1,64843,6,False,False,False
ansiedad generalizada,1,1,1,F411,F,False,False,False
ansiedad generalizada part,1,1,1,O99344,O,False,False,False
ansiedad-depresión,1,1,1,F418,F,False,False,False
ansiosa depresiva,1,1,1,3004,3,False,False,False
ansiosa depresiva anteparto,1,1,1,64843,6,False,False,False
ansiosa part,1,1,1,O99344,O,False,False,False
ansioso - depresivo,1,1,1,F418,F,False,False,False
ansioso parto,1,1,1,F419,F,False,False,False
ansioso-depresiva,1,1,1,F418,F,False,False,False
ansiosodepresiva,1,1,1,F341,F,False,False,False
ansiosodepresivo,1,1,1,F341,F,False,False,False
ansiso depresivo,1,1,1,F418,F,False,False,False
ansiós-depressiu,1,1,1,3004,3,False,False,False
antbioterapia,1,1,1,3E03329,3,False,False,False
antbiótico,1,1,1,3E03329,3,False,False,False
antecedente de cáncer de mama,1,1,1,Z853,Z,False,False,False
antecedente de parto pretérmino,1,1,1,O09213,O,False,False,False
antecedente obito fetal,1,1,1,V2349,V,False,False,False
"anti D,",1,1,1,O26893,O,False,False,False
anti d jose,1,1,1,O26893,O,False,False,False
anti- D,1,1,1,3E0234Z,3,False,False,False
anti-.D,1,1,1,3E0234Z,3,False,False,False
anti-D .,1,1,1,3E0234Z,3,False,False,False
anti-D JOSE,1,1,1,O26893,O,False,False,False
anti-D.,1,1,1,O360130,O,False,False,False
anti-d,1,1,1,3E0234Z,3,False,False,False
antiagregada,1,1,1,Z7902,Z,False,False,False
antiagregante,1,1,1,V5863,V,False,False,False
antiagregantes,1,1,1,Z7902,Z,False,False,False
antibioterapia intravenosa,1,1,1,3E03329,3,False,False,False
antibioterapia iv,1,1,1,3E03329,3,False,False,False
antibioterapico,1,1,1,3E03329,3,False,False,False
antibioteràpia,1,1,1,9921,9,False,False,False
antibioterápico,1,1,1,3E03329,3,False,False,False
antibiotico,1,1,1,9921,9,False,False,False
antibioticos,1,1,1,3E03329,3,False,False,False
antibioticoterpia,1,1,1,3E03329,3,False,False,False
antibiòtico,1,1,1,3E03329,3,False,False,False
antibiòticos,1,1,1,3E03329,3,False,False,False
antibiòtics,1,1,1,3E03329,3,False,False,False
antibióico,1,1,1,9921,9,False,False,False
antibióterapia,1,1,1,9921,9,False,False,False
antibiótic,1,1,1,3E03329,3,False,False,False
antibiótica,1,1,1,9921,9,False,False,False
antibiótico,1,1,1,9921,9,False,False,False
antibióticoterpaia,1,1,1,3E03329,3,False,False,False
anticoagulado,1,1,1,Z7901,Z,False,False,False
anticoagulantes,1,1,1,V5861,V,False,False,False
antidiabéticos orales,1,1,1,Z7984,Z,False,False,False
antihistamínico,1,1,1,3E033GC,3,False,False,False
antiobiótico,1,1,1,3E03329,3,False,False,False
antiviricos,1,1,1,3E03329,3,False,False,False
anuria,1,1,1,R34,R,False,False,False
anèmia 2t,1,1,1,O99012,O,False,False,False
anèmia normocítica,1,1,1,2859,2,False,False,False
anémia parto,1,1,1,64821,6,False,False,False
anémia posparto,1,1,1,2851,2,False,False,False
anémia sang,1,1,1,2851,2,False,False,False
aorta bicúspide,1,1,1,Q231,Q,False,False,False
apendicectomia,1,1,1,0DTJ0ZZ,0,False,False,False
apendicectomia incidental,1,1,1,4719,4,False,False,False
apendicectomia laparoscopica,1,1,1,0DTJ4ZZ,0,False,False,False
apendicectomia laparoscópica,1,1,1,4701,4,False,False,False
apendicectomía,1,1,1,0DTJ0ZZ,0,False,False,False
apendicectomía lap,1,1,1,0DTJ4ZZ,0,False,False,False
apendicectomía laparoscópica,1,1,1,0DTJ4ZZ,0,False,False,False
apendicectomía laproscópica,1,1,1,0DTJ4ZZ,0,False,False,False
apendicitis agud,1,1,1,K3580,K,False,False,False
aplastamientos vertebrales,1,1,1,73313,7,False,False,False
apnea,1,1,1,R0681,R,False,False,False
apnea rn,1,1,1,P284,P,False,False,False
app 2,1,1,1,O6002,O,False,False,False
ar,1,1,1,7140,7,False,False,False
arnold Chiari,1,1,1,Q0700,Q,False,False,False
arnold chiari,1,1,1,Q0700,Q,False,False,False
arritmia,1,1,1,I499,I,False,False,False
arteriografía abdomen,1,1,1,8847,8,False,False,False
artosis hombro izq,1,1,1,M19012,M,False,False,False
artritis,1,1,1,71690,7,False,False,False
artritis psoriásica,1,1,1,L4050,L,False,False,False
artritis reumatoide parto,1,1,1,M069,M,False,False,False
artritis séptica de rodilla,1,1,1,71106,7,False,False,False
artrocentesis,1,1,1,8191,8,False,False,False
artrodesi,1,1,1,Z981,Z,False,False,False
artrodesi lumbar,1,1,1,Z981,Z,False,False,False
artrodesis,1,1,1,V454,V,False,False,False
artrodesis cervical,1,1,1,Z981,Z,False,False,False
artrodesis lumbar,1,1,1,Z981,Z,False,False,False
artrogriposis,1,1,1,75489,7,False,False,False
artrogriposis congénita,1,1,1,Q743,Q,False,False,False
artropatia degenerativa generalitzada,1,1,1,71509,7,False,False,False
artropatíadegenerativa,1,1,1,71590,7,False,False,False
artroplastia total de cadera bilateral,1,1,1,Z96643,Z,False,False,False
artroplastia total de rodilla derecha,1,1,1,0SRC0J9,0,False,False,False
artrosi,1,1,1,M1990,M,False,False,False
artrosis,1,1,1,M1990,M,False,False,False
artrosis hombro der,1,1,1,M19011,M,False,False,False
artrosis lumbar,1,1,1,M47816,M,False,False,False
artrosis parto,1,1,1,64871,6,False,False,False
asbestosis,1,1,1,501,5,False,False,False
ascitis,1,1,1,R188,R,False,False,False
ascitis maligna,1,1,1,R180,R,False,False,False
ascítico,1,1,1,R188,R,False,False,False
ascítis maligna,1,1,1,78951,7,False,False,False
asimetria mamaria,1,1,1,61189,6,False,False,False
asma,1,1,1,49390,4,False,False,False
asma PART,1,1,1,J45909,J,False,False,False
asma alérgico,1,1,1,J45909,J,False,False,False
asma reagudizado,1,1,1,49392,4,False,False,False
asmática,1,1,1,49390,4,False,False,False
aspergilosis broncopulmonar alérgica,1,1,1,5186,5,False,False,False
aspirado de médula ósea,1,1,1,4131,4,False,False,False
astenia,1,1,1,R531,R,False,False,False
astigmatisme,1,1,1,36720,3,False,False,False
ataxia menstrual,1,1,1,6264,6,False,False,False
atelectasia,1,1,1,J9811,J,False,False,False
ateromatosis aórtica,1,1,1,4400,4,False,False,False
ateromatosis calcificada aórtica,1,1,1,I700,I,False,False,False
ateromatosis cerebral,1,1,1,4370,4,False,False,False
atetosis hepática,1,1,1,5718,5,False,False,False
atonia uterina posparto,1,1,1,O7589,O,False,False,False
atragantamiento,1,1,1,R1319,R,False,False,False
atresia duodenal,1,1,1,7511,7,False,False,False
atresia esofagica,1,1,1,7503,7,False,False,False
atresia esofago corregida,1,1,1,V1367,V,False,False,False
atrofia ovarioss,1,1,1,N83311,N,False,False,False
atrofia renal derecha,1,1,1,N261,N,False,False,False
atropello,1,1,1,V0310XA,V,False,False,False
audifono,1,1,1,Z974,Z,False,False,False
audífono,1,1,1,Z974,Z,False,False,False
aumentine,1,1,1,3E03329,3,False,False,False
aumento de PSA,1,1,1,R9720,R,False,False,False
aumento mamario,1,1,1,Z9882,Z,False,False,False
ausencia epileptica,1,1,1,G40A09,G,False,False,False
autismo,1,1,1,F840,F,False,False,False
b NEGATIVO,1,1,1,Z6721,Z,False,False,False
b negativo,1,1,1,Z6721,Z,False,False,False
b pos,1,1,1,Z6720,Z,False,False,False
b2790,1,1,1,B2790,B,False,False,False
bactermia,1,1,1,7907,7,False,False,False
bacteroides fragilis,1,1,1,04182,0,False,False,False
bajo nivel de conciencia,1,1,1,R401,R,False,False,False
bajo peso para edad gestacional 1000,1,1,1,P0504,P,False,False,False
baloncesto,1,1,1,Y9367,Y,False,False,False
balón de Cook,1,1,1,0U7C7ZZ,0,False,False,False
bandolera,1,1,1,O6981X0,O,False,False,False
bardicardia,1,1,1,R001,R,False,False,False
barrera idiomatica,1,1,1,Z603,Z,False,False,False
barrera idiomàtica,1,1,1,Z603,Z,False,False,False
bazo accesorio,1,1,1,Q8909,Q,False,False,False
baño,1,1,1,Y92031,Y,False,False,False
bc ba,1,1,1,V9103,V,False,False,False
beta talassemia parto,1,1,1,D561,D,False,False,False
bicorial - biamniótico,1,1,1,V9103,V,False,False,False
bicorial / biamniótica,1,1,1,V9103,V,False,False,False
bicorial biamniotica,1,1,1,V9103,V,False,False,False
bicorial biamniotico,1,1,1,V9103,V,False,False,False
bicorial- biamniótica,1,1,1,O30043,O,False,False,False
bicorial-biamniotico,1,1,1,O30043,O,False,False,False
bicorial-biamniótica,1,1,1,O30043,O,False,False,False
bicorial/biamniótica,1,1,1,O30043,O,False,False,False
bicorial/biamniótico,1,1,1,V9103,V,False,False,False
biopsia COLON,1,1,1,4525,4,False,False,False
biopsia Colon,1,1,1,4525,4,False,False,False
biopsia DUODENO,1,1,1,4514,4,False,False,False
biopsia Endometri,1,1,1,0UB98ZX,0,False,False,False
biopsia GANGLIo,1,1,1,4011,4,False,False,False
biopsia PERITONEAL lap,1,1,1,5424,5,False,False,False
biopsia Riñon derecha,1,1,1,0TB03ZX,0,False,False,False
biopsia cervix,1,1,1,0UBC8ZX,0,False,False,False
biopsia ciego,1,1,1,0DBH8ZX,0,False,False,False
biopsia colon descendente,1,1,1,0DBM8ZX,0,False,False,False
biopsia de GC,1,1,1,4011,4,False,False,False
biopsia de centinela,1,1,1,4011,4,False,False,False
biopsia de gangli,1,1,1,4011,4,False,False,False
biopsia de ganglio,1,1,1,4011,4,False,False,False
biopsia de médula ósea,1,1,1,4131,4,False,False,False
biopsia de peritoneo,1,1,1,5423,5,False,False,False
biopsia diafragma,1,1,1,3427,3,False,False,False
biopsia endometrio,1,1,1,0UB98ZX,0,False,False,False
biopsia epiplón,1,1,1,0DBU0ZX,0,False,False,False
biopsia esofago proximal,1,1,1,0DB18ZX,0,False,False,False
biopsia estomac,1,1,1,4414,4,False,False,False
biopsia esófago distal,1,1,1,0DB38ZX,0,False,False,False
biopsia gástrica,1,1,1,4414,4,False,False,False
biopsia hepatica,1,1,1,5011,5,False,False,False
biopsia ileon,1,1,1,4514,4,False,False,False
biopsia mama derecha,1,1,1,0HBT0ZX,0,False,False,False
biopsia mama izquierda,1,1,1,0HBU0ZX,0,False,False,False
biopsia medula osea,1,1,1,07DR3ZX,0,False,False,False
biopsia peritoneal lap,1,1,1,5424,5,False,False,False
biopsia peritoneo,1,1,1,5423,5,False,False,False
biopsia peritoneo lap,1,1,1,0DBW4ZX,0,False,False,False
biopsia piel abdomen,1,1,1,0HB7XZX,0,False,False,False
biopsia pulmonar toracoscopica,1,1,1,3320,3,False,False,False
biopsia renal derecha,1,1,1,0TB03ZX,0,False,False,False
biopsia renal dreta,1,1,1,0TB03ZX,0,False,False,False
biopsia vesical,1,1,1,0T9B8ZX,0,False,False,False
biopsias esofag,1,1,1,4224,4,False,False,False
biopsias peritoneal lap,1,1,1,5424,5,False,False,False
biopsias peritoneales,1,1,1,5423,5,False,False,False
biopsias peritoneales lap,1,1,1,5424,5,False,False,False
biopsias vaginales,1,1,1,7024,7,False,False,False
biopsias vesicales,1,1,1,0TBB8ZX,0,False,False,False
biopsias vesicales múltiples,1,1,1,0TBB8ZX,0,False,False,False
bipolar depresiva,1,1,1,F3130,F,False,False,False
biòpsia de gangli sentinella,1,1,1,4011,4,False,False,False
biòpsia renal dret,1,1,1,0TB03ZX,0,False,False,False
biòpsia selectiva de gangli sentinella,1,1,1,4011,4,False,False,False
blee,1,1,1,Z1610,Z,False,False,False
bloqueo AV completo,1,1,1,I442,I,False,False,False
bloqueo de rama derecho,1,1,1,I4510,I,False,False,False
bloqueo de rama izquierda,1,1,1,4263,4,False,False,False
bloqueo incompleto rama derecha,1,1,1,I4519,I,False,False,False
boca-mano-pie,1,1,1,B084,B,False,False,False
bocavirus,1,1,1,B348,B,False,False,False
bolsa rota,1,1,1,O4292,O,False,False,False
bolsa rota prolongada,1,1,1,P011,P,False,False,False
"bolsa rota,",1,1,1,O4292,O,False,False,False
borto diferi,1,1,1,O021,O,False,False,False
botón gástrico,1,1,1,Z931,Z,False,False,False
bradicardia,1,1,1,R001,R,False,False,False
bradicardia de expulsivo,1,1,1,O76,O,False,False,False
braquicefalia,1,1,1,Q750,Q,False,False,False
brca2,1,1,1,Z1501,Z,False,False,False
brd,1,1,1,I4510,I,False,False,False
brdh,1,1,1,I4510,I,False,False,False
brihh,1,1,1,I447,I,False,False,False
broncoaspiracion,1,1,1,5070,5,False,False,False
broncoaspiració,1,1,1,5070,5,False,False,False
broncoaspirativa,1,1,1,5070,5,False,False,False
broncoaspirativo,1,1,1,5070,5,False,False,False
broncodilatadores,1,1,1,3E0F7GC,3,False,False,False
broncodilatadors,1,1,1,9394,9,False,False,False
broncodiltador,1,1,1,9394,9,False,False,False
broncoespasme,1,1,1,51911,5,False,False,False
broncoespasmo,1,1,1,51911,5,False,False,False
broncoespástica,1,1,1,J9801,J,False,False,False
bronconeumonia,1,1,1,485,4,False,False,False
bronconeumonía,1,1,1,J180,J,False,False,False
broncoscopia,1,1,1,3323,3,False,False,False
broncoscopia flexible,1,1,1,3323,3,False,False,False
broncospasmo,1,1,1,51911,5,False,False,False
bronquiectasia,1,1,1,J479,J,False,False,False
bronquiolitis VRS,1,1,1,J210,J,False,False,False
bronquiolitis aguda VRS,1,1,1,J210,J,False,False,False
bronquitis,1,1,1,4660,4,False,False,False
bronquitis VRS,1,1,1,J205,J,False,False,False
bronquitis aguda Rinovirus,1,1,1,J206,J,False,False,False
bronquitis aguda epoc,1,1,1,49122,4,False,False,False
bronquitis aguda parainfluenza,1,1,1,J204,J,False,False,False
bronquitis aguda rhinovirus,1,1,1,J206,J,False,False,False
bronquitis asmatica,1,1,1,49390,4,False,False,False
bronquitis crónica,1,1,1,J42,J,False,False,False
bronquitisleve,1,1,1,4660,4,False,False,False
bruxismo,1,1,1,F458,F,False,False,False
bsgc d,1,1,1,07B50ZX,0,False,False,False
bsgc pelvic,1,1,1,07BC0ZX,0,False,False,False
bulla,1,1,1,J439,J,False,False,False
bursectomía hombro izq,1,1,1,0MB24ZZ,0,False,False,False
bypass aortocoronario,1,1,1,V4581,V,False,False,False
bypass coronario,1,1,1,Z951,Z,False,False,False
bypass coronarios,1,1,1,V4581,V,False,False,False
bypass femoro-tibial,1,1,1,Z95820,Z,False,False,False
bypass gastrico lap,1,1,1,4438,4,False,False,False
bypass gástrico lap,1,1,1,4438,4,False,False,False
bypass gástrico laparoscópico,1,1,1,4438,4,False,False,False
c773,1,1,1,C773,C,False,False,False
c786,1,1,1,C786,C,False,False,False
cPAP 1,1,1,1,5A09357,5,False,False,False
ca,1,1,1,80103,8,False,False,False
ca MAMA DERECHA,1,1,1,C50911,C,False,False,False
ca MAMA IZQUIERDA,1,1,1,C50912,C,False,False,False
ca VULVA,1,1,1,C519,C,False,False,False
ca base de lengua,1,1,1,1410,1,False,False,False
ca basocelular,1,1,1,80903,8,False,False,False
ca cervix,1,1,1,C539,C,False,False,False
ca de mama D,1,1,1,C50911,C,False,False,False
ca de mama IZDA,1,1,1,C50912,C,False,False,False
ca endocérvix,1,1,1,1800,1,False,False,False
ca endometrio,1,1,1,1820,1,False,False,False
ca endometrio historia,1,1,1,Z8542,Z,False,False,False
ca epidermoide,1,1,1,80703,8,False,False,False
ca in situ mama,1,1,1,2330,2,False,False,False
ca lengua,1,1,1,1419,1,False,False,False
ca mam der,1,1,1,C50911,C,False,False,False
ca mama CII,1,1,1,1743,1,False,False,False
ca mama CSE izq,1,1,1,C50412,C,False,False,False
ca mama UCe,1,1,1,1748,1,False,False,False
ca mama bilaterl,1,1,1,C50912,C,False,False,False
ca mama cii,1,1,1,1743,1,False,False,False
ca mama csi,1,1,1,1742,1,False,False,False
ca mama derecha,1,1,1,C50911,C,False,False,False
ca mama izq,1,1,1,C50912,C,False,False,False
ca mama izqueirda,1,1,1,C50912,C,False,False,False
ca mama izquierda,1,1,1,C50912,C,False,False,False
ca mama masculina,1,1,1,1759,1,False,False,False
ca ovario,1,1,1,1830,1,False,False,False
ca ovárico,1,1,1,1830,1,False,False,False
ca pancreas,1,1,1,C259,C,False,False,False
ca prostata,1,1,1,C61,C,False,False,False
ca pulmonar LII,1,1,1,C3432,C,False,False,False
ca renal,1,1,1,1890,1,False,False,False
ca renal d,1,1,1,C641,C,False,False,False
ca seroso papilar,1,1,1,84603,8,False,False,False
ca uroterial,1,1,1,81203,8,False,False,False
ca utero,1,1,1,C55,C,False,False,False
ca vagina,1,1,1,1840,1,False,False,False
ca vejiga,1,1,1,C679,C,False,False,False
ca vesical,1,1,1,C679,C,False,False,False
ca vulva,1,1,1,1844,1,False,False,False
ca. de mama,1,1,1,1749,1,False,False,False
ca. endometrio,1,1,1,C541,C,False,False,False
ca. mama,1,1,1,1749,1,False,False,False
cabergolina,1,1,1,O925,O,False,False,False
cacahuete,1,1,1,V1501,V,False,False,False
caida casual en su domicilio,1,1,1,Y92009,Y,False,False,False
caida desde silla de ruedas,1,1,1,W050XXA,W,False,False,False
caidas frecuentes,1,1,1,Z9181,Z,False,False,False
caiguda,1,1,1,E8889,E,False,False,False
calcificaciones prostáticas,1,1,1,N4289,N,False,False,False
cambio de nefrostomia,1,1,1,Z436,Z,False,False,False
cambio tubo traqueostomia,1,1,1,9723,9,False,False,False
campylobacter jejuni,1,1,1,A045,A,False,False,False
canabis part,1,1,1,F1210,F,False,False,False
canalitza viaperifèrica,1,1,1,3893,3,False,False,False
canalización de vena umbilical,1,1,1,06H033T,0,False,False,False
canalización de vía periférica,1,1,1,05HY33Z,0,False,False,False
candidiasis vaginal 2t,1,1,1,O98812,O,False,False,False
candidiasis vaginal part,1,1,1,B373,B,False,False,False
candidiasis vaginal parto,1,1,1,B373,B,False,False,False
candidiasis vulvovaginal,1,1,1,B3732,B,False,False,False
cannabis,1,1,1,F1210,F,False,False,False
canulas nasales,1,1,1,3E0F7SF,3,False,False,False
capsulectomía bilateral,1,1,1,8594,8,False,False,False
carcinoma,1,1,1,80103,8,False,False,False
carcinoma anal,1,1,1,C210,C,False,False,False
carcinoma basocelular historia,1,1,1,V1083,V,False,False,False
carcinoma de endometrio,1,1,1,C541,C,False,False,False
carcinoma de mama,1,1,1,1749,1,False,False,False
carcinoma de mama derecha,1,1,1,C50911,C,False,False,False
carcinoma de ovario,1,1,1,1830,1,False,False,False
carcinoma de tiroides,1,1,1,193,1,False,False,False
carcinoma ductal infiltrante,1,1,1,85003,8,False,False,False
carcinoma endometrial,1,1,1,C541,C,False,False,False
carcinoma endometrio,1,1,1,1820,1,False,False,False
carcinoma endometrioide,1,1,1,83803,8,False,False,False
carcinoma epidermoide,1,1,1,80703,8,False,False,False
carcinoma intraductal,1,1,1,85003,8,False,False,False
carcinoma lobulillar in situ,1,1,1,85202,8,False,False,False
carcinoma mama d,1,1,1,C50911,C,False,False,False
carcinoma mama derecha,1,1,1,C50911,C,False,False,False
carcinoma mucinoso,1,1,1,84803,8,False,False,False
carcinoma seroso,1,1,1,84413,8,False,False,False
carcinoma seroso de ovario,1,1,1,C569,C,False,False,False
carcinoma seroso papilar,1,1,1,84603,8,False,False,False
carcinoma urotelial,1,1,1,81203,8,False,False,False
carcinomatosi peritoneal,1,1,1,1976,1,False,False,False
carcinosarcoma,1,1,1,89803,8,False,False,False
carcioma endometrio,1,1,1,C541,C,False,False,False
cardiologia part,1,1,1,O9942,O,False,False,False
cardiologia parto,1,1,1,O9942,O,False,False,False
cardiopatia congenita,1,1,1,Q249,Q,False,False,False
cardiopatia fetal,1,1,1,O358XX0,O,False,False,False
cardiopatia hipertensiva icc,1,1,1,40291,4,False,False,False
cardiopatia hta,1,1,1,I119,I,False,False,False
cardiopatia isquemica,1,1,1,4149,4,False,False,False
cardiopatia isquémica,1,1,1,I259,I,False,False,False
cardiopatía fetal,1,1,1,O358XX0,O,False,False,False
cardiopatía hipertensiva icc,1,1,1,40291,4,False,False,False
carrer,1,1,1,E8495,E,False,False,False
casa,1,1,1,E8490,E,False,False,False
cataracta,1,1,1,3669,3,False,False,False
cataracta od,1,1,1,08RJ3JZ,0,False,False,False
cataracta ull esquerre,1,1,1,08RK3JZ,0,False,False,False
catarata,1,1,1,H269,H,False,False,False
catarata OD,1,1,1,H269,H,False,False,False
catarata od,1,1,1,H269,H,False,False,False
catarata oi,1,1,1,08RK3JZ,0,False,False,False
catarata traumática,1,1,1,36620,3,False,False,False
catarro de vías altas,1,1,1,J00,J,False,False,False
cateter,1,1,1,E8798,E,False,False,False
cateter DOBLE J BILATERAL,1,1,1,0T9880Z,0,False,False,False
cateter venosa,1,1,1,3893,3,False,False,False
cateteres doble J.,1,1,1,598,5,False,False,False
cateterismo,1,1,1,3721,3,False,False,False
catèter venós central,1,1,1,02HV33Z,0,False,False,False
catéter,1,1,1,3893,3,False,False,False
catéter doble J,1,1,1,598,5,False,False,False
catéter doble J izquierdo,1,1,1,0T9780Z,0,False,False,False
catéter peridural,1,1,1,0390,0,False,False,False
catéter ureteral,1,1,1,598,5,False,False,False
catéter venoso central,1,1,1,02HV33Z,0,False,False,False
catéteres JJ,1,1,1,598,5,False,False,False
caídas frecuentes,1,1,1,V1588,V,False,False,False
cchh,1,1,1,9904,9,False,False,False
cdi,1,1,1,85003,8,False,False,False
cdi mama der,1,1,1,C50911,C,False,False,False
cefalea,1,1,1,7840,7,False,False,False
cefalea crónica,1,1,1,R51,R,False,False,False
cefalea dural posparto,1,1,1,O745,O,False,False,False
cefalea holocraneal,1,1,1,7840,7,False,False,False
cefalea postpuncion dural,1,1,1,3490,3,False,False,False
cefalea pulsátil,1,1,1,R51,R,False,False,False
cefalea punción dural,1,1,1,O745,O,False,False,False
cefalea tensional,1,1,1,G44209,G,False,False,False
cefalea tensional episodica,1,1,1,G44219,G,False,False,False
cefalea vascular,1,1,1,G441,G,False,False,False
cefalohematoma rn,1,1,1,P120,P,False,False,False
cefotaxima,1,1,1,3E03329,3,False,False,False
ceftazidima,1,1,1,9921,9,False,False,False
cefuroxima,1,1,1,9921,9,False,False,False
ceguera,1,1,1,36900,3,False,False,False
celestone,1,1,1,3E0233Z,3,False,False,False
celiaca parto,1,1,1,K900,K,False,False,False
celiaquia,1,1,1,5790,5,False,False,False
celiaquia part,1,1,1,K900,K,False,False,False
celiaquia parto,1,1,1,O9962,O,False,False,False
celiaquía,1,1,1,K900,K,False,False,False
celiaquía part,1,1,1,K900,K,False,False,False
celiaquía parto,1,1,1,K900,K,False,False,False
celulitis abd,1,1,1,6822,6,False,False,False
celulitis abdomen,1,1,1,L03311,L,False,False,False
celulitis eid,1,1,1,L03115,L,False,False,False
celulitis mama,1,1,1,N610,N,False,False,False
celulitis orbita,1,1,1,37601,3,False,False,False
celulitis pie derecho,1,1,1,L03115,L,False,False,False
celíaca,1,1,1,5790,5,False,False,False
cerclaje cervical,1,1,1,6759,6,False,False,False
cervicalgia,1,1,1,7231,7,False,False,False
cervicitis cronica,1,1,1,N72,N,False,False,False
cervicitis crónica,1,1,1,N72,N,False,False,False
cervicoartrosis,1,1,1,7210,7,False,False,False
cervix corto parto,1,1,1,O26873,O,False,False,False
cerviz corto 2t,1,1,1,O26872,O,False,False,False
cesarea anterior anteparto,1,1,1,65423,6,False,False,False
cesarea previa,1,1,1,O34219,O,False,False,False
cesarea rn,1,1,1,P034,P,False,False,False
cesareas,1,1,1,10D00Z1,1,False,False,False
cesareas previa,1,1,1,O34211,O,False,False,False
cesareas previas,1,1,1,O34211,O,False,False,False
cesaria anterior,1,1,1,O34219,O,False,False,False
cesrea,1,1,1,10D00Z1,1,False,False,False
cesària anterior,1,1,1,O34211,O,False,False,False
cesárea ant anteparto,1,1,1,65423,6,False,False,False
cesárea anter,1,1,1,O34219,O,False,False,False
cesárea anterior anteparto,1,1,1,65423,6,False,False,False
cesárea anteriores,1,1,1,O34219,O,False,False,False
cesáreas ant,1,1,1,O34219,O,False,False,False
cetoacidosis diabética dm 1,1,1,1,E1010,E,False,False,False
cetonemia,1,1,1,E872,E,False,False,False
cetonèmia,1,1,1,E872,E,False,False,False
cetosis,1,1,1,E872,E,False,False,False
ch,1,1,1,30233N1,3,False,False,False
chagas part,1,1,1,B571,B,False,False,False
chh,1,1,1,30233N1,3,False,False,False
cianosis,1,1,1,R230,R,False,False,False
ciatalgia,1,1,1,M5430,M,False,False,False
ciatica,1,1,1,M5430,M,False,False,False
cicatriz queloidea,1,1,1,7014,7,False,False,False
ciclosporina,1,1,1,3E033WL,3,False,False,False
cierre colostomía,1,1,1,V553,V,False,False,False
cierre de fisura palatina,1,1,1,2762,2,False,False,False
cierre de gastrostomía,1,1,1,Z431,Z,False,False,False
cifoescoliosis,1,1,1,M419,M,False,False,False
cin 1,1,1,1,N870,N,False,False,False
cin 1 parto,1,1,1,N870,N,False,False,False
cin 2,1,1,1,62212,6,False,False,False
cin 3,1,1,1,2331,2,False,False,False
ciprofloxacino,1,1,1,9921,9,False,False,False
cir 2000,1,1,1,P059,P,False,False,False
circular,1,1,1,O6981X0,O,False,False,False
circular en mano,1,1,1,O6982X0,O,False,False,False
circular prieta,1,1,1,O691XX0,O,False,False,False
circuncision,1,1,1,0VTTXZZ,0,False,False,False
cirrosis biliar primaria,1,1,1,K743,K,False,False,False
cirrosis hepatica vhc,1,1,1,B182,B,False,False,False
cirrosis hepática,1,1,1,K7469,K,False,False,False
cirrosis hepática de origen enólico,1,1,1,5712,5,False,False,False
cirugia DE CORNETES,1,1,1,09TL8ZZ,0,False,False,False
cirugia anulada por contraindicacion,1,1,1,Z5309,Z,False,False,False
cirugia bypass,1,1,1,Y832,Y,False,False,False
cirugia estoma,1,1,1,Y833,Y,False,False,False
cirugia protesis,1,1,1,Y831,Y,False,False,False
cirugía bariátrica,1,1,1,Z9884,Z,False,False,False
cirugía bariátrica anteparto,1,1,1,64923,6,False,False,False
cirugía bariátrica parto,1,1,1,O99844,O,False,False,False
cirugía endoscópica nasosinusal,1,1,1,2260,2,False,False,False
cirugía endoscópica nasosinusal 2,1,1,1,2219,2,False,False,False
cistectomia,1,1,1,Z906,Z,False,False,False
cistectomía parcial,1,1,1,576,5,False,False,False
cistectomía radical lap,1,1,1,07TC4ZZ,0,False,False,False
cistitis,1,1,1,5959,5,False,False,False
cistitis aguda,1,1,1,5950,5,False,False,False
cistitis cronica,1,1,1,5952,5,False,False,False
cistitis intersticial,1,1,1,N3010,N,False,False,False
cistoadenofibroma mucinoso,1,1,1,90150,9,False,False,False
cistoadenofibroma seroso,1,1,1,90140,9,False,False,False
cistoadenoma ovario,1,1,1,220,2,False,False,False
cistoprostatectomía,1,1,1,Z9079,Z,False,False,False
claudicación familiar,1,1,1,V604,V,False,False,False
claudicación intermitente,1,1,1,I739,I,False,False,False
claustrofobia,1,1,1,F40240,F,False,False,False
clavo,1,1,1,E8781,E,False,False,False
clindamicina,1,1,1,9921,9,False,False,False
clopidogrel,1,1,1,Z7902,Z,False,False,False
cmv parto,1,1,1,O9852,O,False,False,False
cn,1,1,1,N23,N,False,False,False
coagulopatía,1,1,1,D689,D,False,False,False
cocaina ocasional,1,1,1,F1490,F,False,False,False
colangitis esclerosante,1,1,1,K8301,K,False,False,False
colapso pulmon,1,1,1,J9819,J,False,False,False
colección en pared abdominal,1,1,1,L02211,L,False,False,False
colección subcutánea,1,1,1,L02211,L,False,False,False
colecistectomia laparoscópica,1,1,1,5123,5,False,False,False
colecistectomía lap,1,1,1,5123,5,False,False,False
colecistectomía laproscópica,1,1,1,0FT44ZZ,0,False,False,False
colecistitis cronica,1,1,1,57511,5,False,False,False
colectomía,1,1,1,Z9049,Z,False,False,False
colectomía total,1,1,1,V4572,V,False,False,False
coledocolitiasis,1,1,1,K8050,K,False,False,False
colelitiais parto,1,1,1,O9962,O,False,False,False
colelitiasi,1,1,1,57420,5,False,False,False
colelitiasis anteparto,1,1,1,64893,6,False,False,False
colelitiasis y coledocolitiasis,1,1,1,57490,5,False,False,False
colestasis,1,1,1,K831,K,False,False,False
colestasis gravídica,1,1,1,5768,5,False,False,False
colestasis gravídica part,1,1,1,64671,6,False,False,False
colestasis gravídica parto,1,1,1,64671,6,False,False,False
colesteatoma,1,1,1,38530,3,False,False,False
coletasis parto,1,1,1,K831,K,False,False,False
colitis presumiblemente infecciosa,1,1,1,0091,0,False,False,False
colitis ulcerosa,1,1,1,K5190,K,False,False,False
colocacion gastrostomia,1,1,1,V551,V,False,False,False
colocacion peg,1,1,1,V551,V,False,False,False
colocación de Port-a-cath,1,1,1,8607,8,False,False,False
colocación de SNG,1,1,1,9607,9,False,False,False
colocación de cateter doble J,1,1,1,598,5,False,False,False
colocación de doble J derecho,1,1,1,0T9680Z,0,False,False,False
colocación de gastrostomía percutánea,1,1,1,4311,4,False,False,False
colocación de stent,1,1,1,V4582,V,False,False,False
colonoscopia,1,1,1,0DJD8ZZ,0,False,False,False
colonoscopia biopsia,1,1,1,4525,4,False,False,False
color : sanguinolento,1,1,1,O770,O,False,False,False
color: TEÑIDO,1,1,1,O770,O,False,False,False
color: sangui,1,1,1,O770,O,False,False,False
color: sanguinolento,1,1,1,O770,O,False,False,False
color: teñidO,1,1,1,O770,O,False,False,False
color: teñido,1,1,1,O770,O,False,False,False
color: teñido +,1,1,1,O770,O,False,False,False
color: teñido ++,1,1,1,O770,O,False,False,False
color: teñido +++,1,1,1,O770,O,False,False,False
colostomia,1,1,1,V443,V,False,False,False
colostomía,1,1,1,Z933,Z,False,False,False
colostomía terminal,1,1,1,0D1N0Z4,0,False,False,False
colpocleisis,1,1,1,708,7,False,False,False
colporrafia anterior,1,1,1,7051,7,False,False,False
colposacropexia,1,1,1,7077,7,False,False,False
columpio,1,1,1,E8494,E,False,False,False
complicacion anastomosis,1,1,1,K9189,K,False,False,False
concentrados de hematies,1,1,1,9904,9,False,False,False
concentrados de hematíes,1,1,1,30233N1,3,False,False,False
condilomas,1,1,1,07811,0,False,False,False
condilomas part,1,1,1,A630,A,False,False,False
condilomas parto,1,1,1,O9832,O,False,False,False
condromalacia,1,1,1,73392,7,False,False,False
conizacion part,1,1,1,O3429,O,False,False,False
conizacion parto,1,1,1,O3429,O,False,False,False
conización cervical,1,1,1,672,6,False,False,False
conización cervical con asa de diatermia,1,1,1,0U5C8ZZ,0,False,False,False
conización cervix,1,1,1,0UBC8ZZ,0,False,False,False
conjuntivitis alergica,1,1,1,H1045,H,False,False,False
conjuntivitis vírica,1,1,1,B309,B,False,False,False
consanguinitat,1,1,1,V197,V,False,False,False
consumo de alcohol,1,1,1,F1011,F,False,False,False
consumo enólico,1,1,1,30502,3,False,False,False
contacto COVID,1,1,1,Z20822,Z,False,False,False
contracciones,1,1,1,O624,O,False,False,False
contractura muscular,1,1,1,72885,7,False,False,False
contractura muscular cervical,1,1,1,M436,M,False,False,False
contrastes yodados,1,1,1,V1508,V,False,False,False
control hemorragia colon,1,1,1,4543,4,False,False,False
control insuficiente de la gestación,1,1,1,V237,V,False,False,False
control puerpera,1,1,1,V240,V,False,False,False
contusion glútea,1,1,1,S300XXA,S,False,False,False
contusiones pulmonares bilateral,1,1,1,S27322A,S,False,False,False
contusión pulmonar bilateral,1,1,1,S27322A,S,False,False,False
conversion a laparotomia,1,1,1,V6441,V,False,False,False
convulsion febril,1,1,1,78031,7,False,False,False
convulsiones,1,1,1,R569,R,False,False,False
convulsió febril,1,1,1,R5600,R,False,False,False
convulsión,1,1,1,R569,R,False,False,False
convulsión febril,1,1,1,R5600,R,False,False,False
cor pulmonale,1,1,1,4169,4,False,False,False
cordal incluido,1,1,1,5206,5,False,False,False
cordocentesis,1,1,1,10903ZC,1,False,False,False
cordoma,1,1,1,93703,9,False,False,False
cordón corto,1,1,1,O693XX0,O,False,False,False
cordón largo,1,1,1,O6989X0,O,False,False,False
coriamnionitis rn,1,1,1,P392,P,False,False,False
corioamnionitis 2t,1,1,1,O411220,O,False,False,False
corioamnionitis anteparto,1,1,1,65843,6,False,False,False
corioamnionitis parto,1,1,1,65841,6,False,False,False
cornetes,1,1,1,J343,J,False,False,False
coro,1,1,1,B2111ZZ,B,False,False,False
coronariografía,1,1,1,8857,8,False,False,False
corticoide,1,1,1,9923,9,False,False,False
corticoterapia,1,1,1,3E0333Z,3,False,False,False
cortisona,1,1,1,3E0333Z,3,False,False,False
cos estrany esofagic,1,1,1,9351,9,False,False,False
cos luti ovario izq,1,1,1,N8312,N,False,False,False
cosanguinidad,1,1,1,Z843,Z,False,False,False
cotiledón aberrante,1,1,1,O43193,O,False,False,False
covid,1,1,1,U071,U,False,False,False
covid 19,1,1,1,U071,U,False,False,False
covid PARTO,1,1,1,O9852,O,False,False,False
coxa vara,1,1,1,73632,7,False,False,False
coxartrosis bilateral,1,1,1,M160,M,False,False,False
coxartrosis derecha,1,1,1,M1611,M,False,False,False
coxartrosis izquierda,1,1,1,M1612,M,False,False,False
cpap 2,1,1,1,5A09557,5,False,False,False
cpmi derecha,1,1,1,M23321,M,False,False,False
crisis asmatica,1,1,1,J45901,J,False,False,False
crisis asmática,1,1,1,J45901,J,False,False,False
crisis asmática grave,1,1,1,J45901,J,False,False,False
crisis comicial parcial,1,1,1,34550,3,False,False,False
crisis de pánico,1,1,1,F410,F,False,False,False
crisis epiléptica,1,1,1,34590,3,False,False,False
crisis epilépticas,1,1,1,G40909,G,False,False,False
crisis hipertensiva,1,1,1,I169,I,False,False,False
crisis tónico-clónica,1,1,1,G40409,G,False,False,False
croup,1,1,1,J050,J,False,False,False
crup,1,1,1,4644,4,False,False,False
cuadrantectomia,1,1,1,8522,8,False,False,False
cuadrantectomía,1,1,1,8522,8,False,False,False
cuadro catarral,1,1,1,J00,J,False,False,False
cuadro confusional,1,1,1,F05,F,False,False,False
cuadro respiratorio de vías altas,1,1,1,J069,J,False,False,False
cuadro vagal,1,1,1,R55,R,False,False,False
cuadro viral,1,1,1,07999,0,False,False,False
cuerpo extraño,1,1,1,E915,E,False,False,False
cuerpo extraño gastrico,1,1,1,9352,9,False,False,False
cuerpo exttraño,1,1,1,E915,E,False,False,False
cuerpo exttraño en faringe,1,1,1,9330,9,False,False,False
cuerpo luteo hemorragico,1,1,1,6201,6,False,False,False
cuerpo luteo ovario derecho,1,1,1,N8311,N,False,False,False
cuerpo lúteo hemorrágico,1,1,1,6201,6,False,False,False
curas,1,1,1,3E10X8Z,3,False,False,False
cutis marmorata,1,1,1,R238,R,False,False,False
cvc,1,1,1,02HV33Z,0,False,False,False
cytotec rectal,1,1,1,3E0H7GC,3,False,False,False
cytotec rectales,1,1,1,3E0H7GC,3,False,False,False
cytotecs rectales,1,1,1,3E0H7GC,3,False,False,False
cáncer de mama,1,1,1,1749,1,False,False,False
cáncer de mama derecha,1,1,1,C50911,C,False,False,False
cánulas nasales,1,1,1,3E0F7SF,3,False,False,False
cérvix corto anteparto,1,1,1,64973,6,False,False,False
cólico nefrítico anteparto,1,1,1,64623,6,False,False,False
d'Alzehimer,1,1,1,3310,3,False,False,False
d071,1,1,1,D071,D,False,False,False
da lap,1,1,1,0UT24ZZ,0,False,False,False
dabigatrán,1,1,1,Z7901,Z,False,False,False
dacriocistocele,1,1,1,H04439,H,False,False,False
debut diabético,1,1,1,E1165,E,False,False,False
deceleraciones,1,1,1,O76,O,False,False,False
def vit d,1,1,1,E559,E,False,False,False
deficit factor VII,1,1,1,D682,D,False,False,False
deficit proteina s part,1,1,1,O9912,O,False,False,False
deficit proteina s parto,1,1,1,O9912,O,False,False,False
degarro 1,1,1,1,O700,O,False,False,False
degarro de segundo grado,1,1,1,O701,O,False,False,False
degarro vulvar,1,1,1,0UQMXZZ,0,False,False,False
dehiscencia de herida,1,1,1,99832,9,False,False,False
dehiscencia episiotomia,1,1,1,O901,O,False,False,False
dehiscencia herida quirúrgica,1,1,1,99832,9,False,False,False
dematitis atópica parto,1,1,1,L209,L,False,False,False
demencia alcoholica,1,1,1,2912,2,False,False,False
demencia parkinson,1,1,1,G3183,G,False,False,False
demencia vascular,1,1,1,29040,2,False,False,False
demencia vascular 2,1,1,1,4370,4,False,False,False
dental,1,1,1,5259,5,False,False,False
dependencia de OH,1,1,1,F1020,F,False,False,False
depleción de volumen,1,1,1,E869,E,False,False,False
deplectivo,1,1,1,9929,9,False,False,False
deposició líquida,1,1,1,R197,R,False,False,False
deprendimiento de placenta rn,1,1,1,P021,P,False,False,False
depresion anteparto,1,1,1,64843,6,False,False,False
depresion rn,1,1,1,P2889,P,False,False,False
depresivo,1,1,1,F329,F,False,False,False
"depresión , ansiedad",1,1,1,F418,F,False,False,False
depresión parto,1,1,1,F329,F,False,False,False
depresión reactiva,1,1,1,F329,F,False,False,False
depressiu,1,1,1,311,3,False,False,False
depressió,1,1,1,311,3,False,False,False
deprivación alcohol,1,1,1,29181,2,False,False,False
derivacion ventriculoperitoneal,1,1,1,V452,V,False,False,False
derivación ventriculoperitoneal,1,1,1,V452,V,False,False,False
dermatitis atopica parto,1,1,1,L209,L,False,False,False
dermatitis pruriginosa,1,1,1,L308,L,False,False,False
dermatitis seborreica,1,1,1,L219,L,False,False,False
derrame,1,1,1,J90,J,False,False,False
derrame pericárdico,1,1,1,I3139,I,False,False,False
derrame pleural izdo,1,1,1,J90,J,False,False,False
derrame pleural maligno,1,1,1,J910,J,False,False,False
desagarro vaginal,1,1,1,O714,O,False,False,False
desaturaciones rn,1,1,1,P285,P,False,False,False
desaturación,1,1,1,J9600,J,False,False,False
desbridamiento,1,1,1,8622,8,False,False,False
desbridamiento quemadura antebrazo derecho,1,1,1,0JBG0ZZ,0,False,False,False
desbridamiento ulcera sacra,1,1,1,0JB70ZZ,0,False,False,False
desconexión del medio,1,1,1,R401,R,False,False,False
desgaro clitoris,1,1,1,0UQJXZZ,0,False,False,False
desgaroo 1 grado,1,1,1,O700,O,False,False,False
desgarro 1,1,1,1,0HQ9XZZ,0,False,False,False
desgarro 1 grado,1,1,1,0HQ9XZZ,0,False,False,False
desgarro 1er grado,1,1,1,0HQ9XZZ,0,False,False,False
desgarro 1º,1,1,1,O700,O,False,False,False
desgarro CLITORIS,1,1,1,0UQJXZZ,0,False,False,False
desgarro I,1,1,1,O700,O,False,False,False
desgarro I grado,1,1,1,O700,O,False,False,False
desgarro I grado.,1,1,1,O700,O,False,False,False
"desgarro I,",1,1,1,O700,O,False,False,False
desgarro II,1,1,1,0KQM0ZZ,0,False,False,False
desgarro II grado,1,1,1,0KQM0ZZ,0,False,False,False
desgarro IIIA,1,1,1,0DQR0ZZ,0,False,False,False
desgarro IIIb,1,1,1,O7022,O,False,False,False
desgarro Iº.,1,1,1,O700,O,False,False,False
desgarro clitoris,1,1,1,0UQJXZZ,0,False,False,False
desgarro clítoris,1,1,1,0UQJXZZ,0,False,False,False
desgarro cérvix,1,1,1,0UQC7ZZ,0,False,False,False
desgarro de 1er grado,1,1,1,O700,O,False,False,False
desgarro de II,1,1,1,O701,O,False,False,False
desgarro de II grado,1,1,1,O701,O,False,False,False
desgarro de labio menor,1,1,1,O700,O,False,False,False
desgarro de primer grado,1,1,1,O700,O,False,False,False
desgarro de segundo grado,1,1,1,O701,O,False,False,False
desgarro en vagina,1,1,1,O714,O,False,False,False
desgarro grado 1,1,1,1,0HQ9XZZ,0,False,False,False
desgarro grado 1º,1,1,1,O700,O,False,False,False
desgarro grado 2º,1,1,1,0KQM0ZZ,0,False,False,False
desgarro grado II,1,1,1,66411,6,False,False,False
desgarro grado dos,1,1,1,O701,O,False,False,False
desgarro labio,1,1,1,0UQMXZZ,0,False,False,False
desgarro paraclitoriano,1,1,1,O700,O,False,False,False
desgarro parauretral,1,1,1,O7182,O,False,False,False
desgarro tipo I,1,1,1,O700,O,False,False,False
desgarro utero,1,1,1,O7181,O,False,False,False
desgarro vagina posparto,1,1,1,O714,O,False,False,False
desgarro vaginal,1,1,1,O714,O,False,False,False
desgarro vaginal part,1,1,1,O714,O,False,False,False
desgarro vulvar,1,1,1,0UQMXZZ,0,False,False,False
"desgarro vulvar,",1,1,1,0UQMXZZ,0,False,False,False
desgarros de 1er grado,1,1,1,O700,O,False,False,False
desgarros de I grado,1,1,1,7569,7,False,False,False
desgarros grado 1,1,1,1,O700,O,False,False,False
desgarros vulvar,1,1,1,0UQMXZZ,0,False,False,False
deshidratacion,1,1,1,E860,E,False,False,False
deshidratació,1,1,1,E860,E,False,False,False
deshidratación,1,1,1,27651,2,False,False,False
deshidratación rn,1,1,1,P741,P,False,False,False
deshidratacon,1,1,1,E860,E,False,False,False
deshidratado,1,1,1,E860,E,False,False,False
desnutricion,1,1,1,E46,E,False,False,False
desnutrición grave,1,1,1,E43,E,False,False,False
desnutrición severa,1,1,1,E43,E,False,False,False
desorientacion,1,1,1,R410,R,False,False,False
desorientacón,1,1,1,R410,R,False,False,False
desorientada,1,1,1,R410,R,False,False,False
desorientado,1,1,1,R410,R,False,False,False
desprendimiento placenta,1,1,1,O458X3,O,False,False,False
desprendimiento prematuro de placenta,1,1,1,O458X3,O,False,False,False
desproporción cefalo-pélvica,1,1,1,O334XX0,O,False,False,False
desproporción pelvico-cefálica,1,1,1,O334XX0,O,False,False,False
desproporción pelvico-fetal,1,1,1,O334XX0,O,False,False,False
desproporción pelvico-fetal.,1,1,1,O334XX0,O,False,False,False
desproporción pélvico fetal 2,1,1,1,66011,6,False,False,False
deterior cognitivo,1,1,1,F09,F,False,False,False
deterioro cognitivo,1,1,1,F09,F,False,False,False
deterioro cognitivo leve,1,1,1,G3184,G,False,False,False
deterioro de función renal,1,1,1,N179,N,False,False,False
deterioro de la función renal,1,1,1,N179,N,False,False,False
deterioro función renal,1,1,1,N179,N,False,False,False
detorsión testicular derecho,1,1,1,0VN90ZZ,0,False,False,False
dexametasona,1,1,1,9923,9,False,False,False
dexketoprofeno,1,1,1,3E0333Z,3,False,False,False
dexketoprofeno ev,1,1,1,3E0333Z,3,False,False,False
dg,1,1,1,O24424,O,False,False,False
dga 1,1,1,1,O24420,O,False,False,False
dga1,1,1,1,O24420,O,False,False,False
dga2,1,1,1,O24424,O,False,False,False
diabetes gestacional A1,1,1,1,O24420,O,False,False,False
diabetes gestacional con insulina,1,1,1,O24424,O,False,False,False
diabetes gestacional insulinizada,1,1,1,O24424,O,False,False,False
diabetes mellitus,1,1,1,E119,E,False,False,False
diabetes part,1,1,1,O2412,O,False,False,False
diabética nefropatia,1,1,1,25040,2,False,False,False
diarrea,1,1,1,R197,R,False,False,False
diarreas,1,1,1,78791,7,False,False,False
diarreco,1,1,1,78791,7,False,False,False
diarrees,1,1,1,R197,R,False,False,False
diarreico,1,1,1,R197,R,False,False,False
diarreiques,1,1,1,R197,R,False,False,False
diastasis rectos,1,1,1,M6208,M,False,False,False
dificultad marcha,1,1,1,R2689,R,False,False,False
dificultad respiratoria,1,1,1,78609,7,False,False,False
dilatacion esofago,1,1,1,0D758ZZ,0,False,False,False
dilatacion laringe,1,1,1,3198,3,False,False,False
dilatación de aorta ascendente,1,1,1,4412,4,False,False,False
dilatación esofágica,1,1,1,4292,4,False,False,False
dilipemia,1,1,1,E785,E,False,False,False
dinoprostona,1,1,1,3E0P7VZ,3,False,False,False
dinámica uterina,1,1,1,O622,O,False,False,False
dinámica uterina sin modificaciones,1,1,1,O622,O,False,False,False
diplejia espastica,1,1,1,G801,G,False,False,False
diplopia,1,1,1,H532,H,False,False,False
diplopia binocular,1,1,1,H532,H,False,False,False
disautonomia secundària,1,1,1,3379,3,False,False,False
discapacidad intelectual,1,1,1,F79,F,False,False,False
discopatía L4-L5,1,1,1,M5186,M,False,False,False
discopatía L5-S1,1,1,1,M5187,M,False,False,False
discopatía lumbar,1,1,1,M5186,M,False,False,False
diseminación peritoneal,1,1,1,C786,C,False,False,False
disfagia,1,1,1,R1310,R,False,False,False
disfonía,1,1,1,R490,R,False,False,False
disforia de género,1,1,1,F640,F,False,False,False
disfunción crónica del injerto,1,1,1,T8612,T,False,False,False
disfunción diastólica,1,1,1,I5030,I,False,False,False
dislipemia,1,1,1,2724,2,False,False,False
dislipemia familiar,1,1,1,2724,2,False,False,False
dislipemia part,1,1,1,O99284,O,False,False,False
dislipémia,1,1,1,2724,2,False,False,False
disminucion de movimientos fetales,1,1,1,O368130,O,False,False,False
disminución de nivel de conciencia,1,1,1,78009,7,False,False,False
disminución del nivel de conciencia,1,1,1,R404,R,False,False,False
disminución del nivel de consciencia,1,1,1,R404,R,False,False,False
disnea,1,1,1,R0600,R,False,False,False
dispepsia funcional,1,1,1,K30,K,False,False,False
displasia pulmonar,1,1,1,Q336,Q,False,False,False
distimia,1,1,1,3004,3,False,False,False
distocia,1,1,1,66001,6,False,False,False
distocia cesarea,1,1,1,66021,6,False,False,False
distocia de descenso,1,1,1,O640XX0,O,False,False,False
distocia de hombro,1,1,1,O660,O,False,False,False
distocia de hombros,1,1,1,10S07ZZ,1,False,False,False
distocia de rotación,1,1,1,O649XX0,O,False,False,False
distocia rotacion,1,1,1,O640XX0,O,False,False,False
distocia social,1,1,1,Z658,Z,False,False,False
distonía cervical,1,1,1,G248,G,False,False,False
distócia 2,1,1,1,65281,6,False,False,False
diu,1,1,1,0UH98HZ,0,False,False,False
diuretico,1,1,1,3E0337Z,3,False,False,False
diurético endovenoso,1,1,1,3E0337Z,3,False,False,False
diverticulitis no complicada,1,1,1,K5732,K,False,False,False
diverticulosi,1,1,1,K5730,K,False,False,False
diverticulosis,1,1,1,K5730,K,False,False,False
diverticulosis colon,1,1,1,K5730,K,False,False,False
divertículos,1,1,1,K5730,K,False,False,False
divertículos en sigma,1,1,1,K5730,K,False,False,False
divertículos vejiga,1,1,1,N323,N,False,False,False
divertículos vesicales,1,1,1,N323,N,False,False,False
diveticulosis,1,1,1,56210,5,False,False,False
dl,1,1,1,E785,E,False,False,False
dlp,1,1,1,E785,E,False,False,False
dm 1 parto,1,1,1,E109,E,False,False,False
dm 2 parto,1,1,1,O2412,O,False,False,False
dm anteparto,1,1,1,64803,6,False,False,False
dmnid,1,1,1,E119,E,False,False,False
doble J izq,1,1,1,0T9480Z,0,False,False,False
doble J izquierdo,1,1,1,0T9480Z,0,False,False,False
doble anexectomia lap,1,1,1,0UT74ZZ,0,False,False,False
doble anexectomía por vía laparoscópica,1,1,1,6563,6,False,False,False
doble annexectomia,1,1,1,6561,6,False,False,False
doble annexectomia lap,1,1,1,6563,6,False,False,False
doble j derecho,1,1,1,0T9380Z,0,False,False,False
doble j izq,1,1,1,0T9480Z,0,False,False,False
doble j izquierdo,1,1,1,0T9480Z,0,False,False,False
doble lesión aórtica,1,1,1,I352,I,False,False,False
doble salpingectomía,1,1,1,0UT70ZZ,0,False,False,False
doble uréter,1,1,1,Q625,Q,False,False,False
dobutamina,1,1,1,3E063XZ,3,False,False,False
dolicocolon,1,1,1,Q438,Q,False,False,False
dolor abdomina,1,1,1,78900,7,False,False,False
dolor abdominal anteparto,1,1,1,64893,6,False,False,False
dolor abdomino-pélvico,1,1,1,R1030,R,False,False,False
dolor agudo traumatico,1,1,1,G8911,G,False,False,False
dolor boca,1,1,1,K1379,K,False,False,False
dolor cervical,1,1,1,M542,M,False,False,False
dolor ciático,1,1,1,M5430,M,False,False,False
dolor cronico neoplasia,1,1,1,3383,3,False,False,False
dolor crònic,1,1,1,G8929,G,False,False,False
dolor en hombro derecho,1,1,1,M25511,M,False,False,False
dolor epigástrico,1,1,1,R1013,R,False,False,False
dolor hombro izquiedo,1,1,1,M25512,M,False,False,False
dolor lumbar,1,1,1,M545,M,False,False,False
dolor ojo,1,1,1,37991,3,False,False,False
dolor osteomuscular,1,1,1,7291,7,False,False,False
dolor poliarticular,1,1,1,71949,7,False,False,False
dolor post IQ,1,1,1,33818,3,False,False,False
dolor postoperatorio agudo,1,1,1,33818,3,False,False,False
dolor qx,1,1,1,G8918,G,False,False,False
dolor toracico,1,1,1,R079,R,False,False,False
dolor torácico,1,1,1,R079,R,False,False,False
dolor torácico crónico,1,1,1,R0789,R,False,False,False
dolores lumbares,1,1,1,M545,M,False,False,False
dolores óseos,1,1,1,M898X9,M,False,False,False
dolors articulars,1,1,1,71949,7,False,False,False
dolr cronico,1,1,1,G8929,G,False,False,False
donante antebrazo derecho,1,1,1,0HDDXZZ,0,False,False,False
donante de médula ósea,1,1,1,V593,V,False,False,False
donante enmuerte,1,1,1,0093,0,False,False,False
donante muslo izquierdo,1,1,1,0HDJXZZ,0,False,False,False
dorsal ancho mama derecha,1,1,1,0KBF0ZZ,0,False,False,False
dorsalgi,1,1,1,M549,M,False,False,False
dorsalgia,1,1,1,7245,7,False,False,False
dorsolumbalgia,1,1,1,M545,M,False,False,False
drenaje Mama derecha,1,1,1,0H9T0ZZ,0,False,False,False
drenaje Mama izquierda,1,1,1,0H9U0ZZ,0,False,False,False
drenaje abdomen,1,1,1,0W9F4ZZ,0,False,False,False
drenaje absceso anal,1,1,1,0D9QXZZ,0,False,False,False
drenaje de absceso de mama derecha,1,1,1,0H9T0ZZ,0,False,False,False
drenaje de absceso vulvar,1,1,1,0U9M0ZZ,0,False,False,False
drenaje mama der,1,1,1,0H9T0ZZ,0,False,False,False
drenaje piel,1,1,1,8604,8,False,False,False
drenaje pleural,1,1,1,0W9B3ZZ,0,False,False,False
drenatge Absces anal,1,1,1,0D9QXZZ,0,False,False,False
drenatge toràcic esquerre,1,1,1,0W9B30Z,0,False,False,False
drenatge transtimpanic,1,1,1,2001,2,False,False,False
drepanocitosis,1,1,1,28260,2,False,False,False
duodenal,1,1,1,0DB98ZX,0,False,False,False
duodeno,1,1,1,0DB98ZX,0,False,False,False
duplicidad renal part,1,1,1,O26833,O,False,False,False
duplicidad ureter,1,1,1,Q625,Q,False,False,False
déficit B12,1,1,1,E538,E,False,False,False
déficit IgA,1,1,1,D802,D,False,False,False
déficit de B12,1,1,1,E538,E,False,False,False
déficit de Factor VII,1,1,1,D682,D,False,False,False
déficit de Vit. D,1,1,1,E559,E,False,False,False
déficit de Vit.D,1,1,1,E559,E,False,False,False
déficit de atención,1,1,1,R41840,R,False,False,False
déficit factor VII,1,1,1,D682,D,False,False,False
déficit factor XIII parto,1,1,1,D682,D,False,False,False
dísnea,1,1,1,R0600,R,False,False,False
e ptc,1,1,1,Y831,Y,False,False,False
ea AINEs,1,1,1,T39395A,T,False,False,False
ea metformina,1,1,1,T383X5A,T,False,False,False
ea qt,1,1,1,T451X5A,T,False,False,False
ea quimioteràpia,1,1,1,T451X5A,T,False,False,False
ecg,1,1,1,4A02X4Z,4,False,False,False
eco 2t,1,1,1,BY4CZZZ,B,False,False,False
eco abdominal,1,1,1,BW40ZZZ,B,False,False,False
eco gemelos 2t,1,1,1,BY4DZZZ,B,False,False,False
eco obs,1,1,1,8878,8,False,False,False
eco obst,1,1,1,BY4FZZZ,B,False,False,False
eco obstet,1,1,1,BY4FZZZ,B,False,False,False
eco pulmonar,1,1,1,BB4BZZZ,B,False,False,False
eco renal,1,1,1,8875,8,False,False,False
eco urinaria,1,1,1,BT4JZZZ,B,False,False,False
eco utero,1,1,1,BU46ZZZ,B,False,False,False
eco-doppler renal,1,1,1,B448ZZZ,B,False,False,False
ecoTV,1,1,1,8878,8,False,False,False
ecocardio NEN,1,1,1,B24DZZZ,B,False,False,False
ecocardiografía rn,1,1,1,B24DZZZ,B,False,False,False
ecocardiografía transesofágica,1,1,1,B246ZZ4,B,False,False,False
ecocardiografías,1,1,1,8872,8,False,False,False
ecocardiograma,1,1,1,8872,8,False,False,False
ecogafía renovesical,1,1,1,BT4JZZZ,B,False,False,False
ecografia ABD,1,1,1,BW40ZZZ,B,False,False,False
ecografia abdominal,1,1,1,BW40ZZZ,B,False,False,False
ecografia obstetrica,1,1,1,8878,8,False,False,False
ecografia tiroidea,1,1,1,8871,8,False,False,False
ecografia transvaginal,1,1,1,8879,8,False,False,False
ecografia trasfontanelar,1,1,1,B040ZZZ,B,False,False,False
ecografias trasfontanelar,1,1,1,B040ZZZ,B,False,False,False
ecografía abd,1,1,1,BW40ZZZ,B,False,False,False
ecografía abdomen,1,1,1,8876,8,False,False,False
ecografía axilar,1,1,1,BH47ZZZ,B,False,False,False
ecografía cervical,1,1,1,8871,8,False,False,False
ecografía de abdomen,1,1,1,BW40ZZZ,B,False,False,False
"ecografía de cadera derecha,",1,1,1,BQ40ZZZ,B,False,False,False
ecografía obst,1,1,1,8878,8,False,False,False
ecografía renal,1,1,1,BT4JZZZ,B,False,False,False
ecografía transvaginal,1,1,1,8879,8,False,False,False
ecografías cerebral,1,1,1,B040ZZZ,B,False,False,False
ecografías obs,1,1,1,8878,8,False,False,False
ectasia pieloureteral,1,1,1,59389,5,False,False,False
ectasia piélica izquierda,1,1,1,N2889,N,False,False,False
eczema,1,1,1,L309,L,False,False,False
edema EII,1,1,1,R600,R,False,False,False
edema cuerdas vocales,1,1,1,J384,J,False,False,False
edema de miembros inferiores,1,1,1,R600,R,False,False,False
edema en miembros inferiores,1,1,1,R600,R,False,False,False
edema glotis,1,1,1,4786,4,False,False,False
edema maxilar,1,1,1,7823,7,False,False,False
edema perilesional,1,1,1,3485,3,False,False,False
edema vulva,1,1,1,6248,6,False,False,False
edemas,1,1,1,7823,7,False,False,False
edemas en extremidades inferiores,1,1,1,R600,R,False,False,False
eef,1,1,1,3726,3,False,False,False
efermedad autoinmune,1,1,1,27949,2,False,False,False
electrocardiograma,1,1,1,4A02X4Z,4,False,False,False
electroencefalograma,1,1,1,4A10X4Z,4,False,False,False
elevación de GGT,1,1,1,R748,R,False,False,False
elevación transaminasas,1,1,1,R740,R,False,False,False
elongació cervical,1,1,1,6226,6,False,False,False
elongación cervical,1,1,1,N884,N,False,False,False
embarazo ectópico tubárico izquierdo,1,1,1,O00102,O,False,False,False
embarazo incidental,1,1,1,Z331,Z,False,False,False
embolizacion,1,1,1,3979,3,False,False,False
embolizacion arteria uterina,1,1,1,6825,6,False,False,False
embolización,1,1,1,3979,3,False,False,False
emesis gravídica,1,1,1,O210,O,False,False,False
emg,1,1,1,4A0FX3Z,4,False,False,False
emld,1,1,1,0W8NXZZ,0,False,False,False
empeoramiento de la función renal,1,1,1,N179,N,False,False,False
empiema,1,1,1,5109,5,False,False,False
encefalomalacia,1,1,1,G9389,G,False,False,False
encefalopatia metabolica,1,1,1,34831,3,False,False,False
encopresis,1,1,1,F981,F,False,False,False
endometrioma,1,1,1,6171,6,False,False,False
endometrioma ovario derecho,1,1,1,N801,N,False,False,False
endometriosis intestinal,1,1,1,6175,6,False,False,False
endometriosis intestino,1,1,1,6175,6,False,False,False
endometriosis ovárica,1,1,1,N801,N,False,False,False
endometriosis pélvica,1,1,1,N803,N,False,False,False
endometriosis recto,1,1,1,6175,6,False,False,False
endometriosis trompa,1,1,1,6172,6,False,False,False
endometriosis utero,1,1,1,6170,6,False,False,False
endometritis CRÓNICA,1,1,1,N711,N,False,False,False
endometritis crónica,1,1,1,N711,N,False,False,False
endometritis puerperal,1,1,1,67014,6,False,False,False
endoprótesis aórtica,1,1,1,Z95828,Z,False,False,False
endoscopica nasal,1,1,1,2219,2,False,False,False
enema,1,1,1,3E1H78Z,3,False,False,False
enemas,1,1,1,3E1H78Z,3,False,False,False
enf PARTO,1,1,1,O99892,O,False,False,False
enf alzehimer,1,1,1,F0280,F,False,False,False
enf anteparto,1,1,1,64893,6,False,False,False
enf madre rn,1,1,1,P0089,P,False,False,False
enfermedad autoinmune,1,1,1,M359,M,False,False,False
enfermedad coronaria de un vaso,1,1,1,41401,4,False,False,False
enfermedad de Caroli,1,1,1,75169,7,False,False,False
enfermedad de Kawasaki,1,1,1,4461,4,False,False,False
enfermedad inflamatoria pélvica,1,1,1,N739,N,False,False,False
enfermedad renal cronica terminal,1,1,1,N186,N,False,False,False
enfermedad renal crónica terminal,1,1,1,N186,N,False,False,False
enfisema centrolobulillar,1,1,1,J432,J,False,False,False
enol,1,1,1,F1010,F,False,False,False
enolismo,1,1,1,F1020,F,False,False,False
enoxaparina,1,1,1,3E033GC,3,False,False,False
enterobacter cloacae,1,1,1,04185,0,False,False,False
enterocele,1,1,1,N815,N,False,False,False
enterococcus faecalis,1,1,1,B952,B,False,False,False
enterovirus,1,1,1,B341,B,False,False,False
entorsis,1,1,1,X509XXA,X,False,False,False
entropion,1,1,1,37400,3,False,False,False
eosinofilia,1,1,1,D721,D,False,False,False
eosinofílica,1,1,1,D721,D,False,False,False
epifisiodesis tibial,1,1,1,7827,7,False,False,False
epigastràlgia,1,1,1,R1013,R,False,False,False
epilepsia anteparto,1,1,1,64943,6,False,False,False
epilepsia focal,1,1,1,G40109,G,False,False,False
epileptica,1,1,1,34590,3,False,False,False
epilèpsia,1,1,1,G40909,G,False,False,False
epilèptica,1,1,1,G40909,G,False,False,False
epilèptiques,1,1,1,34590,3,False,False,False
epiléptica,1,1,1,34590,3,False,False,False
episitomia,1,1,1,0W8NXZZ,0,False,False,False
episodio paroxístico,1,1,1,R569,R,False,False,False
episodio vaso-vagal,1,1,1,R55,R,False,False,False
episodis paroxístics,1,1,1,R569,R,False,False,False
epistaxis,1,1,1,R040,R,False,False,False
epoc,1,1,1,J449,J,False,False,False
epoc bronquitis aguda,1,1,1,49122,4,False,False,False
epoc infección respiratoria,1,1,1,J440,J,False,False,False
epsitaxi,1,1,1,R040,R,False,False,False
equimosis,1,1,1,R233,R,False,False,False
eritema multiforme mayor,1,1,1,69512,6,False,False,False
eritrodermia generalizada,1,1,1,6959,6,False,False,False
eritromicina,1,1,1,3E03329,3,False,False,False
ertapenem,1,1,1,3E03329,3,False,False,False
escisión piel pierna derecha,1,1,1,0HBKXZZ,0,False,False,False
escisión piel pierna iqz,1,1,1,0HBLXZZ,0,False,False,False
esclerodactilia,1,1,1,L943,L,False,False,False
esclerosis multiple,1,1,1,G35,G,False,False,False
escoliosis CONGENITA,1,1,1,7542,7,False,False,False
escoliosis congenita,1,1,1,Q675,Q,False,False,False
escoliosis dorsal,1,1,1,M4184,M,False,False,False
escoliosis dorso-lumbar,1,1,1,M4185,M,False,False,False
esferocitosis hereditaria,1,1,1,2820,2,False,False,False
esfinterotomia,1,1,1,5185,5,False,False,False
esguince cervical,1,1,1,S134XXA,S,False,False,False
esguinç grau 2,1,1,1,O701,O,False,False,False
esofagitis eosinofilica,1,1,1,K200,K,False,False,False
esofagitis eosinofílica,1,1,1,K200,K,False,False,False
esofagitis eosinófila,1,1,1,53013,5,False,False,False
esparadrapo,1,1,1,V1509,V,False,False,False
espasmos esofágicos,1,1,1,5305,5,False,False,False
espatulas,1,1,1,10D07Z8,1,False,False,False
esplenectomía,1,1,1,Z9081,Z,False,False,False
esplenectomía laparoscópica,1,1,1,07TP4ZZ,0,False,False,False
esplenomegalia,1,1,1,R161,R,False,False,False
espondiloartritis,1,1,1,M479,M,False,False,False
espondilolisis lumbar,1,1,1,M47896,M,False,False,False
espondilolistesis L5-S1,1,1,1,M4317,M,False,False,False
espondilosis dorsal,1,1,1,M47814,M,False,False,False
espondilosis dorsolumbar,1,1,1,M47814,M,False,False,False
espàtules,1,1,1,10D07Z8,1,False,False,False
esquizoafectivo,1,1,1,F259,F,False,False,False
esquizofrenia,1,1,1,F209,F,False,False,False
estado amputación dedo mano derecha,1,1,1,Z89021,Z,False,False,False
estado anastomosis,1,1,1,Z980,Z,False,False,False
estancament ponderal,1,1,1,78341,7,False,False,False
esteatósico,1,1,1,K760,K,False,False,False
estenosis aórtica severa e insuficiencia mitral,1,1,1,I080,I,False,False,False
estenosis de canal lumbar,1,1,1,M48061,M,False,False,False
estenosis favi,1,1,1,T82858A,T,False,False,False
estenosis ureteral,1,1,1,5989,5,False,False,False
estenosis uretra,1,1,1,5989,5,False,False,False
esterilidad,1,1,1,N979,N,False,False,False
esterilidad primaria,1,1,1,6289,6,False,False,False
esterilitat,1,1,1,N979,N,False,False,False
esterilización,1,1,1,Z302,Z,False,False,False
esteroidea,1,1,1,E9320,E,False,False,False
esteroides,1,1,1,Z7952,Z,False,False,False
estimulación oxitocínica,1,1,1,734,7,False,False,False
estomatitis,1,1,1,K121,K,False,False,False
estrabismo,1,1,1,3789,3,False,False,False
estrenyiment,1,1,1,K5900,K,False,False,False
estreptococo agalactiae,1,1,1,04102,0,False,False,False
estreptococo grupo B positivo,1,1,1,O99824,O,False,False,False
estreptococo positivo,1,1,1,O99824,O,False,False,False
estress postraumatico,1,1,1,F4312,F,False,False,False
estreñido,1,1,1,K5900,K,False,False,False
estreñimiento,1,1,1,K5900,K,False,False,False
estreñimiento crónico,1,1,1,56400,5,False,False,False
estridor,1,1,1,R061,R,False,False,False
estrés,1,1,1,F439,F,False,False,False
estrés postraumático,1,1,1,Z733,Z,False,False,False
esv,1,1,1,I491,I,False,False,False
etmoidectomia bilateral,1,1,1,09BV4ZZ,0,False,False,False
eutiroidea,1,1,1,2449,2,False,False,False
eutiroideo enfermo,1,1,1,E0781,E,False,False,False
ev,1,1,1,I493,I,False,False,False
eventracion,1,1,1,5361,5,False,False,False
eventración,1,1,1,K432,K,False,False,False
ex -fumadora,1,1,1,Z87891,Z,False,False,False
ex Prematuridad,1,1,1,V137,V,False,False,False
ex alcohol,1,1,1,F1021,F,False,False,False
ex consumidor OH,1,1,1,F1021,F,False,False,False
ex prematur,1,1,1,V137,V,False,False,False
ex- fumadora,1,1,1,Z87891,Z,False,False,False
ex-Fumadora,1,1,1,Z87891,Z,False,False,False
ex-tabaquismo,1,1,1,Z87891,Z,False,False,False
exPrematur,1,1,1,V137,V,False,False,False
exPrematuro,1,1,1,V137,V,False,False,False
exantema,1,1,1,R21,R,False,False,False
exantema petequial,1,1,1,R21,R,False,False,False
excision vulva,1,1,1,0UBMXZZ,0,False,False,False
exeresis MAMA DERECHA,1,1,1,0HBT0ZZ,0,False,False,False
exeresis piel nariz,1,1,1,0HB1XZZ,0,False,False,False
exeresisi piel nariz,1,1,1,0HB1XZZ,0,False,False,False
exfumadora,1,1,1,Z87891,Z,False,False,False
expansor,1,1,1,8595,8,False,False,False
expansor mama,1,1,1,8595,8,False,False,False
expansor mama der,1,1,1,0HHT0NZ,0,False,False,False
expansor mama izq,1,1,1,0HHU0NZ,0,False,False,False
expansor mama izquierda,1,1,1,0HHU0NZ,0,False,False,False
exprematur,1,1,1,V137,V,False,False,False
exprematura,1,1,1,V137,V,False,False,False
exprematuro,1,1,1,V137,V,False,False,False
expretérmino,1,1,1,V137,V,False,False,False
extraccio manual placenta,1,1,1,10D17Z9,1,False,False,False
extraccion manual de la placenta,1,1,1,10D17Z9,1,False,False,False
extraccion manual de placenta,1,1,1,10D17Z9,1,False,False,False
extraccion manual placenta,1,1,1,10D17Z9,1,False,False,False
extracción MANUAL placenta,1,1,1,10D17Z9,1,False,False,False
extracción cuerpo extraño esofago,1,1,1,9802,9,False,False,False
extracción de cuerpo extraño,1,1,1,9815,9,False,False,False
extracción de diu,1,1,1,9771,9,False,False,False
extracción manual placenta,1,1,1,10D17Z9,1,False,False,False
extrasistoles,1,1,1,I4949,I,False,False,False
extrasistoles ventriculares,1,1,1,I493,I,False,False,False
extrasístoles,1,1,1,42760,4,False,False,False
extrasístoles ventriculares,1,1,1,I493,I,False,False,False
exéresis carúncula uretral,1,1,1,0TBD8ZZ,0,False,False,False
exéresis de ganglio centinela,1,1,1,4023,4,False,False,False
exéresis ganglio inguinal dcho,1,1,1,07BH0ZZ,0,False,False,False
f70,1,1,1,F70,F,False,False,False
fIV,1,1,1,O09813,O,False,False,False
fallo cardiaco derecho,1,1,1,4280,4,False,False,False
fallo de induccion,1,1,1,O610,O,False,False,False
fallo de inducción,1,1,1,O610,O,False,False,False
fallo de medro,1,1,1,R6251,R,False,False,False
fallo hepatico,1,1,1,K7200,K,False,False,False
fallot corregido,1,1,1,V1365,V,False,False,False
falsa via uretral,1,1,1,N365,N,False,False,False
falta de progresión parto,1,1,1,O621,O,False,False,False
fang biliar,1,1,1,K838,K,False,False,False
fap,1,1,1,I480,I,False,False,False
fascitis necrotizante,1,1,1,72886,7,False,False,False
fatiga cronica,1,1,1,R5382,R,False,False,False
febre,1,1,1,78060,7,False,False,False
febre qx,1,1,1,R5082,R,False,False,False
febricula,1,1,1,R509,R,False,False,False
febricular,1,1,1,R509,R,False,False,False
febriculas,1,1,1,R509,R,False,False,False
febril 2,1,1,1,78061,7,False,False,False
febril Postoperatorio,1,1,1,R5082,R,False,False,False
febril parto,1,1,1,O752,O,False,False,False
febril postparto,1,1,1,O864,O,False,False,False
febriles,1,1,1,R509,R,False,False,False
febrícula,1,1,1,R509,R,False,False,False
febrícula 2,1,1,1,78061,7,False,False,False
febrícula intraparto,1,1,1,O752,O,False,False,False
fecaloma rectal,1,1,1,K5641,K,False,False,False
ferida menton,1,1,1,87344,8,False,False,False
ferida quirurgica,1,1,1,E8788,E,False,False,False
ferida quirúrgica,1,1,1,E8788,E,False,False,False
ferro,1,1,1,3E033GC,3,False,False,False
ferropenia,1,1,1,27509,2,False,False,False
ferroterápia,1,1,1,3E033GC,3,False,False,False
feto 1 podalica,1,1,1,O322XX1,O,False,False,False
feto Grande para edad gestacional,1,1,1,O3663X0,O,False,False,False
feto en transversa,1,1,1,O322XX0,O,False,False,False
feto grande para edad gestacional,1,1,1,O3663X0,O,False,False,False
feto grande para edad gestacional.,1,1,1,O3663X0,O,False,False,False
feto macrosómico,1,1,1,O3663X0,O,False,False,False
feto vivo,1,1,1,Z370,Z,False,False,False
fiabre,1,1,1,R509,R,False,False,False
fibrilación auricular rapida,1,1,1,I4891,I,False,False,False
fibrinogeno,1,1,1,30233T1,3,False,False,False
fibrinógeno,1,1,1,9906,9,False,False,False
fibroAdenoma juvenil,1,1,1,90300,9,False,False,False
fibroLEIOMIOMA,1,1,1,88900,8,False,False,False
fibroadenoma mAMA DER,1,1,1,D241,D,False,False,False
fibroadenoma mama derecha,1,1,1,D241,D,False,False,False
fibroadenoma mama izq,1,1,1,D242,D,False,False,False
fibroadenoma mama izquierda,1,1,1,D242,D,False,False,False
fibroadenomas,1,1,1,90100,9,False,False,False
fibrobroncoscopia,1,1,1,0BJ08ZZ,0,False,False,False
fibrobroncoscopia bas,1,1,1,3324,3,False,False,False
fibrobroncoscopia biopsia,1,1,1,3324,3,False,False,False
fibroma ovario,1,1,1,220,2,False,False,False
fibrosis mama,1,1,1,6103,6,False,False,False
fibrosis mama izquierda,1,1,1,N6022,N,False,False,False
fibrosis quistica,1,1,1,E849,E,False,False,False
fibrosis quísitca,1,1,1,E849,E,False,False,False
fiebre,1,1,1,78060,7,False,False,False
fiebre 2,1,1,1,78061,7,False,False,False
fiebre de origen desconocido,1,1,1,78060,7,False,False,False
fiebre intradialisis,1,1,1,R509,R,False,False,False
fiebre intraparto,1,1,1,O752,O,False,False,False
fiebre materna,1,1,1,O752,O,False,False,False
fiebre materna part,1,1,1,65921,6,False,False,False
fiebre parto,1,1,1,O752,O,False,False,False
fiebre persistente,1,1,1,R509,R,False,False,False
fiebre posparto,1,1,1,67202,6,False,False,False
fiebre postparto,1,1,1,67202,6,False,False,False
fiebre prolongada,1,1,1,R509,R,False,False,False
fiebre puerperal,1,1,1,O864,O,False,False,False
fimosi,1,1,1,640,6,False,False,False
fistula oroantral,1,1,1,4730,4,False,False,False
fistula piel,1,1,1,L988,L,False,False,False
fistula qx,1,1,1,9986,9,False,False,False
fistulectomia piel,1,1,1,863,8,False,False,False
fisura anal part,1,1,1,O9962,O,False,False,False
flegmo periamigdalar,1,1,1,475,4,False,False,False
flegmon periamigdali,1,1,1,475,4,False,False,False
folicular ovari,1,1,1,6200,6,False,False,False
folicular ovario,1,1,1,6200,6,False,False,False
foliculitis,1,1,1,L739,L,False,False,False
foliculo ovario,1,1,1,6200,6,False,False,False
foraminotomia l5-s1,1,1,1,00NY0ZZ,0,False,False,False
forceps,1,1,1,720,7,False,False,False
forceps episio,1,1,1,721,7,False,False,False
forceps fallido,1,1,1,O665,O,False,False,False
fosfomicina,1,1,1,3E03329,3,False,False,False
fotosensibilidad solar,1,1,1,L562,L,False,False,False
fototerapia,1,1,1,6A600ZZ,6,False,False,False
fr. supracondílea húmero,1,1,1,81241,8,False,False,False
fracaso de induccion,1,1,1,O610,O,False,False,False
fracaso de inducción,1,1,1,O610,O,False,False,False
fracaso renal agudo,1,1,1,N179,N,False,False,False
fractura cranial,1,1,1,S020XXA,S,False,False,False
fractura cubit esquerre,1,1,1,S52202A,S,False,False,False
fractura de humero proximal izquierdo,1,1,1,S42202A,S,False,False,False
fractura de húmero derecho,1,1,1,81220,8,False,False,False
fractura de húmero proximal derecho,1,1,1,S42201A,S,False,False,False
fractura de olécranon izquierdo,1,1,1,S52022A,S,False,False,False
fractura de pilon tibial izquierdo,1,1,1,S82872A,S,False,False,False
fractura dent,1,1,1,87363,8,False,False,False
fractura diente,1,1,1,87363,8,False,False,False
fractura estiloides,1,1,1,81343,8,False,False,False
fractura malar,1,1,1,8024,8,False,False,False
fractura nasal,1,1,1,8020,8,False,False,False
fractura olecranon derecho,1,1,1,S52021A,S,False,False,False
fractura patologica vertebra,1,1,1,73313,7,False,False,False
fractura perone derecho,1,1,1,S82401A,S,False,False,False
fractura pertrocanterea femur derecho,1,1,1,S72101A,S,False,False,False
fractura pertrocantérea de fémur derecho,1,1,1,S72101A,S,False,False,False
fractura radio distal izquierdo,1,1,1,S52502A,S,False,False,False
fractura seno maxilar izquierdo,1,1,1,S0240DA,S,False,False,False
fractura subcapital femur izquierdo,1,1,1,S72012A,S,False,False,False
fractura subtrocantérica de fémur derecho,1,1,1,S7221XA,S,False,False,False
fractura supracondílea de húmero derecho,1,1,1,S42411A,S,False,False,False
fractura trimaleolar,1,1,1,S82856A,S,False,False,False
fractura ángulo mandibular,1,1,1,80225,8,False,False,False
fragil,1,1,1,797,7,False,False,False
fuamdora 2t,1,1,1,O99332,O,False,False,False
fuamdora parto,1,1,1,F17210,F,False,False,False
fuma,1,1,1,3051,3,False,False,False
fumador,1,1,1,3051,3,False,False,False
fumadora,1,1,1,F17210,F,False,False,False
fumadora 2t,1,1,1,O99332,O,False,False,False
fumadora 3t,1,1,1,O99333,O,False,False,False
fumadora puerperio,1,1,1,64904,6,False,False,False
fumadora rn,1,1,1,P048,P,False,False,False
fumar,1,1,1,F17210,F,False,False,False
furosemida,1,1,1,3E033GC,3,False,False,False
futbol,1,1,1,Y9366,Y,False,False,False
fx,1,1,1,V1551,V,False,False,False
fx cabeza de fémur,1,1,1,82009,8,False,False,False
fx h,1,1,1,V1551,V,False,False,False
fístula perianal,1,1,1,K603,K,False,False,False
fístula rectovaginal,1,1,1,6191,6,False,False,False
fístula vésico-vaginal,1,1,1,N820,N,False,False,False
fórceps episio,1,1,1,721,7,False,False,False
fútbol,1,1,1,Y9366,Y,False,False,False
g935,1,1,1,G935,G,False,False,False
gCP,1,1,1,O480,O,False,False,False
gafas nasales,1,1,1,3E0F7SF,3,False,False,False
gamma anti d,1,1,1,9911,9,False,False,False
gamma globulina anti-D,1,1,1,30233S1,3,False,False,False
gammablobulina anti D,1,1,1,65611,6,False,False,False
gammaglobulina anti-d,1,1,1,3E0234Z,3,False,False,False
gammaglobulina antiD,1,1,1,65611,6,False,False,False
gammaglobulinas,1,1,1,9914,9,False,False,False
gammagrafía ósea,1,1,1,CP1Z1ZZ,C,False,False,False
gammapatía monoclonal,1,1,1,D472,D,False,False,False
gammunoglobulina anti-D,1,1,1,O360130,O,False,False,False
gangli centinella,1,1,1,4011,4,False,False,False
ganglio centinella,1,1,1,4023,4,False,False,False
gardenella,1,1,1,B9689,B,False,False,False
gardenerella,1,1,1,04189,0,False,False,False
gardnerella,1,1,1,B9689,B,False,False,False
gasometría,1,1,1,4A13XR1,4,False,False,False
gastrectomia parcial,1,1,1,4389,4,False,False,False
gastrectomia vertical laparoscopica,1,1,1,4382,4,False,False,False
gastrectomía,1,1,1,Z903,Z,False,False,False
gastritis,1,1,1,53550,5,False,False,False
gastritis atrófica,1,1,1,K2940,K,False,False,False
gastritis autoinmune,1,1,1,K2960,K,False,False,False
gastritis crónica part,1,1,1,O9962,O,False,False,False
gastritis parto,1,1,1,O9962,O,False,False,False
gastroenteritisaguda,1,1,1,5589,5,False,False,False
gastrografín,1,1,1,3E0G7KZ,3,False,False,False
gastroparesia,1,1,1,5363,5,False,False,False
gea,1,1,1,K529,K,False,False,False
gea Rotavirus,1,1,1,A080,A,False,False,False
gemelar,1,1,1,P015,P,False,False,False
gemelar BC/BA,1,1,1,O30043,O,False,False,False
gemelar anteparto,1,1,1,65103,6,False,False,False
gemelar bicorial /biamniótica,1,1,1,O30043,O,False,False,False
gemelar bicorial biamniótica,1,1,1,O30043,O,False,False,False
gemelar bicorial-biamniotica,1,1,1,O30043,O,False,False,False
gemelar bicorial-biamniótica,1,1,1,O30043,O,False,False,False
gemelar bicorial/biamniótica,1,1,1,O30043,O,False,False,False
gemelar monocorial biamniotica,1,1,1,O30033,O,False,False,False
gemelar monocorial-biamniótica,1,1,1,O30033,O,False,False,False
gemelar rn,1,1,1,P015,P,False,False,False
gemelo,1,1,1,P015,P,False,False,False
gemelos,1,1,1,65101,6,False,False,False
gemelos vivos,1,1,1,Z372,Z,False,False,False
gentamicina,1,1,1,3E03329,3,False,False,False
gestacion bicorial biamniotica,1,1,1,O30043,O,False,False,False
gestacion cronologicamente prolongada,1,1,1,O480,O,False,False,False
gestacional no controlada,1,1,1,V237,V,False,False,False
gestación anembrionada,1,1,1,O029,O,False,False,False
gestación cronológicamente prolongada,1,1,1,64511,6,False,False,False
gestación cronológicamente prolongada.,1,1,1,O480,O,False,False,False
gestación ectópica tubárica derecha,1,1,1,O00101,O,False,False,False
gestación en vías de prolongación,1,1,1,O480,O,False,False,False
gestación en vías de prolongación.,1,1,1,O480,O,False,False,False
gestación gemelar anteparto,1,1,1,65103,6,False,False,False
gestación gemelar bicorial-biamniótica,1,1,1,O30043,O,False,False,False
gestación gemelar part,1,1,1,65101,6,False,False,False
gestación gemelos,1,1,1,65101,6,False,False,False
gestación no controlada,1,1,1,O0930,O,False,False,False
gestación no evolutiva,1,1,1,O034,O,False,False,False
gestación prolongada,1,1,1,O480,O,False,False,False
gestante de 30 semanas,1,1,1,Z3A30,Z,False,False,False
gestante de 40,1,1,1,O480,O,False,False,False
gestración cronologicamente prolongada,1,1,1,O480,O,False,False,False
geu izquierdo,1,1,1,O00102,O,False,False,False
ginecomàstia,1,1,1,N62,N,False,False,False
gingivoestomatitis herpètica,1,1,1,B002,B,False,False,False
girpe A,1,1,1,J101,J,False,False,False
glaucoma,1,1,1,H409,H,False,False,False
glioblastoma témporo-occipital izquierdo,1,1,1,C718,C,False,False,False
glioma de alto grado,1,1,1,1919,1,False,False,False
glomerulonefritis,1,1,1,N059,N,False,False,False
glosectomia total,1,1,1,253,2,False,False,False
glosodinia,1,1,1,5296,5,False,False,False
gluten,1,1,1,5790,5,False,False,False
goanrtrosis izq,1,1,1,M1712,M,False,False,False
golpe deporte,1,1,1,E9170,E,False,False,False
gonalgia derecha,1,1,1,M25561,M,False,False,False
gonalgia izquierda,1,1,1,M25562,M,False,False,False
gonartrosis,1,1,1,71536,7,False,False,False
gonartrosis bilateral,1,1,1,M170,M,False,False,False
gonartrosis dcha,1,1,1,M1711,M,False,False,False
gonartrosis izquierda,1,1,1,M1712,M,False,False,False
gonococo,1,1,1,0980,0,False,False,False
gota,1,1,1,M109,M,False,False,False
grado I,1,1,1,0HQ9XZZ,0,False,False,False
granuloma orbitario,1,1,1,37611,3,False,False,False
granulomas hepáticos,1,1,1,K753,K,False,False,False
graves,1,1,1,E0500,E,False,False,False
gripe A.,1,1,1,J101,J,False,False,False
grupo sanguineo A positivo,1,1,1,Z6710,Z,False,False,False
grupo sanguineo materno A rh positivo,1,1,1,Z6710,Z,False,False,False
grupo sanguineo: A rh positivo,1,1,1,Z6710,Z,False,False,False
h FX,1,1,1,V1551,V,False,False,False
h Fractura,1,1,1,V1551,V,False,False,False
h Fracturas,1,1,1,V1551,V,False,False,False
h fr,1,1,1,V1551,V,False,False,False
h fracura,1,1,1,V1551,V,False,False,False
hTA gestacional parto,1,1,1,64231,6,False,False,False
ha Carcinoma basocelular,1,1,1,V1083,V,False,False,False
ha Cáncer de mama,1,1,1,V103,V,False,False,False
ha Tuberculosis,1,1,1,Z8611,Z,False,False,False
ha ca mama,1,1,1,V103,V,False,False,False
ha tbc,1,1,1,Z8611,Z,False,False,False
ha tuberculosa,1,1,1,Z8611,Z,False,False,False
hallux valgus 1,1,1,1,0MQS3ZZ,0,False,False,False
hallux valgus bilateral,1,1,1,M2011,M,False,False,False
halluz valgus 1,1,1,1,0MQS3ZZ,0,False,False,False
hamartoma hipotalámico,1,1,1,Q858,Q,False,False,False
hashimoto parto,1,1,1,O99284,O,False,False,False
hbp,1,1,1,N400,N,False,False,False
hellp,1,1,1,O1424,O,False,False,False
hemangioma,1,1,1,91200,9,False,False,False
hemangioma HIGADO,1,1,1,D1803,D,False,False,False
hemangioma cavernoso,1,1,1,D1802,D,False,False,False
hemangioma en L4,1,1,1,D1809,D,False,False,False
hemangioma hepatica,1,1,1,22804,2,False,False,False
hemangioma hepatico,1,1,1,D1803,D,False,False,False
hemangioma hepático,1,1,1,22804,2,False,False,False
hemangiomas,1,1,1,91200,9,False,False,False
hematemesis,1,1,1,5780,5,False,False,False
hematoma qx,1,1,1,99812,9,False,False,False
hematoma subcutáneo no traumatico,1,1,1,72992,7,False,False,False
hematoma subdural traumatico,1,1,1,S065X0A,S,False,False,False
hematoma vaginal posparto,1,1,1,66572,6,False,False,False
hematomas,1,1,1,M7981,M,False,False,False
hematuri,1,1,1,R319,R,False,False,False
hematuria,1,1,1,59970,5,False,False,False
hematuria microscopica,1,1,1,R3129,R,False,False,False
hematúrica,1,1,1,R319,R,False,False,False
hemianopsia,1,1,1,36846,3,False,False,False
hemibloqueo anterior,1,1,1,4262,4,False,False,False
hemicolectomia izq,1,1,1,4575,4,False,False,False
hemicolectomía derecha,1,1,1,V4572,V,False,False,False
hemiparesia braquiocrural derecha,1,1,1,34291,3,False,False,False
hemiparesia derecha,1,1,1,G8191,G,False,False,False
hemiparesia izquierda,1,1,1,G8194,G,False,False,False
hemiparesia izquierda residual,1,1,1,I69354,I,False,False,False
hemiplejía izquierda,1,1,1,G8194,G,False,False,False
hemitiroidectomía,1,1,1,V1229,V,False,False,False
hemivèrtebra,1,1,1,Q7649,Q,False,False,False
hemocromatosis,1,1,1,E83119,E,False,False,False
hemocultivo positivos,1,1,1,R7881,R,False,False,False
hemoderivados,1,1,1,30233N1,3,False,False,False
hemoderivats,1,1,1,9904,9,False,False,False
hemodiálisis,1,1,1,Z992,Z,False,False,False
hemodiálsis,1,1,1,Z992,Z,False,False,False
hemofilia,1,1,1,D66,D,False,False,False
hemofilia parto,1,1,1,O9912,O,False,False,False
hemoperitoneo,1,1,1,56881,5,False,False,False
hemoperitoneo post punción folicular,1,1,1,56881,5,False,False,False
hemoperitoneo qx,1,1,1,99811,9,False,False,False
hemoperitoneo tras punción folicular,1,1,1,K661,K,False,False,False
hemoptisi,1,1,1,78630,7,False,False,False
hemoptisis,1,1,1,78630,7,False,False,False
hemoroide int,1,1,1,K648,K,False,False,False
hemorragia digestiva,1,1,1,K922,K,False,False,False
hemorragia digestiva alta,1,1,1,K922,K,False,False,False
hemorragia pospARTO,1,1,1,O721,O,False,False,False
hemorragia posparto,1,1,1,66612,6,False,False,False
hemorragia post parto,1,1,1,O721,O,False,False,False
hemorragia post-parto,1,1,1,O721,O,False,False,False
hemorragia postparto,1,1,1,O721,O,False,False,False
hemorragia pp,1,1,1,O721,O,False,False,False
hemorragia puerperal,1,1,1,O721,O,False,False,False
hemorragia uterina,1,1,1,N938,N,False,False,False
hemorroidal posparto,1,1,1,67182,6,False,False,False
hemorroide externo,1,1,1,4553,4,False,False,False
hemorroides,1,1,1,K649,K,False,False,False
hemorroides PUERPERIO,1,1,1,O872,O,False,False,False
hemorroides internas prolapsadas,1,1,1,4552,4,False,False,False
hemorroides pp,1,1,1,O872,O,False,False,False
hemostasia,1,1,1,0W363ZZ,0,False,False,False
hemparesia derecha,1,1,1,G8191,G,False,False,False
henria inguinal izquierda,1,1,1,K4090,K,False,False,False
hepatitis B,1,1,1,B181,B,False,False,False
hepatitis C parto,1,1,1,64761,6,False,False,False
hepatitis cronica,1,1,1,57140,5,False,False,False
hepatomegalia,1,1,1,R160,R,False,False,False
hepatopatía,1,1,1,K769,K,False,False,False
hepatopatía crónica,1,1,1,K769,K,False,False,False
herida,1,1,1,T148XXA,T,False,False,False
herida muslo izquierdo,1,1,1,S71102A,S,False,False,False
herida quirúrgica,1,1,1,E8788,E,False,False,False
hernia diafragmática,1,1,1,K449,K,False,False,False
hernia diafragmática fetal parto,1,1,1,65581,6,False,False,False
hernia discal,1,1,1,M519,M,False,False,False
hernia discal L2- L3,1,1,1,M5126,M,False,False,False
hernia discal cervical,1,1,1,M5020,M,False,False,False
hernia epigástrica,1,1,1,K439,K,False,False,False
hernia hiatal,1,1,1,5533,5,False,False,False
hernia hiato,1,1,1,K449,K,False,False,False
hernia hiato parto,1,1,1,K449,K,False,False,False
hernia incisional malla,1,1,1,0WUF0JZ,0,False,False,False
hernia inguinal,1,1,1,K4090,K,False,False,False
hernia inguinal derecha incarcerada,1,1,1,K4030,K,False,False,False
hernia inguinal derecha malla,1,1,1,0YU50JZ,0,False,False,False
hernia inguinal izq,1,1,1,K4090,K,False,False,False
hernia inguinal izquierda recidivada,1,1,1,55091,5,False,False,False
hernia inguinalbilateral,1,1,1,55092,5,False,False,False
hernia supraumbilical,1,1,1,K439,K,False,False,False
hernioplastia crural derecha malla,1,1,1,0YU70JZ,0,False,False,False
hernioplastia inguinal bilateral con malla,1,1,1,0YUA0JZ,0,False,False,False
hernioplastia inguinal bilateral malla,1,1,1,0YUA0JZ,0,False,False,False
hernioplastia inguinal derecha,1,1,1,0YQ50ZZ,0,False,False,False
hernioplastia inguinal derecha abierta,1,1,1,0YU50JZ,0,False,False,False
hernioplastia inguinal derecha con colocación de malla,1,1,1,0YU50JZ,0,False,False,False
hernioplastia inguinal izquierda con malla,1,1,1,0YU60JZ,0,False,False,False
hernioplastia inguinal izquierda laparoscópica,1,1,1,0YU64JZ,0,False,False,False
hernioplastia inguinal izquierda malla,1,1,1,0YU60JZ,0,False,False,False
hernioplastia umbilical con malla,1,1,1,0WUF0JZ,0,False,False,False
herniorrafia inguinal bilateral,1,1,1,0YQA0ZZ,0,False,False,False
herniorrafia inguinal izquierda,1,1,1,5300,5,False,False,False
herniorrafia umbilical,1,1,1,5349,5,False,False,False
herpes vulvar,1,1,1,A6004,A,False,False,False
herpes zoster,1,1,1,B029,B,False,False,False
hh,1,1,1,K449,K,False,False,False
hidramnios,1,1,1,O403XX0,O,False,False,False
hidratación intravenosa,1,1,1,3E0337Z,3,False,False,False
hidrocefalia,1,1,1,3314,3,False,False,False
hidrocefalia congenita,1,1,1,7423,7,False,False,False
hidrocefalia obstructiva,1,1,1,G911,G,False,False,False
hidrocele,1,1,1,6039,6,False,False,False
hidrocortisona,1,1,1,3E0333Z,3,False,False,False
hidroelectrolítica,1,1,1,3E0337Z,3,False,False,False
hidronefrosi congenita,1,1,1,75329,7,False,False,False
hidronefrosis fetal parto,1,1,1,65581,6,False,False,False
hidrosálpinx,1,1,1,6141,6,False,False,False
hierro endovenoso,1,1,1,9929,9,False,False,False
hierro intravenoso,1,1,1,3E033GC,3,False,False,False
hierro iv,1,1,1,3E033GC,3,False,False,False
higado parto,1,1,1,64671,6,False,False,False
hii,1,1,1,K4090,K,False,False,False
hijo de madre diabetica,1,1,1,P701,P,False,False,False
hijo de madre diabética,1,1,1,P701,P,False,False,False
hiperbilirrubinemia,1,1,1,E806,E,False,False,False
hipercalcemia,1,1,1,E8352,E,False,False,False
hipercapnia leve,1,1,1,R0689,R,False,False,False
hipercloremia,1,1,1,E878,E,False,False,False
hipercolesterinemia,1,1,1,E7800,E,False,False,False
hipercolesterolemia familiar,1,1,1,E7801,E,False,False,False
hipercolesterolemia part,1,1,1,O99284,O,False,False,False
hipercolesterolemia parto,1,1,1,O99284,O,False,False,False
hiperemesis gravídica,1,1,1,O210,O,False,False,False
hiperesplenismo,1,1,1,D731,D,False,False,False
hiperestimulacion ovarios,1,1,1,N981,N,False,False,False
hiperglicemia dm,1,1,1,25090,2,False,False,False
hiperglucemias,1,1,1,R739,R,False,False,False
hiperk,1,1,1,E875,E,False,False,False
hiperlipemia,1,1,1,E785,E,False,False,False
hipermenorreas,1,1,1,6262,6,False,False,False
hipermenorrees,1,1,1,6262,6,False,False,False
hipermenorrees anemitzants,1,1,1,6262,6,False,False,False
hipermesis gravidica,1,1,1,O210,O,False,False,False
hipermetropía,1,1,1,H5200,H,False,False,False
hipernatrémia rn,1,1,1,P741,P,False,False,False
hipernatrémica,1,1,1,E870,E,False,False,False
hipernatrémica rn,1,1,1,P741,P,False,False,False
hiperparatirodismo renal,1,1,1,N2581,N,False,False,False
hiperparatiroidismo renal,1,1,1,58881,5,False,False,False
hiperparatiroidismo secundario,1,1,1,58881,5,False,False,False
hiperplasia adenoamigdalar,1,1,1,47410,4,False,False,False
hiperplasia nodular hepática,1,1,1,K7689,K,False,False,False
hiperpotassèmia,1,1,1,E875,E,False,False,False
hiperrreactividad bronquial,1,1,1,J9809,J,False,False,False
hipertensa,1,1,1,4019,4,False,False,False
hipertension arterial,1,1,1,I10,I,False,False,False
hipertension gestacional anteparto,1,1,1,64233,6,False,False,False
"hipertension portal,",1,1,1,K766,K,False,False,False
hipertensió arterial,1,1,1,4019,4,False,False,False
hipertensión arterial,1,1,1,4019,4,False,False,False
hipertensión arterial irc,1,1,1,40390,4,False,False,False
hipertensión arterial pulmonar,1,1,1,I2721,I,False,False,False
hipertensión crónica part,1,1,1,O1002,O,False,False,False
hipertensión gestaciónal,1,1,1,O134,O,False,False,False
hipertensión portal,1,1,1,5723,5,False,False,False
hipertensión pulmonar,1,1,1,I2720,I,False,False,False
hipertiroidisme,1,1,1,24290,2,False,False,False
hipertiroidisme part,1,1,1,64811,6,False,False,False
hipertransaminasemia,1,1,1,R7401,R,False,False,False
hipertrasaminemia,1,1,1,R7401,R,False,False,False
hipertrigliceremia,1,1,1,2721,2,False,False,False
hipertrigliceridemia,1,1,1,2721,2,False,False,False
hipertrigliciridemia,1,1,1,2721,2,False,False,False
hipertrofia CCII,1,1,1,J343,J,False,False,False
hipertrofia amigdala,1,1,1,47411,4,False,False,False
hipertrofia amigdalas,1,1,1,47411,4,False,False,False
hipertrofia utero,1,1,1,6212,6,False,False,False
hipoTiroidismo part,1,1,1,O99284,O,False,False,False
hipoacusia de transmisión,1,1,1,H900,H,False,False,False
hipoacusia derecha,1,1,1,H9191,H,False,False,False
hipoacusia neurosensorial,1,1,1,H905,H,False,False,False
hipoacusia neurosensorial bilateral,1,1,1,H903,H,False,False,False
hipoalbulinemia,1,1,1,2738,2,False,False,False
hipoalbúminemia,1,1,1,E8809,E,False,False,False
hipocalcemia,1,1,1,27541,2,False,False,False
hipocloremia,1,1,1,E878,E,False,False,False
hipofosforemia,1,1,1,2753,2,False,False,False
hipogammaglobulinemia,1,1,1,D801,D,False,False,False
hipogammaglobulinemia Igg,1,1,1,D803,D,False,False,False
hipoglicemia dm,1,1,1,25080,2,False,False,False
hipoglucemia,1,1,1,E162,E,False,False,False
hipoglucemia rn,1,1,1,P704,P,False,False,False
hipomagnesemia,1,1,1,2752,2,False,False,False
hiponatremia,1,1,1,2761,2,False,False,False
hiponatrenia,1,1,1,E871,E,False,False,False
hiponatrèmia,1,1,1,E871,E,False,False,False
hipoparatiroidismo secundario,1,1,1,2521,2,False,False,False
hipoplasia renal izda,1,1,1,Q603,Q,False,False,False
hipopotasèmia,1,1,1,E876,E,False,False,False
hipopotasémica,1,1,1,E876,E,False,False,False
hiporexia,1,1,1,R630,R,False,False,False
hipotensión,1,1,1,4589,4,False,False,False
hipotir PARTO,1,1,1,O99284,O,False,False,False
hipotirodismo part,1,1,1,O99284,O,False,False,False
hipotirodismo qx parto,1,1,1,O99284,O,False,False,False
hipotiroidisme parto,1,1,1,O99284,O,False,False,False
hipotiroidismo (,1,1,1,2449,2,False,False,False
hipotiroidismo 2t,1,1,1,O99282,O,False,False,False
hipotiroidismo ANTEPARTO,1,1,1,64813,6,False,False,False
hipotiroidismo autoinmune,1,1,1,E063,E,False,False,False
hipotiroidismo gestacional,1,1,1,O99284,O,False,False,False
hipotiroidismo madre rn,1,1,1,P0089,P,False,False,False
hipotiroidismo puerperal,1,1,1,E039,E,False,False,False
hipotiroidismo puerperio,1,1,1,E039,E,False,False,False
hipotiroidismo qx,1,1,1,E890,E,False,False,False
hipotiroidismo qx part,1,1,1,E890,E,False,False,False
hipotiroidsimo 2t,1,1,1,O99282,O,False,False,False
hipotiroïdisme part,1,1,1,O99284,O,False,False,False
hipotonia,1,1,1,7813,7,False,False,False
hipotonía rn,1,1,1,P942,P,False,False,False
hipotoroidismo,1,1,1,2449,2,False,False,False
hipotoroidismo anteparto,1,1,1,64813,6,False,False,False
hipotroidismo part,1,1,1,E039,E,False,False,False
hipovitaminosis D,1,1,1,E559,E,False,False,False
hipovitaminosis d,1,1,1,E559,E,False,False,False
hipovolemia,1,1,1,E861,E,False,False,False
hipoxemia,1,1,1,R0902,R,False,False,False
hipoxia,1,1,1,R0902,R,False,False,False
hiptertension,1,1,1,I10,I,False,False,False
hipóxico cerebral,1,1,1,G931,G,False,False,False
histerctomia abdominal,1,1,1,6849,6,False,False,False
histerectomia abd,1,1,1,6849,6,False,False,False
histerectomia radical,1,1,1,6869,6,False,False,False
histerectomia subtotal,1,1,1,6839,6,False,False,False
histerectomia total,1,1,1,0UT90ZZ,0,False,False,False
histerectomia total laparoscopica,1,1,1,6841,6,False,False,False
histerectomia vaginal,1,1,1,0UT97ZZ,0,False,False,False
histerectomía Total,1,1,1,Z90710,Z,False,False,False
histerectomía abdominal,1,1,1,6849,6,False,False,False
histerectomía lap,1,1,1,6841,6,False,False,False
histerectomía total LAP,1,1,1,6841,6,False,False,False
histerectomía total:,1,1,1,0UT90ZZ,0,False,False,False
histerectomía vaginal,1,1,1,0UT97ZZ,0,False,False,False
histeroscopia quirúrgica,1,1,1,0UB98ZZ,0,False,False,False
historia  tromboflebitis,1,1,1,V1252,V,False,False,False
historia Adenocarcinoma de pulmón,1,1,1,Z85118,Z,False,False,False
historia Ca urotelial,1,1,1,Z8551,Z,False,False,False
historia Carcinoma vesical,1,1,1,Z8551,Z,False,False,False
historia Fractura,1,1,1,Z8781,Z,False,False,False
historia IAM,1,1,1,412,4,False,False,False
historia ICTUS,1,1,1,Z8673,Z,False,False,False
historia NEO VESICAL,1,1,1,Z8551,Z,False,False,False
historia Neoplasia de mama,1,1,1,V103,V,False,False,False
historia Polipos colon,1,1,1,Z86010,Z,False,False,False
historia Polips colon,1,1,1,V1272,V,False,False,False
historia Prematuritat,1,1,1,V137,V,False,False,False
historia Pólipos colónicos,1,1,1,Z86010,Z,False,False,False
historia TVP,1,1,1,V1251,V,False,False,False
historia Tromboflebitis,1,1,1,Z8672,Z,False,False,False
historia Tuberculosis pulmonar,1,1,1,V1201,V,False,False,False
historia Ulcus gástrico,1,1,1,V1271,V,False,False,False
historia ca MAMA,1,1,1,V103,V,False,False,False
historia ca cervix,1,1,1,V1041,V,False,False,False
historia ca colon,1,1,1,Z85038,Z,False,False,False
historia ca cèrvix,1,1,1,V1041,V,False,False,False
historia ca tiroides,1,1,1,V1087,V,False,False,False
historia de caídas,1,1,1,Z9181,Z,False,False,False
historia embarazo ectopico,1,1,1,V2342,V,False,False,False
historia embarazo ectópica,1,1,1,O0913,O,False,False,False
historia familiar ca Mama,1,1,1,Z803,Z,False,False,False
historia familiar ca mama,1,1,1,Z803,Z,False,False,False
historia familiar ca ovario,1,1,1,Z8041,Z,False,False,False
historia familiar cáncer de mama,1,1,1,Z803,Z,False,False,False
historia fracturas,1,1,1,Z8781,Z,False,False,False
historia fx,1,1,1,Z8781,Z,False,False,False
historia ictus,1,1,1,V1254,V,False,False,False
historia linfoma,1,1,1,Z8579,Z,False,False,False
historia litiasis renal,1,1,1,V1301,V,False,False,False
historia melanoma,1,1,1,V1082,V,False,False,False
historia neo mama,1,1,1,V103,V,False,False,False
historia neoplasia de mama,1,1,1,V103,V,False,False,False
historia neoplasia ojo,1,1,1,V1084,V,False,False,False
historia parto prematur,1,1,1,O09213,O,False,False,False
historia parto prematuridad,1,1,1,V2341,V,False,False,False
historia parto prematuro,1,1,1,O09213,O,False,False,False
historia parto pretérmino,1,1,1,O09213,O,False,False,False
historia polipo colon,1,1,1,V1272,V,False,False,False
historia polipos colon,1,1,1,V1272,V,False,False,False
historia prematur,1,1,1,V137,V,False,False,False
historia prematuro,1,1,1,V137,V,False,False,False
historia pólipo colon,1,1,1,V1272,V,False,False,False
historia pólipos colon,1,1,1,Z86010,Z,False,False,False
historia trombosis,1,1,1,V1251,V,False,False,False
historia tvp,1,1,1,Z86718,Z,False,False,False
historia ulcus duodenal,1,1,1,Z8711,Z,False,False,False
histrectomia,1,1,1,V8801,V,False,False,False
hombro doloroso,1,1,1,M25519,M,False,False,False
hosp,1,1,1,Y92239,Y,False,False,False
hosp+,1,1,1,E8497,E,False,False,False
hpp,1,1,1,O721,O,False,False,False
hpv,1,1,1,B977,B,False,False,False
hta,1,1,1,I10,I,False,False,False
hta + irc,1,1,1,I129,I,False,False,False
hta ICC,1,1,1,I509,I,False,False,False
hta IRC 5,1,1,1,I120,I,False,False,False
hta irc anteparto,1,1,1,64213,6,False,False,False
hta irc terminal,1,1,1,N186,N,False,False,False
hta parto,1,1,1,4019,4,False,False,False
hta puerperal,1,1,1,O1003,O,False,False,False
htda,1,1,1,Z90710,Z,False,False,False
huevo,1,1,1,Z91012,Z,False,False,False
huevo huero.,1,1,1,6318,6,False,False,False
hábito enhólico,1,1,1,F1010,F,False,False,False
hábito enólico importante,1,1,1,F1020,F,False,False,False
hábito enólico moderado,1,1,1,F1010,F,False,False,False
"hèrnia hiatus,",1,1,1,K449,K,False,False,False
hèrnia inguinal,1,1,1,K4090,K,False,False,False
hígado graso,1,1,1,K760,K,False,False,False
ia + im,1,1,1,I080,I,False,False,False
iam,1,1,1,412,4,False,False,False
ictericia,1,1,1,7824,7,False,False,False
ictericia rn,1,1,1,P599,P,False,False,False
icterico rn,1,1,1,P599,P,False,False,False
ile,1,1,1,Z332,Z,False,False,False
ile por trisomía,1,1,1,Z332,Z,False,False,False
ile por trisomía 21,1,1,1,O351XX0,O,False,False,False
ileo,1,1,1,5601,5,False,False,False
ileo paralítico,1,1,1,5601,5,False,False,False
ileo paralítico qx,1,1,1,99749,9,False,False,False
ileocolitis,1,1,1,K529,K,False,False,False
ilpp muslo derecho,1,1,1,0HRHX74,0,False,False,False
ilpt piel nasal,1,1,1,0HX1XZZ,0,False,False,False
im ia it,1,1,1,I083,I,False,False,False
im it,1,1,1,I081,I,False,False,False
imc 30,1,1,1,Z6830,Z,False,False,False
imc 46,1,1,1,V8542,V,False,False,False
imc 53,1,1,1,Z6843,Z,False,False,False
impactación esofágica,1,1,1,9351,9,False,False,False
implante de LIO,1,1,1,1371,1,False,False,False
implantes mamarios,1,1,1,V4382,V,False,False,False
impotencia sexual,1,1,1,N529,N,False,False,False
incompatibilidad RH,1,1,1,65611,6,False,False,False
incontinencia de urgencia,1,1,1,N3941,N,False,False,False
incontinencia urinaria,1,1,1,78830,7,False,False,False
incontinencia urinaria esfuerzos,1,1,1,N393,N,False,False,False
indometacina rectal,1,1,1,3E0H73Z,3,False,False,False
induccion médica,1,1,1,3E033VJ,3,False,False,False
inducción médica,1,1,1,3E033VJ,3,False,False,False
inestabilidad,1,1,1,R2681,R,False,False,False
infarto crónico,1,1,1,I6782,I,False,False,False
infarto placenta,1,1,1,O43813,O,False,False,False
infartos crónicos,1,1,1,I6782,I,False,False,False
infecc resp,1,1,1,5198,5,False,False,False
infeccio respiratòria de vies altes,1,1,1,J069,J,False,False,False
infeccion cateter periferica,1,1,1,T827XXA,T,False,False,False
infeccion catéter diálisis,1,1,1,T827XXA,T,False,False,False
infeccion de herida quirurgica,1,1,1,99859,9,False,False,False
infeccion herida qx,1,1,1,T8140XA,T,False,False,False
infecciones de orina de repetición,1,1,1,Z87440,Z,False,False,False
infecciones urinarias de repetición,1,1,1,Z87440,Z,False,False,False
infecciones urinarias repeticion,1,1,1,Z87440,Z,False,False,False
infecció del tracte urinari,1,1,1,N390,N,False,False,False
infección de herida quirúrgica de cesárea,1,1,1,O8600,O,False,False,False
infección de orina,1,1,1,N390,N,False,False,False
infección de tracto urinario,1,1,1,N390,N,False,False,False
infección de vías respiratorias alta,1,1,1,J069,J,False,False,False
infección respiratoria de vías altas,1,1,1,J069,J,False,False,False
infertilidad,1,1,1,N979,N,False,False,False
infiltración,1,1,1,0392,0,False,False,False
inhibicion de lactancia,1,1,1,O925,O,False,False,False
inhibicion de lactanica,1,1,1,O925,O,False,False,False
inhibicion lactancia,1,1,1,O925,O,False,False,False
inhibir lactancia,1,1,1,O925,O,False,False,False
injerto grasa mama izquierda,1,1,1,0HRU37Z,0,False,False,False
inmunosupresor,1,1,1,3E033GC,3,False,False,False
inmunosupresores,1,1,1,3E033GC,3,False,False,False
insomni,1,1,1,78052,7,False,False,False
insomnio,1,1,1,G4700,G,False,False,False
instilacion vesical,1,1,1,9649,9,False,False,False
institucionalizada,1,1,1,Z593,Z,False,False,False
institucionalizado,1,1,1,Z593,Z,False,False,False
institucionalizado en residencia,1,1,1,Z593,Z,False,False,False
insufic tricuspídea,1,1,1,3970,3,False,False,False
insuficiencia aortica,1,1,1,I351,I,False,False,False
insuficiencia aórtica,1,1,1,I351,I,False,False,False
insuficiencia cardíaca,1,1,1,4280,4,False,False,False
insuficiencia cardíaca biventricular,1,1,1,I5082,I,False,False,False
insuficiencia cardíaca derecha,1,1,1,I50810,I,False,False,False
insuficiencia mitral,1,1,1,I340,I,False,False,False
insuficiencia mitral congenita,1,1,1,7466,7,False,False,False
insuficiencia mitral reumatica,1,1,1,I051,I,False,False,False
insuficiencia pancreática,1,1,1,K8689,K,False,False,False
insuficiencia renal aguda,1,1,1,5849,5,False,False,False
insuficiencia renal cronica,1,1,1,5859,5,False,False,False
insuficiencia renal pre-renal,1,1,1,R392,R,False,False,False
insuficiencia renal rápidamente progresiva,1,1,1,N179,N,False,False,False
insuficiencia respiratoria cronica,1,1,1,51883,5,False,False,False
insuficiencia respiratoria crónica agudizada,1,1,1,51884,5,False,False,False
insuficiencia tricuspídea,1,1,1,I071,I,False,False,False
insuficiencia venosa,1,1,1,I872,I,False,False,False
insuficiencia venosa crónica,1,1,1,I872,I,False,False,False
insuficienciarespiratoria aguda,1,1,1,51881,5,False,False,False
insuficiència venosa crònica,1,1,1,I872,I,False,False,False
insufiencia respiratoria aguda,1,1,1,J9600,J,False,False,False
insulino,1,1,1,Z794,Z,False,False,False
interrupción de lactancia,1,1,1,O925,O,False,False,False
interrupción voluntaria del embarazo,1,1,1,Z332,Z,False,False,False
intolerancia a la lactosa part,1,1,1,O99284,O,False,False,False
intolerancia a la lactosa parto,1,1,1,O99284,O,False,False,False
intolerancia lactosa,1,1,1,2713,2,False,False,False
intolerancia lactosa parto,1,1,1,O99284,O,False,False,False
intolerància oral,1,1,1,R633,R,False,False,False
intoxicacion etilica,1,1,1,F10120,F,False,False,False
intoxicació etílica,1,1,1,F10120,F,False,False,False
intoxicación etílica,1,1,1,F10120,F,False,False,False
intratecal,1,1,1,0392,0,False,False,False
intubació,1,1,1,9604,9,False,False,False
intubación orotraqueal,1,1,1,9604,9,False,False,False
intubado,1,1,1,9604,9,False,False,False
invaginación ileo-colica,1,1,1,K561,K,False,False,False
iot,1,1,1,9604,9,False,False,False
iq hernia discal,1,1,1,V1359,V,False,False,False
ira 2 qx,1,1,1,51851,5,False,False,False
ira 2+,1,1,1,51881,5,False,False,False
irc 2,1,1,1,N182,N,False,False,False
irca,1,1,1,51884,5,False,False,False
irritabilidad,1,1,1,R454,R,False,False,False
isquemia renal,1,1,1,59381,5,False,False,False
it,1,1,1,I071,I,False,False,False
itu,1,1,1,5990,5,False,False,False
itu E.faecalis,1,1,1,N390,N,False,False,False
itu e.coli,1,1,1,B9620,B,False,False,False
itu ecoli,1,1,1,B9620,B,False,False,False
itu pARTO,1,1,1,64661,6,False,False,False
itu part,1,1,1,O23593,O,False,False,False
itu puerperal,1,1,1,O8629,O,False,False,False
itus repeticion,1,1,1,Z87440,Z,False,False,False
itus repetición,1,1,1,Z87440,Z,False,False,False
ivc,1,1,1,I872,I,False,False,False
j42,1,1,1,J42,J,False,False,False
jugando al futbol,1,1,1,Y9366,Y,False,False,False
jugava a fútbol,1,1,1,Y9366,Y,False,False,False
k660,1,1,1,K660,K,False,False,False
kjelland,1,1,1,10S07ZZ,1,False,False,False
klebsiella oxytoca,1,1,1,B9689,B,False,False,False
lIPOMA,1,1,1,88500,8,False,False,False
lIPOMA LUMBAR,1,1,1,D171,D,False,False,False
laceracion en labios,1,1,1,0UQMXZZ,0,False,False,False
laceracion paraclitoriana,1,1,1,O700,O,False,False,False
laceracion parauretral,1,1,1,O7182,O,False,False,False
laceracion periuretral,1,1,1,O7182,O,False,False,False
laceraciones en labio,1,1,1,0UQMXZZ,0,False,False,False
laceraciones grado I,1,1,1,O700,O,False,False,False
laceración en labio,1,1,1,0UQMXZZ,0,False,False,False
laceración en labios,1,1,1,0UQMXZZ,0,False,False,False
laceración parauretral,1,1,1,O7182,O,False,False,False
lactancia ARTIFICIAL,1,1,1,O925,O,False,False,False
lactosa,1,1,1,E739,E,False,False,False
lal,1,1,1,20400,2,False,False,False
laminectomía,1,1,1,01NB0ZZ,0,False,False,False
lap,1,1,1,5421,5,False,False,False
laparoscopia,1,1,1,5421,5,False,False,False
laparoscopia exploradora,1,1,1,5421,5,False,False,False
laparoscopia-laparotomía,1,1,1,V6441,V,False,False,False
laparoscopica,1,1,1,5421,5,False,False,False
laparoscòpia robòtica,1,1,1,1742,1,False,False,False
laparoscòpica,1,1,1,5421,5,False,False,False
laparoscópica,1,1,1,5421,5,False,False,False
laparoscópica asistida por robot,1,1,1,8E0W4CZ,8,False,False,False
laparoscópica robótica,1,1,1,1742,1,False,False,False
laringectomía total,1,1,1,303,3,False,False,False
laringitis aguda,1,1,1,J040,J,False,False,False
laringoscopia,1,1,1,3142,3,False,False,False
laringoscòpia,1,1,1,0CJS8ZZ,0,False,False,False
laringotraqueoscopia,1,1,1,3142,3,False,False,False
lasceraciones en labios,1,1,1,0UQMXZZ,0,False,False,False
lavado broncoalveolar,1,1,1,3324,3,False,False,False
lavado nasal,1,1,1,3E1978Z,3,False,False,False
lavado vesical,1,1,1,3E1K78Z,3,False,False,False
lavados vesical,1,1,1,3E1K78Z,3,False,False,False
lavados vesicales continuos,1,1,1,3E1K78Z,3,False,False,False
lavados vesicales contínuos,1,1,1,3E1K78Z,3,False,False,False
lcr,1,1,1,0331,0,False,False,False
lda,1,1,1,4052,4,False,False,False
lecho quirúrgico,1,1,1,E8786,E,False,False,False
legrado aborto,1,1,1,10D17ZZ,1,False,False,False
legrado evacuador,1,1,1,10D17ZZ,1,False,False,False
legrado evacuador obstetrico,1,1,1,10D17ZZ,1,False,False,False
legrado evacuador obstétrico,1,1,1,10D17ZZ,1,False,False,False
legrado obstetrico,1,1,1,6902,6,False,False,False
legrado obstétrico,1,1,1,10D17ZZ,1,False,False,False
legrado por aspiración,1,1,1,10D17ZZ,1,False,False,False
legrado uterino evacuador,1,1,1,10D17ZZ,1,False,False,False
legrado uterino obstetrico,1,1,1,6902,6,False,False,False
leiomioma submucoso,1,1,1,D250,D,False,False,False
leiomioma subseroso,1,1,1,D252,D,False,False,False
leiomioma uterino,1,1,1,D259,D,False,False,False
leiomiomas,1,1,1,D259,D,False,False,False
leiomiomas submucosos,1,1,1,D250,D,False,False,False
"leiomiomas, subserosos",1,1,1,D252,D,False,False,False
leiomiosarcoma uterina,1,1,1,C55,C,False,False,False
lente intraocular,1,1,1,Z961,Z,False,False,False
les,1,1,1,M329,M,False,False,False
les parto,1,1,1,M329,M,False,False,False
lesiones isquémicas de pequeño vaso,1,1,1,I6782,I,False,False,False
lesión cerebral sugestiva de M1,1,1,1,1983,1,False,False,False
lesión condral rodilla derecha,1,1,1,M93861,M,False,False,False
lesión esplénica,1,1,1,D7389,D,False,False,False
lesión renal aguda,1,1,1,N179,N,False,False,False
leucemia aguda linfoblastica,1,1,1,20400,2,False,False,False
leucemia aguda linfoblástica,1,1,1,20400,2,False,False,False
leucemia aguda mieloblástica,1,1,1,20500,2,False,False,False
leucocitosi,1,1,1,28860,2,False,False,False
leucocitosi part,1,1,1,D72829,D,False,False,False
leucocitosis,1,1,1,28860,2,False,False,False
leucocitosis con neutrofilia,1,1,1,2888,2,False,False,False
leucopatía isquémica crónica de pequeño vaso,1,1,1,I6782,I,False,False,False
leucopenia,1,1,1,28850,2,False,False,False
leve deterioro de la función renal,1,1,1,N179,N,False,False,False
levetiracetam,1,1,1,3E033NZ,3,False,False,False
levofloxacino,1,1,1,9921,9,False,False,False
liberacion de adherencias,1,1,1,5459,5,False,False,False
ligadura,1,1,1,0UL70ZZ,0,False,False,False
ligadura .,1,1,1,Z302,Z,False,False,False
ligadura de trompas,1,1,1,Z9851,Z,False,False,False
ligadura tubárica 2,1,1,1,V2651,V,False,False,False
ligadura tubárica bilateral,1,1,1,0UL70ZZ,0,False,False,False
limfadenectomia axilar,1,1,1,4051,4,False,False,False
limfadenectomia axil·lar,1,1,1,4051,4,False,False,False
limfadenectomía pélvica,1,1,1,4053,4,False,False,False
limfocitosis,1,1,1,D72820,D,False,False,False
linezolid,1,1,1,3E03328,3,False,False,False
linfadenectomia,1,1,1,4051,4,False,False,False
linfadenectomia PARAaórtica,1,1,1,4052,4,False,False,False
linfadenectomia PÉLVICA,1,1,1,07TC0ZZ,0,False,False,False
linfadenectomia axilar dcha,1,1,1,4051,4,False,False,False
linfadenectomia axilar derecha,1,1,1,4051,4,False,False,False
linfadenectomia axilar izda,1,1,1,07T60ZZ,0,False,False,False
linfadenectomia axilar izquierda,1,1,1,07T60ZZ,0,False,False,False
linfadenectomia aórtica,1,1,1,4052,4,False,False,False
linfadenectomia inguinal,1,1,1,4054,4,False,False,False
linfadenectomia izquierda,1,1,1,4053,4,False,False,False
linfadenectomia paraaórtica,1,1,1,4052,4,False,False,False
linfadenectomia paraórtica,1,1,1,4052,4,False,False,False
linfadenectomia pélvica,1,1,1,4053,4,False,False,False
linfadenectomia pélvica bilateral,1,1,1,4053,4,False,False,False
linfadenectomía Aórtica,1,1,1,4052,4,False,False,False
linfadenectomía aortica,1,1,1,4052,4,False,False,False
linfadenectomía axila,1,1,1,4051,4,False,False,False
linfadenectomía axilar,1,1,1,4051,4,False,False,False
linfadenectomía axilar derecha,1,1,1,07T50ZZ,0,False,False,False
linfadenectomía axilar izq,1,1,1,07T60ZZ,0,False,False,False
linfadenectomía axilar izquierdas,1,1,1,07T60ZZ,0,False,False,False
linfadenectomía iliaca,1,1,1,4053,4,False,False,False
linfadenectomía para-aórtica,1,1,1,07TD0ZZ,0,False,False,False
linfadenectomía paraaortica,1,1,1,07TD0ZZ,0,False,False,False
linfadenectomía paraaórtica,1,1,1,4052,4,False,False,False
linfadenitis cronica,1,1,1,2891,2,False,False,False
linfadenitis crónica,1,1,1,I881,I,False,False,False
linfangioma,1,1,1,2281,2,False,False,False
linfedemas,1,1,1,I890,I,False,False,False
linfocele,1,1,1,I898,I,False,False,False
linfocitosis,1,1,1,D72820,D,False,False,False
linfoma historia,1,1,1,Z8572,Z,False,False,False
lipodistrofia,1,1,1,2726,2,False,False,False
lipofilling facial,1,1,1,8687,8,False,False,False
lipofilling mama izquierda,1,1,1,0HRV37Z,0,False,False,False
lipoma,1,1,1,88500,8,False,False,False
lipoma escapular derecho,1,1,1,D171,D,False,False,False
lipotimia,1,1,1,R55,R,False,False,False
liquen escleroso,1,1,1,L900,L,False,False,False
liquen plano,1,1,1,L439,L,False,False,False
liquido meconial,1,1,1,O770,O,False,False,False
liquido pleural,1,1,1,3491,3,False,False,False
lista de espera trasplante,1,1,1,V4983,V,False,False,False
listesis lumbar,1,1,1,M4316,M,False,False,False
litiasis renal,1,1,1,N200,N,False,False,False
litiasis renal drecha,1,1,1,0TF38ZZ,0,False,False,False
litiasis renal izqueirda,1,1,1,0TC14ZZ,0,False,False,False
litiasis renal part,1,1,1,O26833,O,False,False,False
litiasis ureter derecho,1,1,1,0TC68ZZ,0,False,False,False
litiasis ureter izq,1,1,1,0TC78ZZ,0,False,False,False
litiasis ureter izquierdo,1,1,1,0TC78ZZ,0,False,False,False
litiasis ureteral,1,1,1,5921,5,False,False,False
litiasis vesical,1,1,1,0TCB8ZZ,0,False,False,False
llenado intraoperatorio,1,1,1,8551,8,False,False,False
llenado mama,1,1,1,8551,8,False,False,False
lma,1,1,1,98613,9,False,False,False
lmmc,1,1,1,C9310,C,False,False,False
lordosis lumbar,1,1,1,M4056,M,False,False,False
ltb LAPAROSCÓPICA,1,1,1,0UL74ZZ,0,False,False,False
ltb lap,1,1,1,0UL74ZZ,0,False,False,False
lugar,1,1,1,Y929,Y,False,False,False
lumbago,1,1,1,7242,7,False,False,False
lumbalgias,1,1,1,M545,M,False,False,False
lupus eritematoso cutáneo,1,1,1,L930,L,False,False,False
lupus eritematoso discoide parto,1,1,1,O9972,O,False,False,False
luxación Acromiocalvicular izquierda,1,1,1,S43102A,S,False,False,False
luxación de hombro izquierdo,1,1,1,S43005A,S,False,False,False
líquid cefalorraquidi,1,1,1,0331,0,False,False,False
líquid pleural,1,1,1,0W993ZZ,0,False,False,False
líquido amniótico teñido,1,1,1,O770,O,False,False,False
líquido meconial,1,1,1,O770,O,False,False,False
líquido teñido,1,1,1,O770,O,False,False,False
mETÁSTASIS ganglio axilar,1,1,1,C773,C,False,False,False
macrocefàlia,1,1,1,Q753,Q,False,False,False
macroglosia congenita,1,1,1,75015,7,False,False,False
macrosoma parto,1,1,1,O3663X0,O,False,False,False
macrosomia fetal,1,1,1,O3663X0,O,False,False,False
macrosomia parto,1,1,1,O3663X0,O,False,False,False
macrosomía fetal,1,1,1,O3663X0,O,False,False,False
macrosomía fetal.,1,1,1,O3663X0,O,False,False,False
macrosomía parto,1,1,1,O3663X0,O,False,False,False
madden DERECHA,1,1,1,0HTT0ZZ,0,False,False,False
madden dERECHA,1,1,1,07T50ZZ,0,False,False,False
maduracion pulmonar,1,1,1,3E0233Z,3,False,False,False
maduración cervical,1,1,1,3E0P7GC,3,False,False,False
mal cumplimiento terapéutico,1,1,1,Z9119,Z,False,False,False
maladaptación pulmonar rn,1,1,1,P221,P,False,False,False
malas condiciones obstétricas,1,1,1,65681,6,False,False,False
malformación cerebral,1,1,1,74781,7,False,False,False
malformación fetal,1,1,1,O358XX0,O,False,False,False
malformación vascular facial,1,1,1,74769,7,False,False,False
malnutricio,1,1,1,2639,2,False,False,False
malos antecedentes obstétricos,1,1,1,V2349,V,False,False,False
maltrato historia,1,1,1,Z91419,Z,False,False,False
mama fibroquistica,1,1,1,6101,6,False,False,False
mamoplastía de aumento,1,1,1,Z9882,Z,False,False,False
manguito de los rotadores,1,1,1,72610,7,False,False,False
marcapaso,1,1,1,V4501,V,False,False,False
marcapasos DDDR,1,1,1,Z950,Z,False,False,False
marcapasos VVI 2,1,1,1,3771,3,False,False,False
marcapàs,1,1,1,Z950,Z,False,False,False
mareos ortostáticos,1,1,1,I951,I,False,False,False
marihuana,1,1,1,F1210,F,False,False,False
masculino,1,1,1,V270,V,False,False,False
mastectomia conservadora de piel con protesis,1,1,1,8533,8,False,False,False
mastectomia der,1,1,1,0HTT0ZZ,0,False,False,False
mastectomia dreta,1,1,1,Z9011,Z,False,False,False
mastectomia esquerre,1,1,1,8541,8,False,False,False
mastectomia radical modificada,1,1,1,8543,8,False,False,False
mastectomia simple,1,1,1,8541,8,False,False,False
mastectomia simple de mama izquierda,1,1,1,8541,8,False,False,False
mastectomía,1,1,1,Z9010,Z,False,False,False
mastectomía (mama derecha,1,1,1,0HTT0ZZ,0,False,False,False
mastectomía bilateral,1,1,1,0HTV0ZZ,0,False,False,False
mastectomía derecha,1,1,1,8541,8,False,False,False
mastectomía dreta,1,1,1,Z9011,Z,False,False,False
mastectomía izquierda,1,1,1,Z9012,Z,False,False,False
mastitis pueperal,1,1,1,O9122,O,False,False,False
mastitis puerperal,1,1,1,O9122,O,False,False,False
mastoiditis,1,1,1,38300,3,False,False,False
mastopatia fibroquistica,1,1,1,N6019,N,False,False,False
mastopatia fibroquística,1,1,1,N6019,N,False,False,False
mastopatía fibroquística,1,1,1,N6019,N,False,False,False
matrorragia postmenopausica,1,1,1,N950,N,False,False,False
mc call,1,1,1,0UQF7ZZ,0,False,False,False
mc-ba,1,1,1,O30033,O,False,False,False
mcba,1,1,1,V9102,V,False,False,False
mcd,1,1,1,4254,4,False,False,False
mcp,1,1,1,Z950,Z,False,False,False
meconio,1,1,1,O770,O,False,False,False
megaureter,1,1,1,75322,7,False,False,False
membranas desgarradas,1,1,1,O731,O,False,False,False
meniere,1,1,1,H8109,H,False,False,False
meningioma frontal derecho,1,1,1,D320,D,False,False,False
meningitis bacteriana,1,1,1,G042,G,False,False,False
meningitis crónica,1,1,1,G031,G,False,False,False
meniscectomia,1,1,1,V1359,V,False,False,False
meniscectomía dreta,1,1,1,0SBC4ZZ,0,False,False,False
meniscectomía rodilla derecha,1,1,1,0SBC0ZZ,0,False,False,False
menorragia,1,1,1,6262,6,False,False,False
mental parto,1,1,1,O99344,O,False,False,False
mer oi,1,1,1,H35372,H,False,False,False
meropenem,1,1,1,3E03329,3,False,False,False
metabolopatía,1,1,1,E889,E,False,False,False
metadona,1,1,1,F1120,F,False,False,False
metastásica pulmonar,1,1,1,C7800,C,False,False,False
metatarsalgia izq,1,1,1,M7742,M,False,False,False
methergin IM,1,1,1,3E023GC,3,False,False,False
methergin IM.,1,1,1,3E023GC,3,False,False,False
methergin Im,1,1,1,3E023GC,3,False,False,False
methergin im,1,1,1,3E023GC,3,False,False,False
metilprednisolona,1,1,1,3E0333Z,3,False,False,False
metoclopramida,1,1,1,3E033GC,3,False,False,False
metotrexate,1,1,1,9649,9,False,False,False
metropatía,1,1,1,6268,6,False,False,False
metrorragia 1t,1,1,1,O209,O,False,False,False
metrorragia 2t,1,1,1,O4692,O,False,False,False
metrorragia 3t,1,1,1,O4693,O,False,False,False
metrorragia posparto,1,1,1,O721,O,False,False,False
metrorragia post menopausica,1,1,1,6271,6,False,False,False
metrorragia post-menopáusica,1,1,1,N950,N,False,False,False
metrorragia postmenopaúsica,1,1,1,N950,N,False,False,False
metrorragia postmenopáusica,1,1,1,6271,6,False,False,False
metrorragia puerperal,1,1,1,O722,O,False,False,False
metrorragias parto,1,1,1,O679,O,False,False,False
metrorragias postmenopausica,1,1,1,6271,6,False,False,False
metrotrexate IM aborto,1,1,1,10A03ZZ,1,False,False,False
metàstasi gangli axilar,1,1,1,1963,1,False,False,False
metástasis,1,1,1,80006,8,False,False,False
metástasis de carcinoma,1,1,1,85006,8,False,False,False
metástasis en glándulas suprarrenales,1,1,1,C7970,C,False,False,False
metástasis hepaticas,1,1,1,C787,C,False,False,False
metástasis hepáticas,1,1,1,C787,C,False,False,False
metástasis pulmonares,1,1,1,1970,1,False,False,False
metástasis suprarrenal izquierda,1,1,1,C7972,C,False,False,False
metástasis óseas,1,1,1,1985,1,False,False,False
miastenia gravis parto,1,1,1,O99354,O,False,False,False
microadenoma hipofisario,1,1,1,D352,D,False,False,False
microprolactinoma,1,1,1,D352,D,False,False,False
microstomia,1,1,1,74484,7,False,False,False
midazolam,1,1,1,3E033NZ,3,False,False,False
midriasis,1,1,1,37943,3,False,False,False
migranya,1,1,1,G43909,G,False,False,False
migraña PART,1,1,1,O99354,O,False,False,False
migraña con aura,1,1,1,G43109,G,False,False,False
migraña con aura parto,1,1,1,G43109,G,False,False,False
migraña crónica,1,1,1,G43909,G,False,False,False
migraña sin aura,1,1,1,G43009,G,False,False,False
migrañas part,1,1,1,G43909,G,False,False,False
migrañas parto,1,1,1,O9989,O,False,False,False
migrañas sin aura parto,1,1,1,G43009,G,False,False,False
migrañosas,1,1,1,G43909,G,False,False,False
miocardiopatia hipertrofica,1,1,1,I422,I,False,False,False
miocardiopatia hipertrófica no obstructiva,1,1,1,42518,4,False,False,False
miocardiopatía hipertrófica,1,1,1,I422,I,False,False,False
mioclonias,1,1,1,G253,G,False,False,False
mioclonus,1,1,1,G253,G,False,False,False
mioclonías,1,1,1,3332,3,False,False,False
mioma,1,1,1,D259,D,False,False,False
mioma PARTO,1,1,1,O3413,O,False,False,False
mioma im,1,1,1,D251,D,False,False,False
mioma intramural parto,1,1,1,O3413,O,False,False,False
mioma subseroso,1,1,1,2182,2,False,False,False
mioma subseroso part,1,1,1,D252,D,False,False,False
mioma uterino,1,1,1,D259,D,False,False,False
mioma utero,1,1,1,2189,2,False,False,False
miomas intramurales,1,1,1,D251,D,False,False,False
miomas intramurales parto,1,1,1,D251,D,False,False,False
miomas part,1,1,1,D259,D,False,False,False
miomas uterinos,1,1,1,2189,2,False,False,False
miomas uterinos intramurales,1,1,1,2181,2,False,False,False
miomas uterinos parto,1,1,1,65411,6,False,False,False
miomectomia,1,1,1,6829,6,False,False,False
miomectomia histeroscópica,1,1,1,0UB98ZZ,0,False,False,False
miomectomía,1,1,1,0UB90ZZ,0,False,False,False
miomectomía histeroscópica,1,1,1,6823,6,False,False,False
miopia mgna,1,1,1,3671,3,False,False,False
miopía,1,1,1,H5210,H,False,False,False
miopía magna parto,1,1,1,O9989,O,False,False,False
miositis,1,1,1,M609,M,False,False,False
misofar,1,1,1,3E0P7VZ,3,False,False,False
misoprostol,1,1,1,3E0P7VZ,3,False,False,False
misoprostol aborto,1,1,1,10A07ZX,1,False,False,False
misoprostol abortp,1,1,1,10A07ZX,1,False,False,False
misoprostol abroto,1,1,1,10A07ZX,1,False,False,False
misoprostol abrto,1,1,1,10A07ZX,1,False,False,False
misoprostol rectal,1,1,1,3E0H7GC,3,False,False,False
misoprostol rectales,1,1,1,3E0H7GC,3,False,False,False
mixofibrosarcoma,1,1,1,88103,8,False,False,False
mola hidatiforme,1,1,1,O019,O,False,False,False
monitorización cardiorrespiratoria,1,1,1,4A0ZX6Z,4,False,False,False
monocorial - biamniótica,1,1,1,V9102,V,False,False,False
monocorial / biamniótica,1,1,1,O30033,O,False,False,False
monocorial biamniotica,1,1,1,O30033,O,False,False,False
monocorial biamniótica,1,1,1,O30033,O,False,False,False
morfina,1,1,1,3E033NZ,3,False,False,False
mt oseas,1,1,1,1985,1,False,False,False
mtx PLEURAL,1,1,1,C782,C,False,False,False
mtx axila,1,1,1,1963,1,False,False,False
mtx axilares,1,1,1,1963,1,False,False,False
mtx colon,1,1,1,1975,1,False,False,False
mtx gangli axila,1,1,1,1963,1,False,False,False
mtx gangli axilar,1,1,1,1963,1,False,False,False
mtx ganglio axila,1,1,1,1963,1,False,False,False
mtx ganglio axilar,1,1,1,1963,1,False,False,False
mtx ganglio cuello,1,1,1,1960,1,False,False,False
mtx ganglio iliaco,1,1,1,1966,1,False,False,False
mtx ganglio inguinal,1,1,1,1965,1,False,False,False
mtx ganglio pelvic,1,1,1,1966,1,False,False,False
mtx ganglio pelvico,1,1,1,1966,1,False,False,False
mtx ganglio pelvicos,1,1,1,1966,1,False,False,False
mtx ganglios axilares,1,1,1,1963,1,False,False,False
mtx hepatico,1,1,1,1977,1,False,False,False
mtx hepáticas,1,1,1,1977,1,False,False,False
mtx hígado,1,1,1,C787,C,False,False,False
mtx osea,1,1,1,1985,1,False,False,False
mtx pleura,1,1,1,1972,1,False,False,False
mtx pulmon,1,1,1,1970,1,False,False,False
mtx pulmonar bilateral,1,1,1,C7802,C,False,False,False
mtx recto,1,1,1,1975,1,False,False,False
muerte fetal anteparto,1,1,1,O364XX0,O,False,False,False
multig,1,1,1,65961,6,False,False,False
multigravida,1,1,1,65961,6,False,False,False
multipara,1,1,1,65941,6,False,False,False
multiparidad,1,1,1,65941,6,False,False,False
mutación factor V Leiden,1,1,1,D6851,D,False,False,False
n401,1,1,1,N401,N,False,False,False
nace,1,1,1,Z370,Z,False,False,False
nacido vivo,1,1,1,V270,V,False,False,False
nalgas gemelo,1,1,1,65261,6,False,False,False
nalgas incompletas,1,1,1,O328XX0,O,False,False,False
nalgas puras,1,1,1,O321XX0,O,False,False,False
nauseas,1,1,1,R110,R,False,False,False
nauseas vomitos,1,1,1,R112,R,False,False,False
nauseas y vomitos,1,1,1,78701,7,False,False,False
nauseosa,1,1,1,R110,R,False,False,False
nbz,1,1,1,3E0F7GC,3,False,False,False
ne,1,1,1,3E0G76Z,3,False,False,False
ne SNG,1,1,1,3E0G76Z,3,False,False,False
nebulització,1,1,1,3E0F7GC,3,False,False,False
nebulizaciones,1,1,1,3E0F7GC,3,False,False,False
nebulización,1,1,1,3E0F7GC,3,False,False,False
nebulizador,1,1,1,3E0F7GC,3,False,False,False
nebulizados,1,1,1,3E0F7GC,3,False,False,False
necrosis avascular de cadera derecha,1,1,1,M87051,M,False,False,False
necrosis avascular de cadera izquierda,1,1,1,M87052,M,False,False,False
nefrectomia,1,1,1,Z905,Z,False,False,False
nefrectomia radical lap,1,1,1,0TT74ZZ,0,False,False,False
nefrectomía parcial,1,1,1,554,5,False,False,False
nefrectomía parcial derecha laparoscópica,1,1,1,0TB04ZZ,0,False,False,False
nefritis tubulointersticial,1,1,1,N12,N,False,False,False
nefropatia diabètica,1,1,1,E1122,E,False,False,False
nefropatia diabética,1,1,1,E1122,E,False,False,False
nefropatía IgA,1,1,1,N032,N,False,False,False
nefropatía diabetica 2,1,1,1,25040,2,False,False,False
nefropatía dm,1,1,1,E1129,E,False,False,False
nefropatía tubulointersticial,1,1,1,N159,N,False,False,False
nefrostomia,1,1,1,Z936,Z,False,False,False
nefrostomía bilateral,1,1,1,0T9330Z,0,False,False,False
nefrostomía derecha,1,1,1,0T9330Z,0,False,False,False
nefrostomía dreta,1,1,1,0T9330Z,0,False,False,False
nefrostomía izquierda,1,1,1,0T9430Z,0,False,False,False
nefrostomía percutánea derecha,1,1,1,0T9330Z,0,False,False,False
nefrostomías,1,1,1,Z936,Z,False,False,False
nefrostomías bilaterales,1,1,1,0T9430Z,0,False,False,False
nefroureterectomía,1,1,1,Z905,Z,False,False,False
nefroureterectomía izquierda laparoscopica,1,1,1,0TT14ZZ,0,False,False,False
nefroureterectomía izquierda laparoscópica,1,1,1,0TT14ZZ,0,False,False,False
neo incierta,1,1,1,80001,8,False,False,False
neo inespecifca,1,1,1,1991,1,False,False,False
neo mama,1,1,1,1749,1,False,False,False
neo mama dreta,1,1,1,C50911,C,False,False,False
neo ovario,1,1,1,1830,1,False,False,False
neo prostata,1,1,1,185,1,False,False,False
neo vesical,1,1,1,C679,C,False,False,False
neonato,1,1,1,Z370,Z,False,False,False
neonatos,1,1,1,Z370,Z,False,False,False
neoplaisa inespecifica,1,1,1,80001,8,False,False,False
neoplasi mama derecha,1,1,1,C50911,C,False,False,False
neoplasia,1,1,1,80003,8,False,False,False
neoplasia TESTICULAR DERECHO,1,1,1,C6291,C,False,False,False
neoplasia cie mama,1,1,1,1745,1,False,False,False
neoplasia de ENDOMETRIO,1,1,1,C541,C,False,False,False
neoplasia de ciego,1,1,1,C180,C,False,False,False
neoplasia de colon historia,1,1,1,V1005,V,False,False,False
neoplasia de lengua,1,1,1,C029,C,False,False,False
neoplasia de mama bilateral,1,1,1,1749,1,False,False,False
neoplasia de mama der,1,1,1,C50911,C,False,False,False
neoplasia de ovario,1,1,1,1830,1,False,False,False
neoplasia de pulmón,1,1,1,1629,1,False,False,False
neoplasia digestivo,1,1,1,C269,C,False,False,False
neoplasia endometrial,1,1,1,C541,C,False,False,False
neoplasia inespecifica,1,1,1,80001,8,False,False,False
neoplasia maligna de mama derecha,1,1,1,C50911,C,False,False,False
neoplasia mucinosa,1,1,1,84801,8,False,False,False
neoplasia mucinoso,1,1,1,84803,8,False,False,False
neoplasia ovárica,1,1,1,C569,C,False,False,False
neoplasia papilar,1,1,1,80503,8,False,False,False
neoplasia parotidea,1,1,1,1420,1,False,False,False
neoplasia parto,1,1,1,O9A12,O,False,False,False
neoplasia prostático,1,1,1,C61,C,False,False,False
neoplasia recto-sigma,1,1,1,C19,C,False,False,False
neoplasia renal derecha,1,1,1,C641,C,False,False,False
neoplasia retroperitoneo,1,1,1,1580,1,False,False,False
neoplasia ureter izquierdo,1,1,1,C662,C,False,False,False
neoplasia urotelial,1,1,1,81203,8,False,False,False
neoplasia uterina,1,1,1,179,1,False,False,False
neoplasia vesical,1,1,1,C679,C,False,False,False
neoplàsia d'ovari,1,1,1,1830,1,False,False,False
neumonectomía,1,1,1,Z902,Z,False,False,False
neumonia,1,1,1,486,4,False,False,False
neumonia nosocomial,1,1,1,Y95,Y,False,False,False
neumonias de repetición,1,1,1,Z8701,Z,False,False,False
neumonía,1,1,1,486,4,False,False,False
neumonía basal,1,1,1,J189,J,False,False,False
neumonía basal derecha,1,1,1,J189,J,False,False,False
neumopatía intersticial,1,1,1,515,5,False,False,False
neumotórax traumatico,1,1,1,8600,8,False,False,False
neuralgia del trigémino,1,1,1,G500,G,False,False,False
neurobehçet,1,1,1,M352,M,False,False,False
neurofibromatosis,1,1,1,Q8500,Q,False,False,False
neuronavegador,1,1,1,0039,0,False,False,False
neuropatia cubital derecha,1,1,1,G5621,G,False,False,False
neutrofília,1,1,1,D7289,D,False,False,False
neutropenia febril 1,1,1,1,28803,2,False,False,False
nistagmus congénito,1,1,1,H5501,H,False,False,False
niña,1,1,1,V270,V,False,False,False
niño,1,1,1,V270,V,False,False,False
no desea Lactancia,1,1,1,O925,O,False,False,False
nodulo mama,1,1,1,61172,6,False,False,False
nodulo tiroideo,1,1,1,E041,E,False,False,False
nodulo tiroideo parto,1,1,1,O99284,O,False,False,False
nounat,1,1,1,Z370,Z,False,False,False
npp,1,1,1,O621,O,False,False,False
nutricion enteral por sng,1,1,1,3E0G76Z,3,False,False,False
nutricion parenteral,1,1,1,9915,9,False,False,False
nutrición enteral por sonda nasogástrica,1,1,1,3E0G86Z,3,False,False,False
nutrición enteral sng,1,1,1,0DH67UZ,0,False,False,False
nutrición parentera,1,1,1,9915,9,False,False,False
náuseas y vómitos,1,1,1,R112,R,False,False,False
nódulo tiroideo,1,1,1,E041,E,False,False,False
nódulos en cuerdas vocales,1,1,1,J382,J,False,False,False
nódulos tiroideos,1,1,1,2410,2,False,False,False
o NEG,1,1,1,Z6741,Z,False,False,False
o NEGATIVO,1,1,1,Z6741,Z,False,False,False
o Positivo,1,1,1,Z6740,Z,False,False,False
o negtivo,1,1,1,Z6741,Z,False,False,False
o positivo,1,1,1,Z6740,Z,False,False,False
o70.1,1,1,1,O701,O,False,False,False
o700,1,1,1,O700,O,False,False,False
o76,1,1,1,O76,O,False,False,False
o99284,1,1,1,O99284,O,False,False,False
obesidad,1,1,1,E669,E,False,False,False
obesidad anteparto,1,1,1,64913,6,False,False,False
obesidad mórbida,1,1,1,27801,2,False,False,False
obesidad puerperal,1,1,1,E669,E,False,False,False
obesidad-hipoventilación,1,1,1,27803,2,False,False,False
obesitat anteparto,1,1,1,64913,6,False,False,False
obesitat mòrbida,1,1,1,27801,2,False,False,False
obesitat parto,1,1,1,O99214,O,False,False,False
obito fetal,1,1,1,O364XX0,O,False,False,False
obito fetal parto,1,1,1,65641,6,False,False,False
obseidad,1,1,1,27800,2,False,False,False
obstruccio intestina,1,1,1,5609,5,False,False,False
obstruccion intestinal,1,1,1,K56609,K,False,False,False
obstrucción bronquial,1,1,1,J9809,J,False,False,False
obstrucción catater ureter,1,1,1,T83098A,T,False,False,False
oh esporadico,1,1,1,F1011,F,False,False,False
ojo seco,1,1,1,H04129,H,False,False,False
oligoammnios,1,1,1,O4103X0,O,False,False,False
oligoamnios part,1,1,1,O4103X0,O,False,False,False
oligohidramnios,1,1,1,O4103X0,O,False,False,False
oliguria,1,1,1,R34,R,False,False,False
oma,1,1,1,3829,3,False,False,False
omentectomia,1,1,1,0DBU0ZZ,0,False,False,False
omentectomía,1,1,1,544,5,False,False,False
omfalectomia,1,1,1,0WBF0ZZ,0,False,False,False
ondansetron,1,1,1,3E0337Z,3,False,False,False
ondansetrón,1,1,1,3E0337Z,3,False,False,False
ooferectomía derecha,1,1,1,Z90721,Z,False,False,False
ooforectomia,1,1,1,V4577,V,False,False,False
ooforectomia izquierda,1,1,1,Z90721,Z,False,False,False
ooforectomía,1,1,1,V4577,V,False,False,False
ooforectomía derecha,1,1,1,Z90721,Z,False,False,False
ooforitis,1,1,1,N7002,N,False,False,False
org,1,1,1,E8786,E,False,False,False
orquidopexia,1,1,1,625,6,False,False,False
orquidopexia bilateral,1,1,1,0VSC0ZZ,0,False,False,False
orquidopexia bilateral lap,1,1,1,0VSC4ZZ,0,False,False,False
orquidopexia derecha,1,1,1,0VS90ZZ,0,False,False,False
orquidopexia izq,1,1,1,0VSB0ZZ,0,False,False,False
orquidopexia izquierda,1,1,1,0VSB0ZZ,0,False,False,False
orquiectomia,1,1,1,V4577,V,False,False,False
orquiectomia izquierda,1,1,1,0VTB0ZZ,0,False,False,False
orquiepididimitis,1,1,1,N453,N,False,False,False
ortostatismo,1,1,1,I951,I,False,False,False
osea,1,1,1,1985,1,False,False,False
oseas,1,1,1,1985,1,False,False,False
osteoartrosis,1,1,1,M1990,M,False,False,False
osteoma,1,1,1,91800,9,False,False,False
osteomielitis crónica mano,1,1,1,73014,7,False,False,False
osteomielitis maxilar,1,1,1,5264,5,False,False,False
osteonecrosis mandibular,1,1,1,52689,5,False,False,False
osteoporis,1,1,1,73300,7,False,False,False
osteoporosis,1,1,1,M810,M,False,False,False
osteoporótico,1,1,1,73300,7,False,False,False
osteosíntesi,1,1,1,E8781,E,False,False,False
otitis externa,1,1,1,38010,3,False,False,False
otitis externa dreta,1,1,1,38010,3,False,False,False
otitis media aguda,1,1,1,3829,3,False,False,False
otitis media cronica IZQUIERDA,1,1,1,H6692,H,False,False,False
otoesclerosis,1,1,1,H8090,H,False,False,False
otoscopia od,1,1,1,09JH8ZZ,0,False,False,False
otoscòpia,1,1,1,1811,1,False,False,False
otra,1,1,1,E8788,E,False,False,False
ovariectomía derecha,1,1,1,Z90721,Z,False,False,False
ovario poliquístico,1,1,1,2564,2,False,False,False
oxcitocíca,1,1,1,3E033VJ,3,False,False,False
oxigen domiciliario,1,1,1,V462,V,False,False,False
oxigeno domiciliario,1,1,1,Z9981,Z,False,False,False
oxigenoterapia crónica domiciliaria,1,1,1,V462,V,False,False,False
oxigenoterpia,1,1,1,3E0F7SF,3,False,False,False
oxitocica,1,1,1,3E033VJ,3,False,False,False
oxitocina,1,1,1,734,7,False,False,False
oxitocínica,1,1,1,3E033VJ,3,False,False,False
oxitócica,1,1,1,3E033VJ,3,False,False,False
oxígeno,1,1,1,3E0F7SF,3,False,False,False
oxígeno domiciliario,1,1,1,Z9981,Z,False,False,False
padel,1,1,1,Y9373,Y,False,False,False
paf,1,1,1,0JQC0ZZ,0,False,False,False
pam,1,1,1,M317,M,False,False,False
pancreas,1,1,1,5779,5,False,False,False
pancreatitis,1,1,1,5770,5,False,False,False
panhipopituitarismo,1,1,1,E230,E,False,False,False
paniculitis,1,1,1,M793,M,False,False,False
panículo adiposo,1,1,1,E65,E,False,False,False
papiledema,1,1,1,37700,3,False,False,False
papiledema bilateral,1,1,1,H4710,H,False,False,False
papiloma intraductal,1,1,1,85030,8,False,False,False
papiloma mama izquierda,1,1,1,D242,D,False,False,False
paquipleuritis,1,1,1,5110,5,False,False,False
paracentesis,1,1,1,5491,5,False,False,False
paracetamol,1,1,1,9929,9,False,False,False
parada cardiaca,1,1,1,4275,4,False,False,False
parainfluenzae,1,1,1,B348,B,False,False,False
paralisis cerebral,1,1,1,3439,3,False,False,False
paralisis diafragma,1,1,1,J986,J,False,False,False
paralisis facial,1,1,1,3510,3,False,False,False
paratiroidectomía inferior derecha,1,1,1,0GTN0ZZ,0,False,False,False
paratiroidectomía superior izquierda,1,1,1,0689,0,False,False,False
parche hemático,1,1,1,3E0S3GC,3,False,False,False
paresia ESI,1,1,1,G8324,G,False,False,False
paresia facial izquierda,1,1,1,3510,3,False,False,False
parestesia,1,1,1,R202,R,False,False,False
parestesias en extremidades,1,1,1,7820,7,False,False,False
parotiditis,1,1,1,K1120,K,False,False,False
parque,1,1,1,Y92830,Y,False,False,False
part 41,1,1,1,64511,6,False,False,False
part gemelar,1,1,1,65101,6,False,False,False
"parto , 41",1,1,1,O480,O,False,False,False
parto 41,1,1,1,64511,6,False,False,False
parto 42 semanas,1,1,1,O481,O,False,False,False
parto estacionado,1,1,1,O621,O,False,False,False
parto estacionat,1,1,1,O621,O,False,False,False
parto gemelar,1,1,1,65101,6,False,False,False
parto prematuro,1,1,1,O6014X0,O,False,False,False
parto pretermino,1,1,1,64421,6,False,False,False
partos,1,1,1,7359,7,False,False,False
parálisi facial,1,1,1,3510,3,False,False,False
parálisis de Bell,1,1,1,G510,G,False,False,False
patología fetal parto,1,1,1,65581,6,False,False,False
patología psiquiátrica,1,1,1,F99,F,False,False,False
pci,1,1,1,3439,3,False,False,False
pectus excavatum corregido,1,1,1,V1368,V,False,False,False
pediculosi capitis,1,1,1,1320,1,False,False,False
pediculosis capilar,1,1,1,B852,B,False,False,False
pelado de MER,1,1,1,08BF3ZZ,0,False,False,False
pelea,1,1,1,E9600,E,False,False,False
penfingoide,1,1,1,L129,L,False,False,False
penicilina,1,1,1,V140,V,False,False,False
perdida de peso,1,1,1,R634,R,False,False,False
peridural,1,1,1,3E0R3BZ,3,False,False,False
perineorrafia,1,1,1,0WQNXZZ,0,False,False,False
peritoneal,1,1,1,1976,1,False,False,False
peritoneales,1,1,1,1976,1,False,False,False
peritonectomia,1,1,1,544,5,False,False,False
peritonitis purulenta,1,1,1,56729,5,False,False,False
pesario,1,1,1,0UHG7GZ,0,False,False,False
pesario cervical,1,1,1,9618,9,False,False,False
petequial,1,1,1,R233,R,False,False,False
petequias,1,1,1,R233,R,False,False,False
pico febricular,1,1,1,R509,R,False,False,False
pico febril,1,1,1,R509,R,False,False,False
piel atopica,1,1,1,6918,6,False,False,False
piel atópica,1,1,1,L209,L,False,False,False
piel parto,1,1,1,O9972,O,False,False,False
pielografía por nefrostomía,1,1,1,BT1FZZZ,B,False,False,False
pielografía retrógrada,1,1,1,8774,8,False,False,False
pielonefritis aguda,1,1,1,59010,5,False,False,False
pielonefritis aguda derecha,1,1,1,N10,N,False,False,False
pielonefritis aguda rn,1,1,1,P393,P,False,False,False
pielonefritis de repetició,1,1,1,V1302,V,False,False,False
pielonefritisaguda,1,1,1,59010,5,False,False,False
pieloplástia,1,1,1,5587,5,False,False,False
piernas inquietas,1,1,1,33394,3,False,False,False
pionefrosis,1,1,1,N136,N,False,False,False
piosálpinx,1,1,1,6142,6,False,False,False
piperacilina,1,1,1,3E03329,3,False,False,False
pirosis,1,1,1,7871,7,False,False,False
pitiriasis liquenoide,1,1,1,L410,L,False,False,False
pitiriasis versicolor,1,1,1,B360,B,False,False,False
placenta previa,1,1,1,O4403,O,False,False,False
placenta previa hemorragia,1,1,1,64111,6,False,False,False
placenta previa oclusiva total,1,1,1,O4403,O,False,False,False
placenta previa sangrado,1,1,1,O4413,O,False,False,False
placenta retenida,1,1,1,O730,O,False,False,False
plaquetas,1,1,1,30233R1,3,False,False,False
plaquetes,1,1,1,30233R1,3,False,False,False
plasma,1,1,1,9907,9,False,False,False
plasma fresco congelado,1,1,1,30233K1,3,False,False,False
plastia anterior,1,1,1,0JQC0ZZ,0,False,False,False
plastia anterior fascial,1,1,1,0JQC0ZZ,0,False,False,False
pleurales,1,1,1,1972,1,False,False,False
pna gestante,1,1,1,64663,6,False,False,False
pna posparto,1,1,1,N10,N,False,False,False
pneumònia bilobar,1,1,1,J181,J,False,False,False
podalica 1,1,1,1,O328XX1,O,False,False,False
podalica anteparto,1,1,1,65223,6,False,False,False
podàlica,1,1,1,O328XX0,O,False,False,False
podálica 1,1,1,1,O328XX1,O,False,False,False
podálica anteparto,1,1,1,65223,6,False,False,False
podálica rn,1,1,1,P030,P,False,False,False
polhidramnios,1,1,1,65701,6,False,False,False
poliartrosis,1,1,1,M159,M,False,False,False
policitemia espurea,1,1,1,2890,2,False,False,False
policitemia rn,1,1,1,P611,P,False,False,False
policitemia vera,1,1,1,99503,9,False,False,False
policondritis recidivante,1,1,1,M941,M,False,False,False
polidipsia,1,1,1,7835,7,False,False,False
polihidramnios,1,1,1,65701,6,False,False,False
polimiomatoso,1,1,1,88950,8,False,False,False
polineuropatia diabetica 2,1,1,1,25060,2,False,False,False
polineuropatía diabetica,1,1,1,E1142,E,False,False,False
polineuropatía diabética,1,1,1,3572,3,False,False,False
polineuropatía diabética 2,1,1,1,25060,2,False,False,False
polineuropatía dm,1,1,1,3572,3,False,False,False
polip endometrial,1,1,1,N840,N,False,False,False
polipectomia,1,1,1,V1272,V,False,False,False
polipectomia anal,1,1,1,0DBQ8ZZ,0,False,False,False
polipectomia colon,1,1,1,0DBE8ZZ,0,False,False,False
polipectomia por colonoscopia,1,1,1,V1272,V,False,False,False
polipectomía histeroscópica,1,1,1,0UB98ZZ,0,False,False,False
polipeptomia,1,1,1,V1272,V,False,False,False
polipo adenomatoso,1,1,1,82100,8,False,False,False
polipo cuerda vocal,1,1,1,J381,J,False,False,False
polipo gastrico,1,1,1,K317,K,False,False,False
poliposis colónica,1,1,1,2113,2,False,False,False
poliposis endometrial,1,1,1,N840,N,False,False,False
poliquistosis hepatica,1,1,1,Q446,Q,False,False,False
poliquistosis hepatorrenal,1,1,1,Q613,Q,False,False,False
poliquistosis renal del adulto,1,1,1,Q612,Q,False,False,False
politraumatizado,1,1,1,T07XXXA,T,False,False,False
pop,1,1,1,N814,N,False,False,False
porros,1,1,1,F1210,F,False,False,False
port a cath,1,1,1,E8781,E,False,False,False
port-a- cath,1,1,1,8607,8,False,False,False
portador de PEG,1,1,1,Z931,Z,False,False,False
portador de VDVP,1,1,1,V452,V,False,False,False
portador de gastrostomia,1,1,1,Z931,Z,False,False,False
portador de marcapasos,1,1,1,Z950,Z,False,False,False
portadora BRCA1,1,1,1,Z1501,Z,False,False,False
portadora de DIU,1,1,1,Z975,Z,False,False,False
portadora de audífonos,1,1,1,Z974,Z,False,False,False
portadora de colostomía,1,1,1,V443,V,False,False,False
portadora de marcapasos,1,1,1,Z950,Z,False,False,False
post covid,1,1,1,U099,U,False,False,False
postectomía,1,1,1,0VNSXZZ,0,False,False,False
postoperatoria,1,1,1,E8788,E,False,False,False
potomania,1,1,1,R631,R,False,False,False
preclampsia,1,1,1,O1494,O,False,False,False
preclampsia grave,1,1,1,O1414,O,False,False,False
preclampsia leve,1,1,1,O1404,O,False,False,False
preclamsia grave,1,1,1,O1414,O,False,False,False
prednisolona,1,1,1,3E0333Z,3,False,False,False
preeclampsia grave,1,1,1,O1414,O,False,False,False
preeclampsia leve part,1,1,1,O1404,O,False,False,False
preeclampsia leve.,1,1,1,O1404,O,False,False,False
preeclampsia part,1,1,1,O1494,O,False,False,False
preeclampsia parto,1,1,1,O1494,O,False,False,False
preeclampsia puerperal,1,1,1,O1405,O,False,False,False
preeclampsia rn,1,1,1,P000,P,False,False,False
preeclamsia leve,1,1,1,O1404,O,False,False,False
prematura 1500,1,1,1,P0716,P,False,False,False
prematuridad,1,1,1,O6014X0,O,False,False,False
prematuridad 1250,1,1,1,P0715,P,False,False,False
prematuridad 1500,1,1,1,P0716,P,False,False,False
prematuridad 2000,1,1,1,P0718,P,False,False,False
prematuridad 31,1,1,1,P0734,P,False,False,False
prematuridad 33,1,1,1,P0736,P,False,False,False
prematuridad 36,1,1,1,P0739,P,False,False,False
prematuro 33,1,1,1,P0736,P,False,False,False
presencia lio,1,1,1,Z961,Z,False,False,False
presentación fetal transversa,1,1,1,O322XX0,O,False,False,False
presentación transversa,1,1,1,O322XX0,O,False,False,False
presentación transversa 2,1,1,1,66001,6,False,False,False
presentación transversal,1,1,1,65231,6,False,False,False
presincopales,1,1,1,R55,R,False,False,False
presíncope,1,1,1,R55,R,False,False,False
pretermino,1,1,1,64421,6,False,False,False
primigesta de 40,1,1,1,O480,O,False,False,False
primipara,1,1,1,O09513,O,False,False,False
problema familiar,1,1,1,Z639,Z,False,False,False
problemas sociofamiliar,1,1,1,Z639,Z,False,False,False
prodomos,1,1,1,O624,O,False,False,False
prodomos parto,1,1,1,O624,O,False,False,False
profilactica ovario,1,1,1,V5042,V,False,False,False
progresión peritoneal,1,1,1,1976,1,False,False,False
progresión pulmonar,1,1,1,1970,1,False,False,False
prolactinoma,1,1,1,82710,8,False,False,False
prolapso cervical,1,1,1,N812,N,False,False,False
prolapso cistocele,1,1,1,6184,6,False,False,False
prolapso de cordón,1,1,1,66301,6,False,False,False
prolapso de cúpula vaginal,1,1,1,N993,N,False,False,False
prolapso genital cistocele,1,1,1,6184,6,False,False,False
prolapso genital. Cistocele,1,1,1,N814,N,False,False,False
prolapso uteri,1,1,1,6181,6,False,False,False
prolapso uterino,1,1,1,N814,N,False,False,False
propess,1,1,1,3E0P7VZ,3,False,False,False
prostaglandinas,1,1,1,3E0P7VZ,3,False,False,False
prostanglandinas,1,1,1,3E0P7VZ,3,False,False,False
prostatectomia,1,1,1,V4577,V,False,False,False
prostatectomía,1,1,1,Z9079,Z,False,False,False
protesi mamária,1,1,1,Z9882,Z,False,False,False
protesis biológica,1,1,1,Z953,Z,False,False,False
protesis de cadera,1,1,1,Z96649,Z,False,False,False
protesis de mamas,1,1,1,Z9882,Z,False,False,False
protesis esofágica,1,1,1,4281,4,False,False,False
protesis mamarias,1,1,1,Z9882,Z,False,False,False
protesis mamàries,1,1,1,Z9882,Z,False,False,False
protesis rodilla izquierda,1,1,1,V4365,V,False,False,False
protesis valvula aòrtica,1,1,1,V433,V,False,False,False
proteus mirabilis,1,1,1,B964,B,False,False,False
protrusión discal C5-C6,1,1,1,M50222,M,False,False,False
protésica aórtica,1,1,1,Z952,Z,False,False,False
prtoesis mama,1,1,1,Z9882,Z,False,False,False
prurito,1,1,1,L299,L,False,False,False
próstesis de cadera,1,1,1,V4364,V,False,False,False
próteisis de cadera izquierda,1,1,1,Z96642,Z,False,False,False
prótesis,1,1,1,8553,8,False,False,False
prótesis biológica aórtica,1,1,1,Z953,Z,False,False,False
prótesis cadera izquierda,1,1,1,Z96642,Z,False,False,False
prótesis de cadera derecha,1,1,1,Z96641,Z,False,False,False
prótesis de rodilla,1,1,1,Z96659,Z,False,False,False
prótesis de rodilla bilateral,1,1,1,Z96653,Z,False,False,False
prótesis de rodilla izquierda,1,1,1,Z96652,Z,False,False,False
prótesis mama,1,1,1,Z9882,Z,False,False,False
prótesis mama derecha,1,1,1,0HRT0JZ,0,False,False,False
prótesis mecánica aortica,1,1,1,Z952,Z,False,False,False
prótesis rodilla,1,1,1,V4365,V,False,False,False
prótesis rodilla bilateral,1,1,1,Z96653,Z,False,False,False
prótesis rodilla izquierda,1,1,1,Z96652,Z,False,False,False
prótesis total de cadera derecha,1,1,1,Z96641,Z,False,False,False
psicótica,1,1,1,F29,F,False,False,False
psiquiatrica,1,1,1,F99,F,False,False,False
psoriasi,1,1,1,6961,6,False,False,False
psoriasis,1,1,1,6961,6,False,False,False
psoriasis guttata parto,1,1,1,O9972,O,False,False,False
psoriasis parto,1,1,1,L409,L,False,False,False
ptc,1,1,1,Z96649,Z,False,False,False
ptc izq no cementada,1,1,1,0SRB0JA,0,False,False,False
pti part,1,1,1,D693,D,False,False,False
ptosis mama,1,1,1,N6481,N,False,False,False
ptr,1,1,1,V4365,V,False,False,False
ptr bilateral,1,1,1,Z96653,Z,False,False,False
ptr der,1,1,1,Z96651,Z,False,False,False
ptr izda,1,1,1,V4365,V,False,False,False
ptr izq,1,1,1,0SRD0J9,0,False,False,False
ptr izquierda cementada,1,1,1,0SRD0J9,0,False,False,False
pucion qx,1,1,1,9982,9,False,False,False
pueperio,1,1,1,Z390,Z,False,False,False
puerpera,1,1,1,Z390,Z,False,False,False
puerperal,1,1,1,64894,6,False,False,False
puncion dural posparto,1,1,1,O746,O,False,False,False
puncion folicular,1,1,1,0UDN3ZZ,0,False,False,False
puncion qx,1,1,1,9982,9,False,False,False
punción dural accidental,1,1,1,34931,3,False,False,False
punción folicular,1,1,1,0UDN3ZZ,0,False,False,False
puérpera,1,1,1,Z390,Z,False,False,False
puñetazos,1,1,1,Y040XXA,Y,False,False,False
péctus carinatum,1,1,1,Q677,Q,False,False,False
pérdida de bienestar fetal,1,1,1,O3693X0,O,False,False,False
pérdida de consciencia,1,1,1,R55,R,False,False,False
pérdida de peso,1,1,1,R634,R,False,False,False
pérdidas digestivas,1,1,1,K922,K,False,False,False
pérdidas gastrointestinales,1,1,1,K529,K,False,False,False
pólipo cervical,1,1,1,N841,N,False,False,False
pólipo cervix parto,1,1,1,N841,N,False,False,False
pólipo colon,1,1,1,K635,K,False,False,False
pólipo endocervical,1,1,1,N841,N,False,False,False
pólipo endometrial,1,1,1,0UB98ZZ,0,False,False,False
pólipo uterino,1,1,1,N840,N,False,False,False
pólipo vesicular,1,1,1,5756,5,False,False,False
pólipos colon,1,1,1,K635,K,False,False,False
pólipos endometrial,1,1,1,0UB98ZZ,0,False,False,False
póliposis nasal,1,1,1,4710,4,False,False,False
quadre catarral,1,1,1,J00,J,False,False,False
queilorrafia,1,1,1,2754,2,False,False,False
queloides,1,1,1,L910,L,False,False,False
quemadura 2 Cuello,1,1,1,T2027XA,T,False,False,False
quemadura 2 cara,1,1,1,T2020XA,T,False,False,False
quemadura 2 muslo derecho,1,1,1,T24211A,T,False,False,False
quemadura 3 antebrazo derecho,1,1,1,T22311A,T,False,False,False
quemadura 3 codo izq,1,1,1,T22322A,T,False,False,False
quemadura antebrazo izquierdo,1,1,1,0JBH0ZZ,0,False,False,False
quemadura dorso mano derecha,1,1,1,0JBJ0ZZ,0,False,False,False
quemadura dorso mano izquierda,1,1,1,0JBK0ZZ,0,False,False,False
quemadura mano izquierda,1,1,1,0JBK0ZZ,0,False,False,False
quemadura muslo derecho,1,1,1,0JBL0ZZ,0,False,False,False
quemadura muslo izquierdo,1,1,1,0JBM0ZZ,0,False,False,False
quemadura pie izquierdo,1,1,1,0JBR0ZZ,0,False,False,False
quemadura pierna derecha,1,1,1,0JBN0ZZ,0,False,False,False
quemaduras 2 cara,1,1,1,T2020XA,T,False,False,False
queratosis actínica,1,1,1,7020,7,False,False,False
queratosis seborreica pigmentada,1,1,1,L821,L,False,False,False
quimioterapia historia,1,1,1,Z9221,Z,False,False,False
quimioterapico,1,1,1,9925,9,False,False,False
quimioteràpia,1,1,1,E9331,E,False,False,False
quimioteràpic,1,1,1,9925,9,False,False,False
quimioterápia,1,1,1,E9331,E,False,False,False
quinta enfermedad,1,1,1,0570,0,False,False,False
quiste Bartholino,1,1,1,6162,6,False,False,False
quiste anexiales bilateral,1,1,1,N83202,N,False,False,False
quiste aracnoidea,1,1,1,G930,G,False,False,False
quiste cortical,1,1,1,N281,N,False,False,False
quiste de Naboth,1,1,1,6160,6,False,False,False
quiste de bartholino sobreinfectado,1,1,1,N750,N,False,False,False
quiste dermoide,1,1,1,7062,7,False,False,False
quiste folicular,1,1,1,6200,6,False,False,False
quiste folicular ovario,1,1,1,6200,6,False,False,False
quiste hemorrágico ovario izquierdo,1,1,1,N83202,N,False,False,False
quiste hepatic,1,1,1,5738,5,False,False,False
quiste hepatico,1,1,1,K7689,K,False,False,False
quiste hepàtica,1,1,1,5738,5,False,False,False
quiste luteo ovario,1,1,1,6201,6,False,False,False
quiste ovari,1,1,1,6202,6,False,False,False
quiste ovari part,1,1,1,65441,6,False,False,False
quiste ovarica,1,1,1,6202,6,False,False,False
quiste ovarico,1,1,1,N83209,N,False,False,False
quiste ovario Derecha,1,1,1,N83201,N,False,False,False
quiste ovario anteparto,1,1,1,65443,6,False,False,False
quiste pancreas,1,1,1,K862,K,False,False,False
quiste paratubarico,1,1,1,6208,6,False,False,False
quiste paratubárico,1,1,1,N838,N,False,False,False
quiste pulmonar,1,1,1,51889,5,False,False,False
quiste tirogloso,1,1,1,067,0,False,False,False
quiste tubarico,1,1,1,6208,6,False,False,False
quiste vagina,1,1,1,N898,N,False,False,False
quiste vaginal,1,1,1,6238,6,False,False,False
quistectomia ovario,1,1,1,6529,6,False,False,False
quistectomia ovario izq,1,1,1,0UB10ZZ,0,False,False,False
quistes Hígado,1,1,1,K7689,K,False,False,False
quistes foliculares Ovarios derecho,1,1,1,N8301,N,False,False,False
quistes hepaticos,1,1,1,K7689,K,False,False,False
quistes hepáticas,1,1,1,K7689,K,False,False,False
quistes parapiélicos,1,1,1,N281,N,False,False,False
quistes paratubáricos,1,1,1,N838,N,False,False,False
quistes pulmonares,1,1,1,J984,J,False,False,False
quistes renal derecho,1,1,1,N281,N,False,False,False
quistes renales,1,1,1,5932,5,False,False,False
quistes riñones,1,1,1,N281,N,False,False,False
quistes sinusales renales,1,1,1,N281,N,False,False,False
rTU,1,1,1,Z906,Z,False,False,False
rUBEOLA NO INMUNE,1,1,1,Z228,Z,False,False,False
radiculopatia sacra,1,1,1,M5418,M,False,False,False
radiculopatía lumbar,1,1,1,M5416,M,False,False,False
radiografia calcaneo izquierdo,1,1,1,BQ0KZZZ,B,False,False,False
radiografia de abdomen,1,1,1,BW00ZZZ,B,False,False,False
radiografia de tòrax,1,1,1,BW03ZZZ,B,False,False,False
radiografia de tórax,1,1,1,BW03ZZZ,B,False,False,False
radiografia perone derechol,1,1,1,BQ0GZZZ,B,False,False,False
radiografia rodilla bilateral,1,1,1,BQ07ZZZ,B,False,False,False
radiografía cervical,1,1,1,BR00ZZZ,B,False,False,False
radiografía de abdomen,1,1,1,BW00ZZZ,B,False,False,False
radiografía de torax,1,1,1,BW03ZZZ,B,False,False,False
radiografía de tòrax,1,1,1,BW03ZZZ,B,False,False,False
radiografía de tórax.,1,1,1,BW03ZZZ,B,False,False,False
radiografías cervicales,1,1,1,BR00ZZZ,B,False,False,False
radioterápia,1,1,1,E8792,E,False,False,False
rafi RADIO DISTAL DERECHO,1,1,1,0PSH04Z,0,False,False,False
rafi cubito izquierdo,1,1,1,0PSL04Z,0,False,False,False
rafi mandibula,1,1,1,7676,7,False,False,False
rafi mandibular,1,1,1,7676,7,False,False,False
rafi radio izquierdo,1,1,1,0PSJ04Z,0,False,False,False
rafi tobillo,1,1,1,7936,7,False,False,False
rafi tobllo derecho,1,1,1,0SSF04Z,0,False,False,False
ram,1,1,1,10907ZC,1,False,False,False
rao,1,1,1,78820,7,False,False,False
rao postparto,1,1,1,O9089,O,False,False,False
rash,1,1,1,L271,L,False,False,False
raynaud,1,1,1,I7300,I,False,False,False
rciu,1,1,1,O365930,O,False,False,False
rciu 1,1,1,1,O365931,O,False,False,False
rciu 2,1,1,1,O365932,O,False,False,False
rciu anteparto,1,1,1,65633,6,False,False,False
rciu rn,1,1,1,P059,P,False,False,False
re ++,1,1,1,Z170,Z,False,False,False
re negativo,1,1,1,Z171,Z,False,False,False
re-,1,1,1,V860,V,False,False,False
recambio de JJ derecho,1,1,1,Z466,Z,False,False,False
recambio de catéter ureteral,1,1,1,Z466,Z,False,False,False
recambio de expansor mamario,1,1,1,V524,V,False,False,False
recambio protesis mama izquierda,1,1,1,Z45812,Z,False,False,False
recambio valvular,1,1,1,Z952,Z,False,False,False
rechazo de la ingesta,1,1,1,R633,R,False,False,False
recién nacido,1,1,1,V270,V,False,False,False
recién nacido muerto,1,1,1,Z371,Z,False,False,False
reconstruccion mama,1,1,1,8570,8,False,False,False
reconstrucción mamaria inmediata con expansor,1,1,1,4051,4,False,False,False
reconversión a laparotomía,1,1,1,Z5331,Z,False,False,False
reconvierte a laparotómica,1,1,1,Z5331,Z,False,False,False
rectocele,1,1,1,61804,6,False,False,False
rectorragia,1,1,1,5693,5,False,False,False
rectorragia/hematoquecia,1,1,1,K625,K,False,False,False
rectorragias,1,1,1,5693,5,False,False,False
rectoscòpia,1,1,1,4823,4,False,False,False
reduccion cerrada radio,1,1,1,7902,7,False,False,False
reduccion fractura humer,1,1,1,7901,7,False,False,False
reduccion mama unilateral,1,1,1,8531,8,False,False,False
reducción cerrada radio derecho,1,1,1,0PSHXZZ,0,False,False,False
reducción fetal,1,1,1,O3133X0,O,False,False,False
reducción mam,1,1,1,8531,8,False,False,False
reflujo gastoesofagico,1,1,1,K219,K,False,False,False
reflujo gastro esofágico,1,1,1,K219,K,False,False,False
reflujo gastroesofagico,1,1,1,53081,5,False,False,False
reflujo gastroesofágico,1,1,1,K219,K,False,False,False
reflujo gastroesofágico parto,1,1,1,O9962,O,False,False,False
reflujo vesicoureteral congenito,1,1,1,75329,7,False,False,False
reflujo vesicoureteral grado,1,1,1,N1371,N,False,False,False
registro cardiotocográfico no tranquilizador,1,1,1,O76,O,False,False,False
registro patológico fetal parto,1,1,1,65971,6,False,False,False
registro poco tranquilizador,1,1,1,O76,O,False,False,False
regularización meniscal der,1,1,1,0SBC4ZZ,0,False,False,False
regularización meniscal izq,1,1,1,0SBD4ZZ,0,False,False,False
reimplante ureteral,1,1,1,5674,5,False,False,False
relajacion cicactriz,1,1,1,8684,8,False,False,False
relaparotomia,1,1,1,5412,5,False,False,False
relaparotomía,1,1,1,5412,5,False,False,False
renal parto,1,1,1,64621,6,False,False,False
rentat nasal,1,1,1,3E1978Z,3,False,False,False
reparacion HIPOSPADIAS,1,1,1,0TSD0ZZ,0,False,False,False
resbalar,1,1,1,E8859,E,False,False,False
reseccion de recto-sigma,1,1,1,4869,4,False,False,False
reseccion ileocecal,1,1,1,Z9049,Z,False,False,False
reseccion vagina,1,1,1,7033,7,False,False,False
resecciones intestinales,1,1,1,Z9049,Z,False,False,False
resección de Rectosigma,1,1,1,4869,4,False,False,False
resección de sigma,1,1,1,V4572,V,False,False,False
resección ileocecal,1,1,1,0DTC0ZZ,0,False,False,False
resección intestinal,1,1,1,Z9049,Z,False,False,False
resección intestino,1,1,1,V4572,V,False,False,False
resección pulmonar,1,1,1,Z902,Z,False,False,False
resección recto,1,1,1,Z9049,Z,False,False,False
resección transuretral de próstata,1,1,1,0VT08ZZ,0,False,False,False
resección transuretral de tumor vesical,1,1,1,0TBB8ZZ,0,False,False,False
restos abortivos,1,1,1,O021,O,False,False,False
restos aborto,1,1,1,O034,O,False,False,False
restos ovulares,1,1,1,O034,O,False,False,False
restos placentarios,1,1,1,O730,O,False,False,False
restos puerperales,1,1,1,O731,O,False,False,False
restrenyiment,1,1,1,K5900,K,False,False,False
restreñimiento,1,1,1,K5900,K,False,False,False
retard ponderal,1,1,1,R6251,R,False,False,False
retard psicomotor,1,1,1,3079,3,False,False,False
retencion urinaria aguda,1,1,1,78820,7,False,False,False
retención aguda de orina,1,1,1,R339,R,False,False,False
retención de placenta,1,1,1,O730,O,False,False,False
retención de restos placentarios,1,1,1,O720,O,False,False,False
retención urinaria,1,1,1,78820,7,False,False,False
retinopat dm,1,1,1,25050,2,False,False,False
retinopatía diabética,1,1,1,E113299,E,False,False,False
retinopatía dm 1,1,1,1,E103299,E,False,False,False
retirada DIU,1,1,1,0UPD7HZ,0,False,False,False
retirada PROTESIS MAMA izq,1,1,1,0HPU0JZ,0,False,False,False
retirada de DIU,1,1,1,Z30432,Z,False,False,False
retirada de Port-a-Cath,1,1,1,8605,8,False,False,False
retirada de doble J,1,1,1,V536,V,False,False,False
retirada diu,1,1,1,9771,9,False,False,False
retirada doble j,1,1,1,Z466,Z,False,False,False
retirada dvp,1,1,1,00P600Z,0,False,False,False
retirada port-a-cath,1,1,1,0JPT0XZ,0,False,False,False
retirar cerclaje cervical,1,1,1,0UPD8JZ,0,False,False,False
retraso cognitivo,1,1,1,F068,F,False,False,False
retraso de crecimiento intrauterino,1,1,1,O365930,O,False,False,False
retraso de crecimineto intrauterino,1,1,1,O365930,O,False,False,False
retraso estatura,1,1,1,78343,7,False,False,False
retraso menstrual,1,1,1,N938,N,False,False,False
retraso ponderal,1,1,1,78341,7,False,False,False
retraso pondoestatural,1,1,1,R6251,R,False,False,False
"retraso psicomotor,",1,1,1,R41843,R,False,False,False
retraso puberal,1,1,1,E300,E,False,False,False
reumatismo palindrómico,1,1,1,M1230,M,False,False,False
revisio traqueostomia,1,1,1,V550,V,False,False,False
revision nefrostomia,1,1,1,5593,5,False,False,False
revisión manual de cavidad,1,1,1,0UJD7ZZ,0,False,False,False
revisión manual de cavidad uterina,1,1,1,0UJD7ZZ,0,False,False,False
rge parto,1,1,1,O9962,O,False,False,False
riesgo social,1,1,1,Z658,Z,False,False,False
rigidez articular,1,1,1,71958,7,False,False,False
rinitis,1,1,1,J310,J,False,False,False
rinitis alérgica,1,1,1,4779,4,False,False,False
rinitis alérgica part,1,1,1,J309,J,False,False,False
rinitis alérgica parto,1,1,1,O9952,O,False,False,False
rinitis atópicas,1,1,1,J309,J,False,False,False
riñones (quistes,1,1,1,N281,N,False,False,False
rm lumbar,1,1,1,BR39ZZZ,B,False,False,False
rmn cerebro,1,1,1,B030ZZZ,B,False,False,False
rn 2,1,1,1,V272,V,False,False,False
rn 3,1,1,1,V275,V,False,False,False
rn mort,1,1,1,Z371,Z,False,False,False
rn muerta,1,1,1,V271,V,False,False,False
rn2,1,1,1,V272,V,False,False,False
robot,1,1,1,8E0W4CZ,8,False,False,False
robótica,1,1,1,8E0W4CZ,8,False,False,False
robótica lap,1,1,1,8E0W4CZ,8,False,False,False
robótico lap,1,1,1,1742,1,False,False,False
rosácea,1,1,1,6953,6,False,False,False
rotura artificial membranes,1,1,1,10907ZC,1,False,False,False
rotura de cordón umbilical,1,1,1,O6989X0,O,False,False,False
rotura de cuerno posterior de menisco interno izquierdo,1,1,1,M23222,M,False,False,False
rotura de la bolsa,1,1,1,O4292,O,False,False,False
rotura de membranas prematur,1,1,1,O42913,O,False,False,False
rotura espontanea de membranas 1,1,1,1,O4202,O,False,False,False
rotura espontánea de membranas 1,1,1,1,O4202,O,False,False,False
rotura prematura de membranas 1,1,1,1,O4202,O,False,False,False
rotura prematura de membranas 2,1,1,1,O4212,O,False,False,False
rpbf,1,1,1,65681,6,False,False,False
rpm,1,1,1,O4292,O,False,False,False
rpm 2,1,1,1,O4212,O,False,False,False
rpm pp 1,1,1,1,O42013,O,False,False,False
rpm pp 2,1,1,1,O42113,O,False,False,False
rpm rn,1,1,1,P011,P,False,False,False
rtu próstata,1,1,1,0VB08ZZ,0,False,False,False
rtu vejiga,1,1,1,Z906,Z,False,False,False
rtu vesical,1,1,1,5749,5,False,False,False
rtu vesical lap,1,1,1,0TBB4ZZ,0,False,False,False
rtup,1,1,1,0VB08ZZ,0,False,False,False
ruptura artificial membranas,1,1,1,10907ZC,1,False,False,False
ruptura de cordón umbilical,1,1,1,O6989X0,O,False,False,False
ruptura prematura de membranas 1,1,1,1,O4202,O,False,False,False
rx TORAX,1,1,1,BW03ZZZ,B,False,False,False
rx abdomen,1,1,1,BW00ZZZ,B,False,False,False
rx abdominal,1,1,1,BW00ZZZ,B,False,False,False
rx de tórax,1,1,1,BW03ZZZ,B,False,False,False
rx femur der,1,1,1,BQ03ZZZ,B,False,False,False
rx humero derecho,1,1,1,BP0AZZZ,B,False,False,False
rx tobillo izq,1,1,1,BQ0HZZZ,B,False,False,False
rx torax,1,1,1,8744,8,False,False,False
rx tórax,1,1,1,BW03ZZZ,B,False,False,False
s. agalactiae,1,1,1,B951,B,False,False,False
sacroilitis,1,1,1,M461,M,False,False,False
salpingectomía geu izq lap,1,1,1,0UT64ZZ,0,False,False,False
salpingitis,1,1,1,N7093,N,False,False,False
salpingitis aguda,1,1,1,N7001,N,False,False,False
salpinguectomia bilateral,1,1,1,0UT70ZZ,0,False,False,False
salpinguectomia bilateral laparoscopia,1,1,1,0UT74ZZ,0,False,False,False
salpinguectomia geu izq lap,1,1,1,10T24ZZ,1,False,False,False
salpinguectomia izquierda,1,1,1,664,6,False,False,False
salpinguectomía bilateral,1,1,1,0UT70ZZ,0,False,False,False
salpinguectomía derecha,1,1,1,0UT50ZZ,0,False,False,False
salpinguectomía geu izq lap,1,1,1,10T24ZZ,1,False,False,False
salpinguectomía izquerda,1,1,1,664,6,False,False,False
sangrado PUERPERIO,1,1,1,O721,O,False,False,False
sangrado PUERPERIo,1,1,1,O721,O,False,False,False
sangrado menstrual,1,1,1,N938,N,False,False,False
sangrado menstrual abundante,1,1,1,N920,N,False,False,False
sangrado part,1,1,1,O679,O,False,False,False
sangrado posparto,1,1,1,O721,O,False,False,False
sangrado postconización,1,1,1,N99820,N,False,False,False
sangrado postquirúrgico,1,1,1,99811,9,False,False,False
sangrado pp,1,1,1,O721,O,False,False,False
sangrado puerperal,1,1,1,O721,O,False,False,False
sangrado pulmonar,1,1,1,78630,7,False,False,False
sangrado uterino anormal,1,1,1,N938,N,False,False,False
sangrado vaginal,1,1,1,N939,N,False,False,False
sarcoidosis parto,1,1,1,D869,D,False,False,False
sarcoma uterino,1,1,1,179,1,False,False,False
sarcopenia,1,1,1,M6284,M,False,False,False
sarna,1,1,1,B86,B,False,False,False
sat,1,1,1,J9601,J,False,False,False
sd Sjögren,1,1,1,M3500,M,False,False,False
sd ansioso depresivo,1,1,1,F418,F,False,False,False
sd confusional,1,1,1,F05,F,False,False,False
sd constitucional,1,1,1,R634,R,False,False,False
sd de Marfan,1,1,1,75982,7,False,False,False
sd intestino irritable,1,1,1,K589,K,False,False,False
sd metabolic,1,1,1,2777,2,False,False,False
sd miccional,1,1,1,78869,7,False,False,False
sdme de fatiga cronica,1,1,1,R5382,R,False,False,False
sdr subacromial,1,1,1,72610,7,False,False,False
se extrae cerclaje cervical,1,1,1,0UPD7DZ,0,False,False,False
se extrae coagulo,1,1,1,10D17Z9,1,False,False,False
secuela Afasia,1,1,1,43811,4,False,False,False
secuela accident,1,1,1,X58XXXS,X,False,False,False
secuela accidente,1,1,1,X58XXXS,X,False,False,False
secuela fractura femur,1,1,1,9054,9,False,False,False
secuelas avc,1,1,1,43889,4,False,False,False
secuestrectomia maxilar,1,1,1,7601,7,False,False,False
secundaria a diureticos,1,1,1,T502X5A,T,False,False,False
sedante,1,1,1,3E033NZ,3,False,False,False
sedantes,1,1,1,3E033NZ,3,False,False,False
semana 40,1,1,1,O480,O,False,False,False
semana 41,1,1,1,O480,O,False,False,False
sepsi,1,1,1,99591,9,False,False,False
seroma cesarea,1,1,1,O902,O,False,False,False
seroma en cicatriz de cesarea,1,1,1,O902,O,False,False,False
seroma postquirúrgico,1,1,1,L7634,L,False,False,False
serum,1,1,1,3E0337Z,3,False,False,False
serumteràpia,1,1,1,9918,9,False,False,False
sesiones de hemodiálisis,1,1,1,5A1D70Z,5,False,False,False
setón,1,1,1,4973,4,False,False,False
sgb 2,1,1,1,64891,6,False,False,False
sgb part,1,1,1,O99824,O,False,False,False
shock,1,1,1,R579,R,False,False,False
shock hipovolémico,1,1,1,R571,R,False,False,False
shock septico 2,1,1,1,99592,9,False,False,False
shock séptico,1,1,1,78552,7,False,False,False
shock séptico 1,1,1,1,0389,0,False,False,False
shock tóxico estreptocóccico,1,1,1,A483,A,False,False,False
sialodenitis cronica,1,1,1,5272,5,False,False,False
sigmoidectomia,1,1,1,V4572,V,False,False,False
sigmoidectomía,1,1,1,Z9049,Z,False,False,False
silla de ruedas,1,1,1,Z993,Z,False,False,False
sincopal,1,1,1,R55,R,False,False,False
sindrome Lynch,1,1,1,Z1509,Z,False,False,False
sindrome confusional,1,1,1,F05,F,False,False,False
sindrome de Brugada,1,1,1,I498,I,False,False,False
sindrome del tunel carpiano,1,1,1,G5600,G,False,False,False
sindrome depresivo,1,1,1,311,3,False,False,False
sindrome derpesivo part,1,1,1,O99344,O,False,False,False
sinovitis rodilla izq,1,1,1,M65862,M,False,False,False
sintomatología respiratoria,1,1,1,J988,J,False,False,False
sintrom,1,1,1,Z7901,Z,False,False,False
sinus pilonidal sacro,1,1,1,L0592,L,False,False,False
sinusitis aguda,1,1,1,4619,4,False,False,False
sinusitis bilateral,1,1,1,4610,4,False,False,False
sinusitis etmoidal crónica,1,1,1,4732,4,False,False,False
sinusitis maxilar,1,1,1,4730,4,False,False,False
sinusits,1,1,1,J329,J,False,False,False
sinusotomia frontal bilateral,1,1,1,099T4ZZ,0,False,False,False
situación transversa,1,1,1,O322XX0,O,False,False,False
sjogren,1,1,1,M3500,M,False,False,False
sleeve gástrico,1,1,1,Z9884,Z,False,False,False
sma,1,1,1,N920,N,False,False,False
sme ansioso,1,1,1,30000,3,False,False,False
sobrecarga hídrica,1,1,1,E8770,E,False,False,False
sobreinfeccio respiratoria,1,1,1,5198,5,False,False,False
sobreinfección,1,1,1,J988,J,False,False,False
sobreinfección respiratoria,1,1,1,5198,5,False,False,False
sobreinfecciónrespiratoria,1,1,1,5198,5,False,False,False
sobrepeso,1,1,1,E663,E,False,False,False
somnolencia,1,1,1,R400,R,False,False,False
sonda,1,1,1,Z960,Z,False,False,False
sonda nasogàstrica,1,1,1,0D9670Z,0,False,False,False
sonda rectal,1,1,1,0D9P70Z,0,False,False,False
sonda uretral,1,1,1,0T9D70Z,0,False,False,False
sonda vesical permanente,1,1,1,0T9B70Z,0,False,False,False
sondaje gástrico,1,1,1,3E0G76Z,3,False,False,False
sondaje gástrico rn,1,1,1,3E0G76Z,3,False,False,False
sondaje nasogástrico,1,1,1,0D9670Z,0,False,False,False
sondaje urinario,1,1,1,0T9B7ZZ,0,False,False,False
sondaje vesical con sonda,1,1,1,0T9B70Z,0,False,False,False
sondaje vesical evacuador,1,1,1,0T9B7ZZ,0,False,False,False
sondaje vesical permanente,1,1,1,0T9B70Z,0,False,False,False
sondaje vesical.,1,1,1,0T9B70Z,0,False,False,False
sondatge vesical,1,1,1,0T9B70Z,0,False,False,False
sop,1,1,1,E282,E,False,False,False
sop parto,1,1,1,E282,E,False,False,False
soplo sistólico,1,1,1,R011,R,False,False,False
sordera,1,1,1,H9193,H,False,False,False
sordera neurosensorial,1,1,1,H905,H,False,False,False
sospecha de perdida de bienestar fetal,1,1,1,65681,6,False,False,False
sospecha de pérdida de bienestar fetal,1,1,1,65681,6,False,False,False
sospechosa de pérdida de bienestar fetal,1,1,1,O3693X0,O,False,False,False
sospechoso de pérdida de bienestar fetal,1,1,1,65681,6,False,False,False
stc,1,1,1,G5600,G,False,False,False
stc d,1,1,1,01N50ZZ,0,False,False,False
stents farmacoactivos,1,1,1,V4582,V,False,False,False
stp`,1,1,1,3E0337Z,3,False,False,False
stres,1,1,1,F439,F,False,False,False
strip I,1,1,1,O700,O,False,False,False
sua,1,1,1,N938,N,False,False,False
suboclusión intestial,1,1,1,5609,5,False,False,False
suboclusión intestinal,1,1,1,K56690,K,False,False,False
suero fisiológico,1,1,1,3E0337Z,3,False,False,False
suero glucosado,1,1,1,3E0337Z,3,False,False,False
sueros,1,1,1,3E0337Z,3,False,False,False
sueroterapia,1,1,1,3E0337Z,3,False,False,False
sueroteràpia endovenosa,1,1,1,9918,9,False,False,False
sueroterápia,1,1,1,3E0337Z,3,False,False,False
sufrimiento fetal agudo,1,1,1,65631,6,False,False,False
sufrimiento fetal parto,1,1,1,65631,6,False,False,False
suicidio paracetamol,1,1,1,T391X2A,T,False,False,False
sulfamides,1,1,1,V142,V,False,False,False
supradosificación de sintrom,1,1,1,T45515A,T,False,False,False
sutura,1,1,1,8659,8,False,False,False
sutura clitoris,1,1,1,0UQJXZZ,0,False,False,False
sutura desgarro 1,1,1,1,7569,7,False,False,False
sutura desgarro vaginal,1,1,1,0UQGXZZ,0,False,False,False
sutura episiotomía,1,1,1,0HQ9XZZ,0,False,False,False
sutura ileo,1,1,1,4673,4,False,False,False
sutura intestino delgado,1,1,1,4673,4,False,False,False
sutura llavi,1,1,1,2751,2,False,False,False
sutura nervio,1,1,1,043,0,False,False,False
sutura peritoneo,1,1,1,0DQW0ZZ,0,False,False,False
sutura piel cara,1,1,1,0HQ1XZZ,0,False,False,False
sutura uretral,1,1,1,0TQD7ZZ,0,False,False,False
sutura vaginal,1,1,1,0UQGXZZ,0,False,False,False
sutura vesica,1,1,1,0TQB0ZZ,0,False,False,False
sutura vesical,1,1,1,0TQB0ZZ,0,False,False,False
suturó cornea,1,1,1,1151,1,False,False,False
suturó escleral,1,1,1,1281,1,False,False,False
sícope vagal,1,1,1,R55,R,False,False,False
síncope vasovagal,1,1,1,R55,R,False,False,False
síncopes,1,1,1,R55,R,False,False,False
síndorme confusional agudo,1,1,1,F05,F,False,False,False
síndrome ansioso,1,1,1,F419,F,False,False,False
síndrome ansioso depresivo,1,1,1,3004,3,False,False,False
síndrome ansioso depresivo parto,1,1,1,3004,3,False,False,False
síndrome ansioso-depresivo,1,1,1,3004,3,False,False,False
síndrome ansioso-depresivo parto,1,1,1,O99344,O,False,False,False
síndrome antifosfolípido parto,1,1,1,O9912,O,False,False,False
síndrome confusional,1,1,1,F05,F,False,False,False
síndrome de Dravet,1,1,1,G40409,G,False,False,False
síndrome de Dumping,1,1,1,K911,K,False,False,False
síndrome de Hellp,1,1,1,O1424,O,False,False,False
síndrome de Raynaud,1,1,1,4430,4,False,False,False
síndrome de Sturge-Weber,1,1,1,Q858,Q,False,False,False
síndrome de fatiga crónica,1,1,1,78071,7,False,False,False
síndrome de lisis tumoral,1,1,1,27788,2,False,False,False
síndrome del manguito de los rotadores,1,1,1,M75100,M,False,False,False
síndrome depresivo,1,1,1,F32A,F,False,False,False
síndrome depresivo part,1,1,1,O99344,O,False,False,False
síndrome febril,1,1,1,R509,R,False,False,False
síndrome seco,1,1,1,M3500,M,False,False,False
taC craneal,1,1,1,B020ZZZ,B,False,False,False
tabac,1,1,1,F17210,F,False,False,False
tabaquismo,1,1,1,F17210,F,False,False,False
tabaquismo parto,1,1,1,F17210,F,False,False,False
tabáquico,1,1,1,F17210,F,False,False,False
tac Craneal,1,1,1,B020ZZZ,B,False,False,False
tac abdominal,1,1,1,8801,8,False,False,False
tac cerebro,1,1,1,B020ZZZ,B,False,False,False
tac craneal,1,1,1,B020ZZZ,B,False,False,False
tac toraco-abdominal,1,1,1,BW24ZZZ,B,False,False,False
tac torax,1,1,1,BW24ZZZ,B,False,False,False
talasemia minor part,1,1,1,D563,D,False,False,False
talasemia minor parto,1,1,1,D563,D,False,False,False
talassemia minor part,1,1,1,O9902,O,False,False,False
talassemia minor parto,1,1,1,O9902,O,False,False,False
talasèmia minor,1,1,1,D563,D,False,False,False
talcaje,1,1,1,3492,3,False,False,False
taponamiento nasal,1,1,1,2Y41X5Z,2,False,False,False
taponamiento vagina,1,1,1,2Y44X5Z,2,False,False,False
taponamiento vaginal,1,1,1,2Y44X5Z,2,False,False,False
taquiarritmias auriculares,1,1,1,I471,I,False,False,False
taquicardia,1,1,1,7850,7,False,False,False
taquicardia fetal,1,1,1,O76,O,False,False,False
taquicardia paroxística,1,1,1,I479,I,False,False,False
taquicardia sinusal,1,1,1,R000,R,False,False,False
taquicardica,1,1,1,R000,R,False,False,False
taquipnea,1,1,1,R0682,R,False,False,False
taquipneas,1,1,1,R0682,R,False,False,False
tc abdominal,1,1,1,8801,8,False,False,False
tce,1,1,1,S060X0A,S,False,False,False
tce con pérdida de conciencia,1,1,1,S060X9A,S,False,False,False
tce historia,1,1,1,Z87820,Z,False,False,False
telemetria,1,1,1,8954,8,False,False,False
temblores,1,1,1,R251,R,False,False,False
tendinopatia rotuliana,1,1,1,72664,7,False,False,False
terapia VAC,1,1,1,2W13X7Z,2,False,False,False
teratoma,1,1,1,90800,9,False,False,False
teratoma MEDIASTINO,1,1,1,2125,2,False,False,False
teratoma ovario derecha,1,1,1,D270,D,False,False,False
teratoma ovario derecho,1,1,1,D270,D,False,False,False
teratoma ovario izquierda,1,1,1,D271,D,False,False,False
teratoma ovárico izquierdo,1,1,1,D271,D,False,False,False
tetraparesia,1,1,1,34409,3,False,False,False
tetraparesia espástica,1,1,1,3432,3,False,False,False
"tia paterna , ca de mama",1,1,1,V163,V,False,False,False
timoma,1,1,1,85800,8,False,False,False
timpanoplastia,1,1,1,194,1,False,False,False
tinnitus,1,1,1,H9319,H,False,False,False
tiroidectomía total,1,1,1,064,0,False,False,False
tiroides multinodular,1,1,1,E042,E,False,False,False
tiroides parto,1,1,1,64811,6,False,False,False
tiroiditis autoinmune,1,1,1,E063,E,False,False,False
tiroiditis crónica,1,1,1,E065,E,False,False,False
tm,1,1,1,80001,8,False,False,False
tm vesical,1,1,1,C679,C,False,False,False
tofo gotoso,1,1,1,M1A9XX1,M,False,False,False
toracocentesis izq,1,1,1,0W9B3ZZ,0,False,False,False
toracoscopia,1,1,1,3421,3,False,False,False
torax,1,1,1,8744,8,False,False,False
torcedura,1,1,1,W1840XA,W,False,False,False
torsio ovari,1,1,1,6205,6,False,False,False
torsión,1,1,1,W1849XA,W,False,False,False
torsión de ovario,1,1,1,6205,6,False,False,False
torsión ovárica,1,1,1,6205,6,False,False,False
torsión testicular,1,1,1,N4400,N,False,False,False
torsión testicular derecha,1,1,1,N4400,N,False,False,False
tos crónica,1,1,1,7862,7,False,False,False
tot,1,1,1,5979,5,False,False,False
toxicodermia,1,1,1,L271,L,False,False,False
toxoplasmosis parto,1,1,1,65541,6,False,False,False
tpsv,1,1,1,4270,4,False,False,False
trabajaba,1,1,1,Y990,Y,False,False,False
tractament,1,1,1,9929,9,False,False,False
transevrsa,1,1,1,O322XX0,O,False,False,False
transfusión de 2 CH,1,1,1,30233N1,3,False,False,False
transfusión de 2 concentrados de hematies,1,1,1,30233N1,3,False,False,False
transfusión de 2CCHH,1,1,1,9904,9,False,False,False
transfusión de hemoderivados,1,1,1,30233H1,3,False,False,False
transplant,1,1,1,E8780,E,False,False,False
transplantat pulmonar,1,1,1,Z942,Z,False,False,False
transplante,1,1,1,E8780,E,False,False,False
transplante de progenitores hematopoyéticos,1,1,1,V4282,V,False,False,False
transplante hepático,1,1,1,V427,V,False,False,False
transtorn de l'espectre autista,1,1,1,29900,2,False,False,False
transtorno ansioso depresivo part,1,1,1,O99344,O,False,False,False
transversa 2,1,1,1,O322XX2,O,False,False,False
transversa rn,1,1,1,P031,P,False,False,False
traqueomalacia congenita,1,1,1,7483,7,False,False,False
traqueotomia,1,1,1,V440,V,False,False,False
trasfusión,1,1,1,E8798,E,False,False,False
trasplant,1,1,1,E8780,E,False,False,False
trasplantado renal,1,1,1,Z940,Z,False,False,False
trasplante,1,1,1,E8780,E,False,False,False
trasplante de progenitores hematopoyeticos,1,1,1,V4282,V,False,False,False
trasplante de progenitores hematopoyéticos,1,1,1,V4282,V,False,False,False
trasplante hepático,1,1,1,V427,V,False,False,False
trasplante renal dret,1,1,1,0TY00Z0,0,False,False,False
trastorn d´ansietat generalitzat,1,1,1,F411,F,False,False,False
trastorno adaptativo mixto,1,1,1,F4323,F,False,False,False
trastorno adaptivo,1,1,1,F4320,F,False,False,False
trastorno ansioso,1,1,1,30000,3,False,False,False
trastorno bipolar,1,1,1,F319,F,False,False,False
trastorno bipolar part,1,1,1,O99344,O,False,False,False
trastorno de conducta,1,1,1,F918,F,False,False,False
trastorno de la conducta alimentaria,1,1,1,F509,F,False,False,False
trastorno de la marcha,1,1,1,7812,7,False,False,False
trastorno de la personalidad,1,1,1,F609,F,False,False,False
trastorno de personalidad,1,1,1,F609,F,False,False,False
trastorno esquizo afectivo,1,1,1,F259,F,False,False,False
trastorno esquizoafectivo,1,1,1,F259,F,False,False,False
trastorno límite de personalidad,1,1,1,30183,3,False,False,False
tratamiento,1,1,1,9929,9,False,False,False
tratamiento analgésico,1,1,1,9929,9,False,False,False
tratamiento deplectivo,1,1,1,3E033GC,3,False,False,False
tratamiento quimioterápico,1,1,1,V5811,V,False,False,False
tratamiento quimoterápico,1,1,1,V5811,V,False,False,False
traumatismo,1,1,1,E9289,E,False,False,False
traumática,1,1,1,E9289,E,False,False,False
triple By-Pass,1,1,1,Z951,Z,False,False,False
triple by-pass coronario,1,1,1,Z951,Z,False,False,False
triple bypass,1,1,1,Z951,Z,False,False,False
trismus,1,1,1,7810,7,False,False,False
trombo vena poplítea izquierda,1,1,1,I82432,I,False,False,False
trombocitopenia,1,1,1,D691,D,False,False,False
trombocitopenia part,1,1,1,64931,6,False,False,False
trombocitosi,1,1,1,23871,2,False,False,False
trombocitosis parto,1,1,1,O9912,O,False,False,False
trombopenia PARTO,1,1,1,O9912,O,False,False,False
tráfico,1,1,1,E8495,E,False,False,False
tto,1,1,1,3E033GC,3,False,False,False
tto im,1,1,1,3E023GC,3,False,False,False
tuberculosis,1,1,1,A159,A,False,False,False
tubulopatía renal,1,1,1,N170,N,False,False,False
tumerectomía mama der,1,1,1,0HBT0ZZ,0,False,False,False
tumerectomía mama derecha,1,1,1,8521,8,False,False,False
tumor,1,1,1,80001,8,False,False,False
tumor filodes benigno,1,1,1,90200,9,False,False,False
tumor mucinoso borderline ovario izq,1,1,1,D271,D,False,False,False
tumoracion,1,1,1,80001,8,False,False,False
tumorecTOMÍA DE MAMA IZQUIERDA,1,1,1,0HBU0ZZ,0,False,False,False
tumorecTOMÍA MAMA DERECHA,1,1,1,0HBT0ZZ,0,False,False,False
tumorectomia,1,1,1,8521,8,False,False,False
tumorectomia MAMA DERECHA,1,1,1,0HBT0ZZ,0,False,False,False
tumorectomia MAMA IZQUIERDA,1,1,1,0HBU0ZZ,0,False,False,False
tumorectomia Mama der,1,1,1,0HBT0ZZ,0,False,False,False
tumorectomia Mama izquierda,1,1,1,0HBU0ZZ,0,False,False,False
tumorectomia UQSMD,1,1,1,8521,8,False,False,False
tumorectomia derecha,1,1,1,8521,8,False,False,False
tumorectomia mama der,1,1,1,0HBT0ZZ,0,False,False,False
tumorectomia mama derecha,1,1,1,0HBT0ZZ,0,False,False,False
tumorectomia mama izq,1,1,1,0HBU0ZZ,0,False,False,False
tumorectomia mamaria izquierda,1,1,1,0HBU0ZZ,0,False,False,False
tumorectomía Mama izquierda,1,1,1,0HBU0ZZ,0,False,False,False
tumorectomía de mama izquierda,1,1,1,0HBU0ZZ,0,False,False,False
tumorectomía der,1,1,1,0HBT0ZZ,0,False,False,False
tumorectomía mama d,1,1,1,0HBT0ZZ,0,False,False,False
tumorectomía mama izq,1,1,1,0HBU0ZZ,0,False,False,False
tunel carpiano,1,1,1,G5600,G,False,False,False
tunel carpiano bilateral,1,1,1,G5603,G,False,False,False
turbinectomía bilateral,1,1,1,2169,2,False,False,False
turbinoplastia,1,1,1,J343,J,False,False,False
tvp historia,1,1,1,Z86718,Z,False,False,False
uce,1,1,1,1748,1,False,False,False
ulcera esofágica,1,1,1,53020,5,False,False,False
umf,1,1,1,O358XX0,O,False,False,False
una circulares,1,1,1,O6981X0,O,False,False,False
urbason,1,1,1,9923,9,False,False,False
ureaplasma,1,1,1,04181,0,False,False,False
ureaplasma urealyticum,1,1,1,04185,0,False,False,False
ureterohidronefrosi,1,1,1,591,5,False,False,False
ureteroscopia,1,1,1,0TJ98ZZ,0,False,False,False
ureteroscopia izquierda,1,1,1,0TJ98ZZ,0,False,False,False
ureterostomía,1,1,1,Z936,Z,False,False,False
uretrocele,1,1,1,N810,N,False,False,False
uretroplastia,1,1,1,0TQD0ZZ,0,False,False,False
urocultivo positivo,1,1,1,N390,N,False,False,False
urocultivos,1,1,1,N390,N,False,False,False
uroquinasa,1,1,1,3E0L3TZ,3,False,False,False
urétero-hidronefrosis derecha,1,1,1,N1330,N,False,False,False
uréterohidronefrosis,1,1,1,N1330,N,False,False,False
utero doble parto,1,1,1,Q5120,Q,False,False,False
utero septo,1,1,1,Q5128,Q,False,False,False
utero septo parto,1,1,1,O3403,O,False,False,False
uveítis anterior,1,1,1,H209,H,False,False,False
uñas encarnadas,1,1,1,L600,L,False,False,False
v103,1,1,1,Z853,Z,False,False,False
v1083,1,1,1,Z85828,Z,False,False,False
v1259,1,1,1,Z8679,Z,False,False,False
v13.59,1,1,1,Z8739,Z,False,False,False
v13.67,1,1,1,Z87738,Z,False,False,False
v133,1,1,1,Z872,Z,False,False,False
v14.8,1,1,1,Z888,Z,False,False,False
v1509,1,1,1,Z91048,Z,False,False,False
v1551,1,1,1,Z8781,Z,False,False,False
v271,1,1,1,Z371,Z,False,False,False
v420,1,1,1,Z940,Z,False,False,False
vaciamiento cervical izquierda,1,1,1,4041,4,False,False,False
vaciamiento ganglionar,1,1,1,4041,4,False,False,False
vacum,1,1,1,10D07Z6,1,False,False,False
vacuna triple vírica,1,1,1,3E0234Z,3,False,False,False
vacuum,1,1,1,10D07Z6,1,False,False,False
vacuum rn,1,1,1,7633,7,False,False,False
vaginitis,1,1,1,61610,6,False,False,False
vaginits parto,1,1,1,O23593,O,False,False,False
vaginosis,1,1,1,61610,6,False,False,False
vagintis,1,1,1,61610,6,False,False,False
valvula ventriculo peritoneal,1,1,1,V452,V,False,False,False
valvulopatía aórtica,1,1,1,4241,4,False,False,False
valvulopatía mitroaortica,1,1,1,I080,I,False,False,False
varices,1,1,1,I8390,I,False,False,False
varices esofágicas,1,1,1,I8510,I,False,False,False
varices part,1,1,1,O2203,O,False,False,False
varices parto,1,1,1,O2203,O,False,False,False
variz esófagica,1,1,1,I8500,I,False,False,False
varón,1,1,1,V270,V,False,False,False
vasa previa,1,1,1,O694XX0,O,False,False,False
vasculitis,1,1,1,I776,I,False,False,False
vasculitis leucocitoclástica,1,1,1,M310,M,False,False,False
vasculitis pulmonar,1,1,1,I288,I,False,False,False
vaso vagales,1,1,1,R55,R,False,False,False
vejiga hiperactiva,1,1,1,N3281,N,False,False,False
vejiga neurógena,1,1,1,N319,N,False,False,False
venoclisis,1,1,1,05HY33Z,0,False,False,False
ventilación no invasiva,1,1,1,5A09557,5,False,False,False
ventosa episio,1,1,1,7271,7,False,False,False
ventosa fallida,1,1,1,66071,6,False,False,False
verruga vulva,1,1,1,B079,B,False,False,False
verruga vulvar,1,1,1,B079,B,False,False,False
versión cefálica externa,1,1,1,10S0XZZ,1,False,False,False
vertiginoso,1,1,1,3869,3,False,False,False
vertiginoso periférico,1,1,1,H81399,H,False,False,False
vessament pleural,1,1,1,J90,J,False,False,False
vessament pleural dret,1,1,1,J90,J,False,False,False
vetigen periférico,1,1,1,3869,3,False,False,False
vhb,1,1,1,B181,B,False,False,False
vhc,1,1,1,B182,B,False,False,False
vhc parto,1,1,1,O9842,O,False,False,False
via central,1,1,1,3893,3,False,False,False
via publica,1,1,1,Y92410,Y,False,False,False
via pública,1,1,1,Y92410,Y,False,False,False
video EEG,1,1,1,4A10X4Z,4,False,False,False
vih,1,1,1,Z21,Z,False,False,False
vin III,1,1,1,23332,2,False,False,False
vino,1,1,1,F1010,F,False,False,False
virus Zika,1,1,1,0663,0,False,False,False
visión borrosa,1,1,1,H538,H,False,False,False
vitrectomia,1,1,1,1474,1,False,False,False
vitrectomia anterior,1,1,1,1473,1,False,False,False
vitrectomies od,1,1,1,08B43ZZ,0,False,False,False
vitrectomía anterior,1,1,1,1473,1,False,False,False
vive en Residencia,1,1,1,Z593,Z,False,False,False
vive en la calle,1,1,1,Z590,Z,False,False,False
vive en residencia,1,1,1,Z593,Z,False,False,False
vive solo,1,1,1,V603,V,False,False,False
vm,1,1,1,5A1945Z,5,False,False,False
vm 1,1,1,1,5A1935Z,5,False,False,False
vomitar,1,1,1,R1110,R,False,False,False
vomitos,1,1,1,R1110,R,False,False,False
vomitos biliosos,1,1,1,R1114,R,False,False,False
vomitos qx,1,1,1,99749,9,False,False,False
vomits,1,1,1,78703,7,False,False,False
vommitos,1,1,1,R1110,R,False,False,False
von Willebrand parto,1,1,1,O9912,O,False,False,False
vuelta de cordón laxa,1,1,1,O6981X0,O,False,False,False
vulvectomía parcial,1,1,1,7161,7,False,False,False
vértigo paroxístico benigno,1,1,1,38611,3,False,False,False
vía central,1,1,1,02HV33Z,0,False,False,False
vía periférica,1,1,1,Y848,Y,False,False,False
vía pública,1,1,1,Y92410,Y,False,False,False
vía venosa,1,1,1,05HY33Z,0,False,False,False
vídeoEEG,1,1,1,4A10X4Z,4,False,False,False
vómitos,1,1,1,78703,7,False,False,False
vómitos biliosos,1,1,1,R1114,R,False,False,False
y protesis,1,1,1,Y831,Y,False,False,False
y831,1,1,1,Y831,Y,False,False,False
y836,1,1,1,Y836,Y,False,False,False
z-plastia,1,1,1,8684,8,False,False,False
z20822,1,1,1,Z20822,Z,False,False,False
z302,1,1,1,Z302,Z,False,False,False
z8739,1,1,1,Z8739,Z,False,False,False
z906,1,1,1,Z906,Z,False,False,False
Íleo paralítico postquirurgico,1,1,1,K9189,K,False,False,False
ÓSEA,1,1,1,C7951,C,False,False,False
Óbito Fetal,1,1,1,O364XX0,O,False,False,False
ÚTERO MIOMATOSO,1,1,1,D259,D,False,False,False
ÚTERO POLIMIOMATOSO,1,1,1,D259,D,False,False,False
Úlcera corneal OD,1,1,1,H16001,H,False,False,False
Úlcera duodenal,1,1,1,53290,5,False,False,False
Úlcera gástrica,1,1,1,K259,K,False,False,False
Úlcera peu,1,1,1,70715,7,False,False,False
Úlcera sacra grado III,1,1,1,L89153,L,False,False,False
Úlcus duodenal,1,1,1,K269,K,False,False,False
Útero miomatoso,1,1,1,2189,2,False,False,False
Útero miomatoso parto,1,1,1,D259,D,False,False,False
Ürticaria crónica,1,1,1,L508,L,False,False,False
íleo paralítico,1,1,1,5601,5,False,False,False
íleo paralítico 2,1,1,1,99749,9,False,False,False
íleo paralítico qx,1,1,1,99749,9,False,False,False
úlcera gástrica parto,1,1,1,O9962,O,False,False,False
úlcera sacra grado IV,1,1,1,L89154,L,False,False,False
úlceras vulva,1,1,1,N766,N,False,False,False
útero arcuato parto,1,1,1,O3403,O,False,False,False
útero bicorne,1,1,1,75234,7,False,False,False
útero doble,1,1,1,Q5120,Q,False,False,False
útero miomatoso,1,1,1,D259,D,False,False,False
útero miomatoso part,1,1,1,O3413,O,False,False,False
útero miomatoso parto,1,1,1,D259,D,False,False,False
útero polimiomatoso,1,1,1,D259,D,False,False,False
útero septo,1,1,1,75235,7,False,False,False
útero unicorne,1,1,1,75233,7,False,False,False
